Annee;UAI;Region;Code_region;Département;Académie;Code académie;Code_departement;Commune;Code_commune;Collège tête de réseau;Classement_Education_prioritaire;latitude;longitude;position
2017;0691669P;Auvergne-Rhône-Alpes;84;Rhône;Lyon;10;69;Lyon 8e  Arrondissement;69388;VICTOR GRIGNARD;REP;45.72483542490782;4.882624068636099;45.72483542490782, 4.882624068636099
2019;0692343X;Auvergne-Rhône-Alpes;84;Rhône;Lyon;10;69;Vénissieux;69259;ELSA TRIOLET;REP+;45.69701215351381;4.866453033184436;45.69701215351381, 4.866453033184436
2018;0420916T;Auvergne-Rhône-Alpes;84;Loire;Lyon;10;42;Saint-Etienne;42218;PUITS DE LA LOIRE;REP;45.444862713347334;4.372745904122476;45.444862713347334, 4.372745904122476
2019;0622943M;Hauts-de-France;32;Pas-de-Calais;Lille;09;62;Courcelles-lès-Lens;62249;ADULPHE DELEGORGUE;REP;50.41517287550865;3.0152801884425764;50.41517287550865, 3.0152801884425764
2015;9740085Z;La Réunion;04;La Réunion;La Réunion;28;974;Les Trois-Bassins;97423;TROIS BASSINS;REP;-21.103810701402086;55.29640828441902;-21.103810701402086, 55.29640828441902
2017;0511802G;Grand Est;44;Marne;Reims;19;51;Reims;51454;GEORGES BRAQUE;REP+;49.22324921302735;4.017080105216009;49.22324921302735, 4.017080105216009
2016;0330163Y;Nouvelle-Aquitaine;75;Gironde;Bordeaux;04;33;Sainte-Foy-la-Grande;33402;ELIE FAURE;REP;44.84254478607467;0.20318485316510362;44.84254478607467, 0.20318485316510362
2017;0061211J;Provence-Alpes-Côte d'Azur;93;Alpes-Maritimes;Nice;23;06;Vallauris;06155;PABLO PICASSO;REP;43.58031470845931;7.056731777062506;43.58031470845931, 7.056731777062506
2016;0100905E;Grand Est;44;Aube;Reims;19;10;Romilly-sur-Seine;10323;LE NOYER MARCHAND;REP;48.51832691494622;3.7193732390527847;48.51832691494622, 3.7193732390527847
2016;0131887F;Provence-Alpes-Côte d'Azur;93;Bouches-du-Rhône;Aix-Marseille;02;13;Marseille 15e  Arrondissement;13215;ELSA TRIOLET;REP+;43.37143648119913;5.355300391983345;43.37143648119913, 5.355300391983345
2019;0132327J;Provence-Alpes-Côte d'Azur;93;Bouches-du-Rhône;Aix-Marseille;02;13;Miramas;13063;MIRAMARIS;REP+;43.59320165356297;5.010470120513064;43.59320165356297, 5.010470120513064
2015;0251080N;Bourgogne-Franche-Comté;27;Doubs;Besançon;03;25;Besançon;25056;DIDEROT;REP+;47.22135259462659;5.971546674758418;47.22135259462659, 5.971546674758418
2015;0271237Y;Normandie;28;Eure;Rouen;21;27;Evreux;27229;PABLO NERUDA;REP+;49.006953303472834;1.1603240039988747;49.006953303472834, 1.1603240039988747
2016;0300025P;Occitanie;76;Gard;Montpellier;11;30;Nîmes;30189;ROMAIN ROLLAND;REP+;43.84465289564224;4.390213911640572;43.84465289564224, 4.390213911640572
2018;0301013N;Occitanie;76;Gard;Montpellier;11;30;Alès;30007;JEAN MOULIN;REP+;44.13184492083302;4.077634971417073;44.13184492083302, 4.077634971417073
2018;0301014P;Occitanie;76;Gard;Montpellier;11;30;Alès;30007;DENIS DIDEROT;REP;44.132806298096284;4.078730529941349;44.132806298096284, 4.078730529941349
2017;0341592W;Occitanie;76;Hérault;Montpellier;11;34;Montpellier;34172;MARCEL PAGNOL;REP;43.596447691727064;3.846735418016563;43.596447691727064, 3.846735418016563
2018;0382110M;Auvergne-Rhône-Alpes;84;Isère;Grenoble;08;38;Pont-de-Chéruy;38316;LE GRAND CHAMP;REP;45.75803081395993;5.174668821271615;45.75803081395993, 5.174668821271615
2016;0421852K;Auvergne-Rhône-Alpes;84;Loire;Lyon;10;42;Mably;42127;LOUIS ARAGON;REP;46.081430408142595;4.0733649377455485;46.081430408142595, 4.0733649377455485
2016;0440284V;Pays de la Loire;52;Loire-Atlantique;Nantes;17;44;Nantes;44109;STENDHAL;REP+;47.26145063380694;-1.569732940833821;47.26145063380694, -1.569732940833821
2017;0441727N;Pays de la Loire;52;Loire-Atlantique;Nantes;17;44;Donges;44052;ARTHUR RIMBAUD;REP;47.321931971539954;-2.073987022294848;47.321931971539954, -2.073987022294848
2018;0441727N;Pays de la Loire;52;Loire-Atlantique;Nantes;17;44;Donges;44052;ARTHUR RIMBAUD;REP;47.321931971539954;-2.073987022294848;47.321931971539954, -2.073987022294848
2019;0500053L;Normandie;28;Manche;Caen;05;50;Périers;50394;LE FAIRAGE;REP;49.18425879565588;-1.4037451208714196;49.18425879565588, -1.4037451208714196
2016;0510044W;Grand Est;44;Marne;Reims;19;51;Reims;51454;COLBERT;REP+;49.28297612839761;4.021845641172637;49.28297612839761, 4.021845641172637
2019;0520822L;Grand Est;44;Haute-Marne;Reims;19;52;Joinville;52250;CRESSOT;REP;48.4417157960928;5.153097596469146;48.4417157960928, 5.153097596469146
2015;0541469D;Grand Est;44;Meurthe-et-Moselle;Nancy-Metz;12;54;Laxou;54304;LA FONTAINE;REP+;48.69846278531934;6.134792562369573;48.69846278531934, 6.134792562369573
2017;0541515D;Grand Est;44;Meurthe-et-Moselle;Nancy-Metz;12;54;Vandoeuvre-lès-Nancy;54547;SIMONE DE BEAUVOIR (HAUT DE PENOY);REP;48.651746885154395;6.17468152058394;48.651746885154395, 6.17468152058394
2017;0572487U;Grand Est;44;Moselle;Nancy-Metz;12;57;L'Hôpital;57336;FRANCOIS RABELAIS;REP;49.1629195731653;6.744415378946826;49.1629195731653, 6.744415378946826
2019;0572487U;Grand Est;44;Moselle;Nancy-Metz;12;57;L'Hôpital;57336;FRANCOIS RABELAIS;REP;49.1629195731653;6.744415378946826;49.1629195731653, 6.744415378946826
2015;0572579U;Grand Est;44;Moselle;Nancy-Metz;12;57;Woippy;57751;JULES FERRY;REP+;49.148211624936835;6.168932695830691;49.148211624936835, 6.168932695830691
2019;0573268T;Grand Est;44;Moselle;Nancy-Metz;12;57;Behren-lès-Forbach;57058;ROBERT SCHUMAN;REP+;49.16571242081087;6.934232994852079;49.16571242081087, 6.934232994852079
2015;0580005R;Bourgogne-Franche-Comté;27;Nièvre;Dijon;07;58;Château-Chinon (Ville);58062;BIBRACTE;REP;47.05796324794272;3.930724852309485;47.05796324794272, 3.930724852309485
2014;0601190T;Hauts-de-France;32;Oise;Amiens;20;60;Beauvais;60057;CHARLES FAUQUEUX;REP+;49.41636223062097;2.080824472473269;49.41636223062097, 2.080824472473269
2016;0601297J;Hauts-de-France;32;Oise;Amiens;20;60;Noyon;60471;LOUIS PASTEUR;REP;49.58549250764419;3.015309560553724;49.58549250764419, 3.015309560553724
2017;0601718S;Hauts-de-France;32;Oise;Amiens;20;60;Méru;60395;PIERRE MENDES FRANCE;REP;49.23013888034001;2.1407553941368223;49.23013888034001, 2.1407553941368223
2016;0611026J;Normandie;28;Orne;Caen;05;61;Alençon;61001;LOUISE MICHEL;REP+;48.41269321117825;0.09501263047424259;48.41269321117825, 0.09501263047424259
2017;0631199L;Auvergne-Rhône-Alpes;84;Puy-de-Dôme;Clermont-Ferrand;06;63;Clermont-Ferrand;63113;LA CHARME;REP+;45.79772571347159;3.1200387893105104;45.79772571347159, 3.1200387893105104
2015;0631522M;Auvergne-Rhône-Alpes;84;Puy-de-Dôme;Clermont-Ferrand;06;63;Clermont-Ferrand;63113;ALBERT CAMUS;REP+;45.80771203575575;3.1076621047125155;45.80771203575575, 3.1076621047125155
2015;0660051X;Occitanie;76;Pyrénées-Orientales;Montpellier;11;66;Perpignan;66136;ALBERT CAMUS;REP;42.69115421832449;2.909024832548399;42.69115421832449, 2.909024832548399
2015;0670066H;Grand Est;44;Bas-Rhin;Strasbourg;15;67;Schiltigheim;67447;ROUGET DE LISLE;REP;48.60889386260531;7.768346112428024;48.60889386260531, 7.768346112428024
2018;0680105V;Grand Est;44;Haut-Rhin;Strasbourg;15;68;Mulhouse;68224;KENNEDY;REP+;47.74948473197153;7.333422372433982;47.74948473197153, 7.333422372433982
2017;0680111B;Grand Est;44;Haut-Rhin;Strasbourg;15;68;Mulhouse;68224;SAINT-EXUPERY;REP+;47.75913190321395;7.365076622454544;47.75913190321395, 7.365076622454544
2017;0691498D;Auvergne-Rhône-Alpes;84;Rhône;Lyon;10;69;Rillieux-la-Pape;69286;MARIA CASARES;REP+;45.81768929664611;4.899690581547433;45.81768929664611, 4.899690581547433
2015;0720902P;Pays de la Loire;52;Sarthe;Nantes;17;72;Le Mans;72181;PIERRE GILLES DE GENNES (MAROC HUCHEPIE);REP;47.96815808257968;0.1988030040115398;47.96815808257968, 0.1988030040115398
2016;0720989J;Pays de la Loire;52;Sarthe;Nantes;17;72;Sablé-sur-Sarthe;72264;SIMONE VEIL (ANJOU);REP;47.831908957860804;-0.3224954408770168;47.831908957860804, -0.3224954408770168
2017;0761647C;Normandie;28;Seine-Maritime;Rouen;21;76;Saint-Etienne-du-Rouvray;76575;PAUL ELUARD;REP;49.390803287807294;1.1003915511788311;49.390803287807294, 1.1003915511788311
2019;0762128A;Normandie;28;Seine-Maritime;Rouen;21;76;Le Havre;76351;LEO LAGRANGE;REP;49.50186807065949;0.16517192604474898;49.50186807065949, 0.16517192604474898
2019;0762133F;Normandie;28;Seine-Maritime;Rouen;21;76;Saint-Etienne-du-Rouvray;76575;PABLO PICASSO;REP;49.37870843212924;1.10480465339136;49.37870843212924, 1.10480465339136
2018;0770033T;Ile-de-France;11;Seine-et-Marne;Créteil;24;77;Melun;77288;LES CAPUCINS;REP+;48.552090058093846;2.661565970793356;48.552090058093846, 2.661565970793356
2019;0771172F;Ile-de-France;11;Seine-et-Marne;Créteil;24;77;Meaux;77284;ALBERT CAMUS;REP+;48.947678338570476;2.9090223532539734;48.947678338570476, 2.9090223532539734
2019;0771420A;Ile-de-France;11;Seine-et-Marne;Créteil;24;77;Meaux;77284;BEAUMARCHAIS;REP;48.948223844510835;2.912188865176466;48.948223844510835, 2.912188865176466
2015;0791002K;Nouvelle-Aquitaine;75;Deux-Sèvres;Poitiers;13;79;Thouars;79329;JEAN ROSTAND;REP;46.973943256506864;-0.18991866628336002;46.973943256506864, -0.18991866628336002
2015;0801264P;Hauts-de-France;32;Somme;Amiens;20;80;Amiens;80021;ROSA PARKS (ETOUVIE);REP+;49.918082523847424;2.2526129792824383;49.918082523847424, 2.2526129792824383
2018;0830834F;Provence-Alpes-Côte d'Azur;93;Var;Nice;23;83;Fréjus;83061;ANDRE LEOTARD;REP;43.43752209311239;6.7572839699565845;43.43752209311239, 6.7572839699565845
2017;0830953K;Provence-Alpes-Côte d'Azur;93;Var;Nice;23;83;Toulon;83137;PEIRESC;REP;43.124410625407464;5.934668706237845;43.124410625407464, 5.934668706237845
2015;0840033E;Provence-Alpes-Côte d'Azur;93;Vaucluse;Aix-Marseille;02;84;Sorgues;84129;VOLTAIRE;REP;44.00953101963995;4.874862345856605;44.00953101963995, 4.874862345856605
2017;0840033E;Provence-Alpes-Côte d'Azur;93;Vaucluse;Aix-Marseille;02;84;Sorgues;84129;VOLTAIRE;REP;44.00953101963995;4.874862345856605;44.00953101963995, 4.874862345856605
2018;0851163C;Pays de la Loire;52;Vendée;Nantes;17;85;La Châtaigneraie;85059;PIERRE MENDES FRANCE;REP;46.65198945998493;-0.7471690342822964;46.65198945998493, -0.7471690342822964
2015;0860723U;Nouvelle-Aquitaine;75;Vienne;Poitiers;13;86;Poitiers;86194;PIERRE DE RONSARD;REP;46.569223242735816;0.34996530967685624;46.569223242735816, 0.34996530967685624
2017;0881099S;Grand Est;44;Vosges;Nancy-Metz;12;88;Saint-Dié-des-Vosges;88413;JOSEPH-JULIEN SOUHAIT;REP;48.281066500528894;6.967291505973852;48.281066500528894, 6.967291505973852
2018;0881145S;Grand Est;44;Vosges;Nancy-Metz;12;88;Charmes;88090;MAURICE BARRES;REP;48.36773262718728;6.289646442392442;48.36773262718728, 6.289646442392442
2018;0890024T;Bourgogne-Franche-Comté;27;Yonne;Dijon;07;89;Saint-Florentin;89345;MARCEL AYME;REP;48.00107366411931;3.7248371184034577;48.00107366411931, 3.7248371184034577
2016;0930865K;Ile-de-France;11;Seine-Saint-Denis;Créteil;24;93;Saint-Denis;93066;JEAN LURCAT;REP+;48.935717664980714;2.3798522365084533;48.935717664980714, 2.3798522365084533
2019;0931188L;Ile-de-France;11;Seine-Saint-Denis;Créteil;24;93;La Courneuve;93027;RAYMOND POINCARE;REP+;48.929472614370944;2.391703841222832;48.929472614370944, 2.391703841222832
2016;0931202B;Ile-de-France;11;Seine-Saint-Denis;Créteil;24;93;Drancy;93029;LIBERTE;REP;48.91398000565638;2.4500203291017235;48.91398000565638, 2.4500203291017235
2015;0931206F;Ile-de-France;11;Seine-Saint-Denis;Créteil;24;93;Villetaneuse;93079;JEAN VILAR;REP+;48.95284036866517;2.3434594675069613;48.95284036866517, 2.3434594675069613
2018;0931216S;Ile-de-France;11;Seine-Saint-Denis;Créteil;24;93;Pantin;93055;JEAN JAURES;REP+;48.915478477507996;2.411462515764594;48.915478477507996, 2.411462515764594
2015;0931217T;Ile-de-France;11;Seine-Saint-Denis;Créteil;24;93;Pantin;93055;IRENE ET FREDERIC JOLIOT CURIE;REP;48.891493456116365;2.405537720869992;48.891493456116365, 2.405537720869992
2014;0931221X;Ile-de-France;11;Seine-Saint-Denis;Créteil;24;93;Clichy-sous-Bois;93014;LOUISE MICHEL;REP+;48.907316488005385;2.533836070325916;48.907316488005385, 2.533836070325916
2019;0931221X;Ile-de-France;11;Seine-Saint-Denis;Créteil;24;93;Clichy-sous-Bois;93014;LOUISE MICHEL;REP+;48.907316488005385;2.533836070325916;48.907316488005385, 2.533836070325916
2015;0931224A;Ile-de-France;11;Seine-Saint-Denis;Créteil;24;93;Pierrefitte-sur-Seine;93059;PABLO NERUDA;REP;48.96900520558446;2.3666350458880605;48.96900520558446, 2.3666350458880605
2016;0931225B;Ile-de-France;11;Seine-Saint-Denis;Créteil;24;93;Stains;93072;JOLIOT CURIE;REP+;48.9565325903814;2.3853256347000116;48.9565325903814, 2.3853256347000116
2019;0931231H;Ile-de-France;11;Seine-Saint-Denis;Créteil;24;93;Saint-Denis;93066;PIERRE DE GEYTER;REP;48.93377244124233;2.3499707099871276;48.93377244124233, 2.3499707099871276
2015;0931232J;Ile-de-France;11;Seine-Saint-Denis;Créteil;24;93;Saint-Denis;93066;HENRI BARBUSSE;REP;48.939638730713206;2.3772882388315026;48.939638730713206, 2.3772882388315026
2019;0931377S;Ile-de-France;11;Seine-Saint-Denis;Créteil;24;93;Drancy;93029;JORISSEN;REP;48.91646597239605;2.4698404916640575;48.91646597239605, 2.4698404916640575
2018;0931428X;Ile-de-France;11;Seine-Saint-Denis;Créteil;24;93;Epinay-sur-Seine;93031;JEAN VIGO;REP+;48.95702794912105;2.3004649496347973;48.95702794912105, 2.3004649496347973
2016;0931489N;Ile-de-France;11;Seine-Saint-Denis;Créteil;24;93;Saint-Denis;93066;FEDERICO GARCIA LORCA;REP+;48.924394743649856;2.3727720012393645;48.924394743649856, 2.3727720012393645
2016;0931490P;Ile-de-France;11;Seine-Saint-Denis;Créteil;24;93;Saint-Denis;93066;LA COURTILLE;REP+;48.93995854397324;2.3822643367142105;48.93995854397324, 2.3822643367142105
2016;0931710D;Ile-de-France;11;Seine-Saint-Denis;Créteil;24;93;Noisy-le-Sec;93053;OLYMPE DE GOUGES;REP;48.88785137229671;2.469514062223836;48.88785137229671, 2.469514062223836
2016;0931979W;Ile-de-France;11;Seine-Saint-Denis;Créteil;24;93;Sevran;93071;GEORGES BRASSENS;REP;48.93883487092013;2.538339531152895;48.93883487092013, 2.538339531152895
2017;0931979W;Ile-de-France;11;Seine-Saint-Denis;Créteil;24;93;Sevran;93071;GEORGES BRASSENS;REP;48.93883487092013;2.538339531152895;48.93883487092013, 2.538339531152895
2016;0691799F;Auvergne-Rhône-Alpes;84;Rhône;Lyon;10;69;Vénissieux;69259;LOUIS ARAGON;REP;45.69239330968191;4.888603394298302;45.69239330968191, 4.888603394298302
2018;0691799F;Auvergne-Rhône-Alpes;84;Rhône;Lyon;10;69;Vénissieux;69259;LOUIS ARAGON;REP;45.69239330968191;4.888603394298302;45.69239330968191, 4.888603394298302
2019;9730110G;Guyane;03;Guyane;Guyane;33;973;Saint-Laurent-du-Maroni;97311;EUGENIE TELL-EBOUE;REP+;5.503966415464399;-54.027881321610295;5.503966415464399, -54.027881321610295
2017;0170077S;Nouvelle-Aquitaine;75;Charente-Maritime;Poitiers;13;17;La Rochelle;17300;PIERRE MENDES FRANCE;REP+;46.1692133008575;-1.1787166669195002;46.1692133008575, -1.1787166669195002
2019;0171117X;Nouvelle-Aquitaine;75;Charente-Maritime;Poitiers;13;17;La Rochelle;17300;FABRE D EGLANTINE;REP;46.15199513206427;-1.116581317457312;46.15199513206427, -1.116581317457312
2016;0790945Y;Nouvelle-Aquitaine;75;Deux-Sèvres;Poitiers;13;79;Cerizay;79062;GEORGES CLEMENCEAU;REP;46.81983598618948;-0.6741750322097302;46.81983598618948, -0.6741750322097302
2017;0622578R;Hauts-de-France;32;Pas-de-Calais;Lille;09;62;Sains-en-Gohelle;62737;JEAN ROSTAND;REP;50.44429546357188;2.682390834241664;50.44429546357188, 2.682390834241664
2018;0801443J;Hauts-de-France;32;Somme;Amiens;20;80;Beaucamps-le-Vieux;80062;MAL LECLERC DE HAUTECLOCQUE;REP;49.840610251386366;1.7850473314468809;49.840610251386366, 1.7850473314468809
2016;9730483M;Guyane;03;Guyane;Guyane;33;973;Kourou;97304;JOSEPH HO TEN YOU;REP+;5.158375788005646;-52.64275224461112;5.158375788005646, -52.64275224461112
2015;0290100B;Bretagne;53;Finistère;Rennes;14;29;Brest;29019;PENN AR C'HLEUZ;REP;48.416841111397005;-4.4824385760001535;48.416841111397005, -4.4824385760001535
2019;0290149E;Bretagne;53;Finistère;Rennes;14;29;Brest;29019;KERHALLET;REP;48.40363054978629;-4.510363560787079;48.40363054978629, -4.510363560787079
2016;0291087Z;Bretagne;53;Finistère;Rennes;14;29;Quimper;29232;MAX JACOB;REP;47.98751825049506;-4.131380514595773;47.98751825049506, -4.131380514595773
2016;0350963G;Bretagne;53;Ille-et-Vilaine;Rennes;14;35;Rennes;35238;DES HAUTES OURMES;REP+;48.08946760007525;-1.64941146931163;48.08946760007525, -1.64941146931163
2016;0120004P;Occitanie;76;Aveyron;Toulouse;16;12;Cransac;12083;JEAN JAURES;REP;44.524723447893024;2.282368543724135;44.524723447893024, 2.282368543724135
2015;0311231V;Occitanie;76;Haute-Garonne;Toulouse;16;31;Toulouse;31555;MAURICE BECANNE;REP;43.58437571748683;1.4245663009819267;43.58437571748683, 1.4245663009819267
2018;0311630D;Occitanie;76;Haute-Garonne;Toulouse;16;31;Toulouse;31555;STENDHAL;REP+;43.57809202706454;1.4106443515965383;43.57809202706454, 1.4106443515965383
2019;0311630D;Occitanie;76;Haute-Garonne;Toulouse;16;31;Toulouse;31555;STENDHAL;REP+;43.57809202706454;1.4106443515965383;43.57809202706454, 1.4106443515965383
2016;0380050Y;Auvergne-Rhône-Alpes;84;Isère;Grenoble;08;38;Roussillon;38344;DE L'EDIT;REP;45.368354962382234;4.802908041675792;45.368354962382234, 4.802908041675792
2016;0380065P;Auvergne-Rhône-Alpes;84;Isère;Grenoble;08;38;Saint-Martin-d'Hères;38421;HENRI WALLON;REP;45.17553965675825;5.764599912225057;45.17553965675825, 5.764599912225057
2019;0381810L;Auvergne-Rhône-Alpes;84;Isère;Grenoble;08;38;Fontaine;38169;GERARD PHILIPE;REP;45.19985227600166;5.6784492663384025;45.19985227600166, 5.6784492663384025
2015;0382104F;Auvergne-Rhône-Alpes;84;Isère;Grenoble;08;38;Villefontaine;38553;LOUIS ARAGON;REP;45.618531236473174;5.1497087694466845;45.618531236473174, 5.1497087694466845
2015;0810126X;Occitanie;76;Tarn;Toulouse;16;81;Mazamet;81163;JEAN-LOUIS ETIENNE;REP;43.5050146298112;2.382168508451101;43.5050146298112, 2.382168508451101
2019;0131610E;Provence-Alpes-Côte d'Azur;93;Bouches-du-Rhône;Aix-Marseille;02;13;Arles;13004;VINCENT VAN GOGH;REP;43.67943880232301;4.638130116326001;43.67943880232301, 4.638130116326001
2017;0751707Y;Ile-de-France;11;Paris;Paris;01;75;Paris 19e  Arrondissement;75119;EDOUARD PAILLERON;REP;48.88124786463433;2.37869142490499;48.88124786463433, 2.37869142490499
2018;9760219J;Mayotte;06;Mayotte;Mayotte;43;976;Mamoudzou;97611;DE M'GOMBANI;REP;-12.780679987606566;45.23170455144827;-12.780679987606566, 45.23170455144827
2017;9760230W;Mayotte;06;Mayotte;Mayotte;43;976;Mtsamboro;97612;DE MTSAMBORO;REP+;-12.685719968279543;45.07615387544766;-12.685719968279543, 45.07615387544766
2017;9760369X;Mayotte;06;Mayotte;Mayotte;43;976;Koungou;97610;DE MAJICAVO;REP+;-12.735749290053134;45.2049713779938;-12.735749290053134, 45.2049713779938
2018;9760369X;Mayotte;06;Mayotte;Mayotte;43;976;Koungou;97610;DE MAJICAVO;REP+;-12.735749290053134;45.2049713779938;-12.735749290053134, 45.2049713779938
2019;0331619F;Nouvelle-Aquitaine;75;Gironde;Bordeaux;04;33;Lormont;33249;GEORGES LAPIERRE;REP+;44.87439740292492;-0.5224067411379382;44.87439740292492, -0.5224067411379382
2016;0932263E;Ile-de-France;11;Seine-Saint-Denis;Créteil;24;93;Villepinte;93078;CAMILLE CLAUDEL;REP;48.952478375012944;2.561792390694863;48.952478375012944, 2.561792390694863
2016;0070006U;Auvergne-Rhône-Alpes;84;Ardèche;Grenoble;08;07;Bourg-Saint-Andéol;07042;LE LAOUL;REP;44.379869391912045;4.641564051489012;44.379869391912045, 4.641564051489012
2017;0040055N;Provence-Alpes-Côte d'Azur;93;Alpes-de-Haute-Provence;Aix-Marseille;02;04;Manosque;04112;JEAN GIONO;REP;43.82531251715252;5.776499993006937;43.82531251715252, 5.776499993006937
2017;0080949N;Grand Est;44;Ardennes;Reims;19;08;Revin;08363;GEORGE SAND;REP;49.93458688259741;4.646499964728705;49.93458688259741, 4.646499964728705
2017;0100947A;Grand Est;44;Aube;Reims;19;10;Troyes;10387;PIERRE ET FRANCOIS PITHOU;REP;48.30754421390066;4.061637592634238;48.30754421390066, 4.061637592634238
2018;0580005R;Bourgogne-Franche-Comté;27;Nièvre;Dijon;07;58;Château-Chinon (Ville);58062;BIBRACTE;REP;47.05796324794272;3.930724852309485;47.05796324794272, 3.930724852309485
2017;0580682B;Bourgogne-Franche-Comté;27;Nièvre;Dijon;07;58;Nevers;58194;LES COURLIS;REP;46.98089342457312;3.1900812152239735;46.98089342457312, 3.1900812152239735
2019;0600007G;Hauts-de-France;32;Oise;Amiens;20;60;Beauvais;60057;HENRI BAUMONT;REP+;49.43936350125355;2.10239377784103;49.43936350125355, 2.10239377784103
2015;0671691Z;Grand Est;44;Bas-Rhin;Strasbourg;15;67;Strasbourg;67482;STOCKFELD;REP;48.53822962103565;7.763942488940324;48.53822962103565, 7.763942488940324
2019;0692157V;Auvergne-Rhône-Alpes;84;Rhône;Lyon;10;69;Décines-Charpieu;69275;GEORGES BRASSENS;REP;45.76861620167588;4.973113661272758;45.76861620167588, 4.973113661272758
2017;0720885W;Pays de la Loire;52;Sarthe;Nantes;17;72;Le Mans;72181;LE RONCERAY;REP+;47.968636973522486;0.20992591135461458;47.968636973522486, 0.20992591135461458
2019;0761703N;Normandie;28;Seine-Maritime;Rouen;21;76;Dieppe;76217;ALBERT CAMUS;REP+;49.92925906931375;1.1043914140734894;49.92925906931375, 1.1043914140734894
2018;0761739C;Normandie;28;Seine-Maritime;Rouen;21;76;Le Havre;76351;DESCARTES;REP+;49.51941332089026;0.1088750141114374;49.51941332089026, 0.1088750141114374
2017;0761780X;Normandie;28;Seine-Maritime;Rouen;21;76;Rouen;76540;GEORGES BRAQUE;REP+;49.451635526235265;1.141275440727884;49.451635526235265, 1.141275440727884
2017;0761783A;Normandie;28;Seine-Maritime;Rouen;21;76;Le Havre;76351;JACQUES MONOD;REP+;49.493022465986854;0.15543052961965706;49.493022465986854, 0.15543052961965706
2018;0761783A;Normandie;28;Seine-Maritime;Rouen;21;76;Le Havre;76351;JACQUES MONOD;REP+;49.493022465986854;0.15543052961965706;49.493022465986854, 0.15543052961965706
2017;0762127Z;Normandie;28;Seine-Maritime;Rouen;21;76;Le Havre;76351;HENRI WALLON;REP+;49.522224770000655;0.11605646683317473;49.522224770000655, 0.11605646683317473
2018;0762127Z;Normandie;28;Seine-Maritime;Rouen;21;76;Le Havre;76351;HENRI WALLON;REP+;49.522224770000655;0.11605646683317473;49.522224770000655, 0.11605646683317473
2018;0762679Z;Normandie;28;Seine-Maritime;Rouen;21;76;Cléon;76178;JACQUES BREL;REP;49.30871952285049;1.0284967152295577;49.30871952285049, 1.0284967152295577
2015;0932366S;Ile-de-France;11;Seine-Saint-Denis;Créteil;24;93;Clichy-sous-Bois;93014;ROBERT DOISNEAU;REP+;48.91255112569176;2.5469240090057186;48.91255112569176, 2.5469240090057186
2017;0940581W;Ile-de-France;11;Val-de-Marne;Créteil;24;94;Chevilly-Larue;94021;JEAN MOULIN;REP;48.774311108658466;2.354999677462201;48.774311108658466, 2.354999677462201
2018;0940581W;Ile-de-France;11;Val-de-Marne;Créteil;24;94;Chevilly-Larue;94021;JEAN MOULIN;REP;48.774311108658466;2.354999677462201;48.774311108658466, 2.354999677462201
2018;0940786U;Ile-de-France;11;Val-de-Marne;Créteil;24;94;Champigny-sur-Marne;94017;LUCIE AUBRAC;REP;48.81900911460025;2.5081796585833844;48.81900911460025, 2.5081796585833844
2016;0940787V;Ile-de-France;11;Val-de-Marne;Créteil;24;94;Chennevières-sur-Marne;94019;NICOLAS BOILEAU;REP;48.80526018792715;2.554708812976008;48.80526018792715, 2.554708812976008
2015;0940791Z;Ile-de-France;11;Val-de-Marne;Créteil;24;94;Villeneuve-Saint-Georges;94078;PIERRE BROSSOLETTE;REP;48.73275912469773;2.4627014018769846;48.73275912469773, 2.4627014018769846
2015;0941015T;Ile-de-France;11;Val-de-Marne;Créteil;24;94;Champigny-sur-Marne;94017;WILLY RONIS;REP;48.825481863315396;2.522608593185134;48.825481863315396, 2.522608593185134
2016;0941036R;Ile-de-France;11;Val-de-Marne;Créteil;24;94;Villejuif;94076;KARL MARX;REP;48.78452529677661;2.360607511461567;48.78452529677661, 2.360607511461567
2017;0941036R;Ile-de-France;11;Val-de-Marne;Créteil;24;94;Villejuif;94076;KARL MARX;REP;48.78452529677661;2.360607511461567;48.78452529677661, 2.360607511461567
2019;0941036R;Ile-de-France;11;Val-de-Marne;Créteil;24;94;Villejuif;94076;KARL MARX;REP;48.78452529677661;2.360607511461567;48.78452529677661, 2.360607511461567
2017;0941299B;Ile-de-France;11;Val-de-Marne;Créteil;24;94;Champigny-sur-Marne;94017;PAUL VAILLANT-COUTURIER;REP;48.813231636116406;2.541229993933963;48.813231636116406, 2.541229993933963
2016;6200041A;Corse;94;Corse-du-Sud;Corse;27;2A;Propriano;2A249;JEAN NICOLI;REP;41.674108399469844;8.900312615770453;41.674108399469844, 8.900312615770453
2016;6200084X;Corse;94;Corse-du-Sud;Corse;27;2A;Ajaccio;2A004;DU STILETTU (LES PADULE);REP;41.935690374984034;8.738529098703887;41.935690374984034, 8.738529098703887
2015;9710025A;Guadeloupe;01;Guadeloupe;Guadeloupe;32;971;Anse-Bertrand;97102;FERNAND BALIN;REP;16.474248573069456;-61.50613107036801;16.474248573069456, -61.50613107036801
2017;9710686U;Guadeloupe;01;Guadeloupe;Guadeloupe;32;971;Pointe-à-Pitre;97120;FRONT DE MER;REP;16.24906289422986;-61.544439820698265;16.24906289422986, -61.544439820698265
2019;9710710V;Guadeloupe;01;Guadeloupe;Guadeloupe;32;971;Les Abymes;97101;ALEXANDRE ISAAC;REP;16.27885123063387;-61.50644991428947;16.27885123063387, -61.50644991428947
2015;9720007A;Martinique;02;Martinique;Martinique;31;972;Fort-de-France;97209;AIME CESAIRE DE FORT-DE-FRANCE;REP+;14.611496649837498;-61.071914909301285;14.611496649837498, -61.071914909301285
2018;9720351Z;Martinique;02;Martinique;Martinique;31;972;La Trinité;97230;DE BEAUSEJOUR;REP;14.745661327847067;-60.949924943708055;14.745661327847067, -60.949924943708055
2018;9720446C;Martinique;02;Martinique;Martinique;31;972;Saint-Pierre;97225;LOUIS DELGRES;REP+;14.74812418796093;-61.176966190469834;14.74812418796093, -61.176966190469834
2018;9720447D;Martinique;02;Martinique;Martinique;31;972;Le Marin;97217;GERARD CAFE;REP;14.471266294635074;-60.862968514055495;14.471266294635074, -60.862968514055495
2018;9730083C;Guyane;03;Guyane;Guyane;33;973;Cayenne;97302;GERARD HOLDER;REP+;4.937231189059073;-52.307901721375174;4.937231189059073, -52.307901721375174
2015;9730091L;Guyane;03;Guyane;Guyane;33;973;Cayenne;97302;PAUL KAPEL;REP+;4.928757216084589;-52.32316802705945;4.928757216084589, -52.32316802705945
2018;9730182K;Guyane;03;Guyane;Guyane;33;973;Matoury;97307;LA CANOPEE;REP+;4.846308746094331;-52.32736208781621;4.846308746094331, -52.32736208781621
2016;9730193X;Guyane;03;Guyane;Guyane;33;973;Maripasoula;97353;GRAN MAN DIFOU;REP+;3.6443175439358924;-54.03658476290652;3.6443175439358924, -54.03658476290652
2017;9730218Z;Guyane;03;Guyane;Guyane;33;973;Matoury;97307;LISE OPHION;REP+;4.889986953284008;-52.34284231738637;4.889986953284008, -52.34284231738637
2016;9730237V;Guyane;03;Guyane;Guyane;33;973;Kourou;97304;VICTOR SCHOELCHER;REP+;5.154257191830882;-52.648870272902585;5.154257191830882, -52.648870272902585
2017;9730248G;Guyane;03;Guyane;Guyane;33;973;Saint-Laurent-du-Maroni;97311;ALBERT LONDRES;REP+;5.472848285109702;-54.03119775434427;5.472848285109702, -54.03119775434427
2016;9730394R;Guyane;03;Guyane;Guyane;33;973;Saint-Laurent-du-Maroni;97311;ARSENE BOUYER D'ANGOMA;REP+;5.4803393568405285;-54.0334947558977;5.4803393568405285, -54.0334947558977
2018;9730394R;Guyane;03;Guyane;Guyane;33;973;Saint-Laurent-du-Maroni;97311;ARSENE BOUYER D'ANGOMA;REP+;5.4803393568405285;-54.0334947558977;5.4803393568405285, -54.0334947558977
2018;9740572D;La Réunion;04;La Réunion;La Réunion;28;974;Saint-Denis;97411;LES DEUX CANONS;REP+;-20.891663373488605;55.47650708149796;-20.891663373488605, 55.47650708149796
2017;9740574F;La Réunion;04;La Réunion;La Réunion;28;974;Saint-Pierre;97416;PAUL HERMANN;REP+;-21.334278368093653;55.46804203609736;-21.334278368093653, 55.46804203609736
2019;9740595D;La Réunion;04;La Réunion;La Réunion;28;974;Saint-Denis;97411;JULES REYDELLET;REP;-20.88392513635319;55.446760225596364;-20.88392513635319, 55.446760225596364
2015;9740596E;La Réunion;04;La Réunion;La Réunion;28;974;Saint-Paul;97415;ANTOINE SOUBOU;REP;-20.999956635355037;55.280169312090436;-20.999956635355037, 55.280169312090436
2018;9740596E;La Réunion;04;La Réunion;La Réunion;28;974;Saint-Paul;97415;ANTOINE SOUBOU;REP;-20.999956635355037;55.280169312090436;-20.999956635355037, 55.280169312090436
2016;9740618D;La Réunion;04;La Réunion;La Réunion;28;974;Saint-Denis;97411;LES ALIZES;REP;-20.899458360412943;55.4854607777731;-20.899458360412943, 55.4854607777731
2017;9740618D;La Réunion;04;La Réunion;La Réunion;28;974;Saint-Denis;97411;LES ALIZES;REP;-20.899458360412943;55.4854607777731;-20.899458360412943, 55.4854607777731
2019;9740620F;La Réunion;04;La Réunion;La Réunion;28;974;Le Tampon;97422;MICHEL DEBRE;REP;-21.217578073671614;55.553972415667666;-21.217578073671614, 55.553972415667666
2016;9740645H;La Réunion;04;La Réunion;La Réunion;28;974;Saint-Denis;97411;MONTGAILLARD;REP+;-20.90259846929564;55.46854848337027;-20.90259846929564, 55.46854848337027
2019;9740703W;La Réunion;04;La Réunion;La Réunion;28;974;Saint-André;97409;CAMBUSTON;REP+;-20.928536902324367;55.64621069259988;-20.928536902324367, 55.64621069259988
2014;9740812P;La Réunion;04;La Réunion;La Réunion;28;974;Le Port;97407;L'OASIS;REP+;-20.94261322516108;55.29947470015649;-20.94261322516108, 55.29947470015649
2016;9741189Z;La Réunion;04;La Réunion;La Réunion;28;974;Saint-Louis;97414;JEAN LAFOSSE;REP+;-21.269082247106468;55.40068377565656;-21.269082247106468, 55.40068377565656
2019;9741386N;La Réunion;04;La Réunion;La Réunion;28;974;Saint-André;97409;CHEMIN MORIN;REP;-20.966294306026278;55.64639715584178;-20.966294306026278, 55.64639715584178
2017;9760162X;Mayotte;06;Mayotte;Mayotte;43;976;Mamoudzou;97611;DE KAWENI 1;REP+;-12.780679987606566;45.23170455144827;-12.780679987606566, 45.23170455144827
2017;9760219J;Mayotte;06;Mayotte;Mayotte;43;976;Mamoudzou;97611;DE M'GOMBANI;REP;-12.780679987606566;45.23170455144827;-12.780679987606566, 45.23170455144827
2018;9760230W;Mayotte;06;Mayotte;Mayotte;43;976;Mtsamboro;97612;DE MTSAMBORO;REP+;-12.685719968279543;45.07615387544766;-12.685719968279543, 45.07615387544766
2015;9760369X;Mayotte;06;Mayotte;Mayotte;43;976;Koungou;97610;DE MAJICAVO;REP+;-12.735749290053134;45.2049713779938;-12.735749290053134, 45.2049713779938
2019;9840022B;TOM et Collectivités territoriales;00;Polynésie Française;Polynésie Française;41;987;Papara;98734;DE PAPARA;REP+;;;
2017;9840233F;TOM et Collectivités territoriales;00;Polynésie Française;Polynésie Française;41;987;Faaa;98715;DE HENRI HIRO (FAAA);REP+;;;
2019;9840233F;TOM et Collectivités territoriales;00;Polynésie Française;Polynésie Française;41;987;Faaa;98715;DE HENRI HIRO (FAAA);REP+;;;
2015;9840360U;TOM et Collectivités territoriales;00;Polynésie Française;Polynésie Française;41;987;Hao;98720;DE HAO;REP+;;;
2017;9840360U;TOM et Collectivités territoriales;00;Polynésie Française;Polynésie Française;41;987;Hao;98720;DE HAO;REP+;;;
2016;9840401N;TOM et Collectivités territoriales;00;Polynésie Française;Polynésie Française;41;987;Makemo;98726;DE MAKEMO;REP+;;;
2018;9840401N;TOM et Collectivités territoriales;00;Polynésie Française;Polynésie Française;41;987;Makemo;98726;DE MAKEMO;REP+;;;
2018;0691730F;Auvergne-Rhône-Alpes;84;Rhône;Lyon;10;69;Vénissieux;69259;PAUL ELUARD;REP+;45.7001179349781;4.86965578916794;45.7001179349781, 4.86965578916794
2016;0311235Z;Occitanie;76;Haute-Garonne;Toulouse;16;31;Toulouse;31555;BELLEFONTAINE;REP+;43.56031402741889;1.4021262906947893;43.56031402741889, 1.4021262906947893
2015;0790004A;Nouvelle-Aquitaine;75;Deux-Sèvres;Poitiers;13;79;Loretz-d'Argenton;79014;MOLIERE;REP;47.08068748791579;-0.27477000244024463;47.08068748791579, -0.27477000244024463
2018;0311718Z;Occitanie;76;Haute-Garonne;Toulouse;16;31;Toulouse;31555;NICOLAS VAUQUELIN;REP;43.58260086861771;1.4012136416218584;43.58260086861771, 1.4012136416218584
2015;0810125W;Occitanie;76;Tarn;Toulouse;16;81;Graulhet;81105;LOUIS PASTEUR;REP;43.76015666419012;1.982896841832042;43.76015666419012, 1.982896841832042
2014;0132785G;Provence-Alpes-Côte d'Azur;93;Bouches-du-Rhône;Aix-Marseille;02;13;Marseille 15e  Arrondissement;13215;ROSA PARKS;REP+;43.331237259962585;5.365677889611877;43.331237259962585, 5.365677889611877
2017;0311265G;Occitanie;76;Haute-Garonne;Toulouse;16;31;Toulouse;31555;ROSA PARKS;REP+;43.640540823474176;1.436666843558543;43.640540823474176, 1.436666843558543
2017;0780255D;Ile-de-France;11;Yvelines;Versailles;25;78;Limay;78335;ALBERT THIERRY;REP;48.99785973231533;1.7480590529897597;48.99785973231533, 1.7480590529897597
2016;0780572Y;Ile-de-France;11;Yvelines;Versailles;25;78;Les Mureaux;78440;PAUL VERLAINE;REP;48.997252663634264;1.9162272404442955;48.997252663634264, 1.9162272404442955
2019;0781896M;Ile-de-France;11;Yvelines;Versailles;25;78;Mantes-la-Jolie;78361;PASTEUR;REP+;48.9940204302503;1.6919869306633348;48.9940204302503, 1.6919869306633348
2017;0781914G;Ile-de-France;11;Yvelines;Versailles;25;78;Les Mureaux;78440;JEAN VILAR;REP;48.977616854721;1.9086280969083045;48.977616854721, 1.9086280969083045
2019;0781955B;Ile-de-France;11;Yvelines;Versailles;25;78;Mantes-la-Jolie;78361;DE GASSICOURT;REP+;49.00177548517439;1.7006107724653186;49.00177548517439, 1.7006107724653186
2017;0910624J;Ile-de-France;11;Essonne;Versailles;25;91;Massy;91377;BLAISE PASCAL;REP;48.733546546599314;2.2952564209461044;48.733546546599314, 2.2952564209461044
2016;0910971L;Ile-de-France;11;Essonne;Versailles;25;91;Viry-Châtillon;91687;LES SABLONS;REP;48.668466485032084;2.3645388015047955;48.668466485032084, 2.3645388015047955
2018;0911024U;Ile-de-France;11;Essonne;Versailles;25;91;Corbeil-Essonnes;91174;LOUISE MICHEL;REP+;48.591938661897096;2.4796494494491625;48.591938661897096, 2.4796494494491625
2018;0911402E;Ile-de-France;11;Essonne;Versailles;25;91;Etampes;91223;DE GUINETTE;REP;48.43661602297895;2.144665889682547;48.43661602297895, 2.144665889682547
2019;0911570M;Ile-de-France;11;Essonne;Versailles;25;91;Corbeil-Essonnes;91174;LEOPOLD SEDAR SENGHOR;REP+;48.615198091949125;2.458096105312862;48.615198091949125, 2.458096105312862
2017;0912196T;Ile-de-France;11;Essonne;Versailles;25;91;Grigny;91286;SONIA DELAUNAY;REP+;48.65298169229743;2.384100172022175;48.65298169229743, 2.384100172022175
2015;0920592U;Ile-de-France;11;Hauts-de-Seine;Versailles;25;92;Colombes;92025;MOULIN JOLY;REP;48.92818035945525;2.2431414753562584;48.92818035945525, 2.2431414753562584
2016;0920594W;Ile-de-France;11;Hauts-de-Seine;Versailles;25;92;Nanterre;92050;REPUBLIQUE;REP;48.90210588734616;2.2064963999114635;48.90210588734616, 2.2064963999114635
2015;0920854D;Ile-de-France;11;Hauts-de-Seine;Versailles;25;92;Clamart;92023;DES PETITS PONTS;REP;48.78768947706803;2.2515796941126833;48.78768947706803, 2.2515796941126833
2016;0921157H;Ile-de-France;11;Hauts-de-Seine;Versailles;25;92;Gennevilliers;92036;EDOUARD VAILLANT;REP;48.923946061564834;2.3008059966651633;48.923946061564834, 2.3008059966651633
2018;0921157H;Ile-de-France;11;Hauts-de-Seine;Versailles;25;92;Gennevilliers;92036;EDOUARD VAILLANT;REP;48.923946061564834;2.3008059966651633;48.923946061564834, 2.3008059966651633
2017;0921675W;Ile-de-France;11;Hauts-de-Seine;Versailles;25;92;Colombes;92025;MARGUERITE DURAS;REP;48.918126488242166;2.2331613005754223;48.918126488242166, 2.2331613005754223
2015;0950039B;Ile-de-France;11;Val-d'Oise;Versailles;25;95;Saint-Ouen-l'Aumône;95572;LE PARC;REP;49.0404350389989;2.1111767643498416;49.0404350389989, 2.1111767643498416
2019;0950723V;Ile-de-France;11;Val-d'Oise;Versailles;25;95;Sarcelles;95585;JEAN LURCAT;REP+;48.97494224382957;2.379570051801814;48.97494224382957, 2.379570051801814
2018;0950939E;Ile-de-France;11;Val-d'Oise;Versailles;25;95;Villiers-le-Bel;95680;LEON BLUM;REP;49.00484986513063;2.4124196194712924;49.00484986513063, 2.4124196194712924
2018;0251395F;Bourgogne-Franche-Comté;27;Doubs;Besançon;03;25;Montbéliard;25388;LOU BLAZER;REP+;47.498410868834725;6.79110536713418;47.498410868834725, 6.79110536713418
2018;0400010U;Nouvelle-Aquitaine;75;Landes;Bordeaux;04;40;Gabarret;40102;JULES FERRY;REP;43.98527944545262;0.006111135857639554;43.98527944545262, 0.006111135857639554
2019;0470046V;Nouvelle-Aquitaine;75;Lot-et-Garonne;Bordeaux;04;47;Fumel;47106;JEAN MONNET;REP;44.498657976290374;0.958768668949156;44.498657976290374, 0.958768668949156
2018;0470677F;Nouvelle-Aquitaine;75;Lot-et-Garonne;Bordeaux;04;47;Agen;47001;DUCOS DU HAURON;REP;44.19488758933929;0.6313271079898402;44.19488758933929, 0.6313271079898402
2019;0501205N;Normandie;28;Manche;Caen;05;50;Cherbourg-en-Cotentin;50129;LES PROVINCES;REP+;49.62796998464379;-1.6298799572344473;49.62796998464379, -1.6298799572344473
2017;0470049Y;Nouvelle-Aquitaine;75;Lot-et-Garonne;Bordeaux;04;47;Villeneuve-sur-Lot;47323;ANATOLE FRANCE;REP;44.40709634399353;0.7167480383076739;44.40709634399353, 0.7167480383076739
2019;0550758A;Grand Est;44;Meuse;Nancy-Metz;12;55;Verdun;55545;MAURICE BARRES;REP;49.152766842436904;5.405023985655487;49.152766842436904, 5.405023985655487
2015;0510052E;Grand Est;44;Marne;Reims;19;51;Sermaize-les-Bains;51531;LOUIS PASTEUR;REP;48.784965984150425;4.908203900551351;48.784965984150425, 4.908203900551351
2018;0760083C;Normandie;28;Seine-Maritime;Rouen;21;76;Oissel;76484;JEAN CHARCOT;REP;49.357936376211995;1.0949990861388395;49.357936376211995, 1.0949990861388395
2017;0590050J;Hauts-de-France;32;Nord;Lille;09;59;Condé-sur-l'Escaut;59153;JOSQUIN DES PRES;REP+;50.4584602905091;3.585310527359675;50.4584602905091, 3.585310527359675
2019;0590050J;Hauts-de-France;32;Nord;Lille;09;59;Condé-sur-l'Escaut;59153;JOSQUIN DES PRES;REP+;50.4584602905091;3.585310527359675;50.4584602905091, 3.585310527359675
2018;0590062X;Hauts-de-France;32;Nord;Lille;09;59;Denain;59172;VILLARS;REP;50.32275987292504;3.3952967071287046;50.32275987292504, 3.3952967071287046
2016;0590200X;Hauts-de-France;32;Nord;Lille;09;59;Dunkerque;59183;ROBESPIERRE;REP;51.03061091688823;2.3519859453729675;51.03061091688823, 2.3519859453729675
2018;0594405T;Hauts-de-France;32;Nord;Lille;09;59;Somain;59574;VICTOR HUGO;REP;50.36153892734891;3.2761862269502635;50.36153892734891, 3.2761862269502635
2016;0596833G;Hauts-de-France;32;Nord;Lille;09;59;Lille;59350;NINA SIMONE (DE WAZEMMES);REP+;50.62421657110629;3.044394796238675;50.62421657110629, 3.044394796238675
2018;0620198D;Hauts-de-France;32;Pas-de-Calais;Lille;09;62;Bruay-la-Buissière;62178;ALBERT CAMUS;REP;50.475474224343714;2.558435030164203;50.475474224343714, 2.558435030164203
2016;0622262X;Hauts-de-France;32;Pas-de-Calais;Lille;09;62;Méricourt;62570;HENRI WALLON;REP;50.41020311008424;2.8770975805740813;50.41020311008424, 2.8770975805740813
2016;0622576N;Hauts-de-France;32;Pas-de-Calais;Lille;09;62;Calais;62193;VAUBAN;REP+;50.948289307754465;1.833167567249563;50.948289307754465, 1.833167567249563
2017;0623918X;Hauts-de-France;32;Pas-de-Calais;Lille;09;62;Calais;62193;MARTIN LUTHER KING;REP+;50.95239038150301;1.8800993924364584;50.95239038150301, 1.8800993924364584
2015;0230507B;Nouvelle-Aquitaine;75;Creuse;Limoges;22;23;Bourganeuf;23030;JEAN PICART LE DOUX;REP;45.95327215447841;1.749399447140099;45.95327215447841, 1.749399447140099
2016;0332082J;Nouvelle-Aquitaine;75;Gironde;Bordeaux;04;33;Bordeaux;33063;EDOUARD VAILLANT;REP;44.86417721399051;-0.5645451466344884;44.86417721399051, -0.5645451466344884
2016;0870729V;Nouvelle-Aquitaine;75;Haute-Vienne;Limoges;22;87;Limoges;87085;PIERRE DE RONSARD;REP+;45.84982733271753;1.2696318103361464;45.84982733271753, 1.2696318103361464
2018;0381907S;Auvergne-Rhône-Alpes;84;Isère;Grenoble;08;38;Vienne;38544;FRANCOIS PONSARD;REP;45.526479780659216;4.877149252538211;45.526479780659216, 4.877149252538211
2016;0110672W;Occitanie;76;Aude;Montpellier;11;11;Carcassonne;11069;JULES VERNE;REP;43.2174450866157;2.3515949040043846;43.2174450866157, 2.3515949040043846
2015;0130007M;Provence-Alpes-Côte d'Azur;93;Bouches-du-Rhône;Aix-Marseille;02;13;Aix-en-Provence;13001;JAS DE BOUFFAN;REP;43.52563802605482;5.420918688465994;43.52563802605482, 5.420918688465994
2018;0131701D;Provence-Alpes-Côte d'Azur;93;Bouches-du-Rhône;Aix-Marseille;02;13;Gardanne;13041;GABRIEL PERI;REP;43.453259711214656;5.470128580643114;43.453259711214656, 5.470128580643114
2015;0160100X;Nouvelle-Aquitaine;75;Charente;Poitiers;13;16;Soyaux;16374;ROMAIN ROLLAND;REP+;45.64885648253459;0.19017191749505458;45.64885648253459, 0.19017191749505458
2018;0160793A;Nouvelle-Aquitaine;75;Charente;Poitiers;13;16;Terres-de-Haute-Charente;16192;JEAN MICHAUD;REP;45.88722927858473;0.5848772783723833;45.88722927858473, 0.5848772783723833
2016;0211225T;Bourgogne-Franche-Comté;27;Côte-d'Or;Dijon;07;21;Chenôve;21166;LE CHAPITRE;REP+;47.29561204768497;5.0035174720635744;47.29561204768497, 5.0035174720635744
2019;0271176G;Normandie;28;Eure;Rouen;21;27;Evreux;27229;JULES MICHELET;REP+;49.00870915262467;1.1652686631221014;49.00870915262467, 1.1652686631221014
2018;0300037C;Occitanie;76;Gard;Montpellier;11;30;Saint-Gilles;30258;JEAN VILAR;REP;43.68571903132634;4.433340756512215;43.68571903132634, 4.433340756512215
2015;0301013N;Occitanie;76;Gard;Montpellier;11;30;Alès;30007;JEAN MOULIN;REP+;44.13184492083302;4.077634971417073;44.13184492083302, 4.077634971417073
2018;0331462K;Nouvelle-Aquitaine;75;Gironde;Bordeaux;04;33;Bordeaux;33063;FRANCISCO GOYA;REP;44.83433606051566;-0.5771063716112431;44.83433606051566, -0.5771063716112431
2019;0331880P;Nouvelle-Aquitaine;75;Gironde;Bordeaux;04;33;Bègles;33039;PABLO NERUDA;REP;44.79419709420395;-0.5623927165244033;44.79419709420395, -0.5623927165244033
2015;0440286X;Pays de la Loire;52;Loire-Atlantique;Nantes;17;44;Nantes;44109;CLAUDE DEBUSSY;REP+;47.20359201918089;-1.6056292775068752;47.20359201918089, -1.6056292775068752
2018;0440348P;Pays de la Loire;52;Loire-Atlantique;Nantes;17;44;Châteaubriant;44036;LA VILLE AUX ROSES;REP;47.7115926492366;-1.3845765477303777;47.7115926492366, -1.3845765477303777
2016;0490042E;Pays de la Loire;52;Maine-et-Loire;Nantes;17;49;Saumur;49328;PIERRE MENDES FRANCE;REP;47.2453730033157;-0.07829134687733849;47.2453730033157, -0.07829134687733849
2018;0490783K;Pays de la Loire;52;Maine-et-Loire;Nantes;17;49;Angers;49007;JEAN MERMOZ;REP;47.451685736805544;-0.5682399539106795;47.451685736805544, -0.5682399539106795
2018;0670066H;Grand Est;44;Bas-Rhin;Strasbourg;15;67;Schiltigheim;67447;ROUGET DE LISLE;REP;48.60889386260531;7.768346112428024;48.60889386260531, 7.768346112428024
2016;0671590P;Grand Est;44;Bas-Rhin;Strasbourg;15;67;Strasbourg;67482;SOPHIE GERMAIN;REP;48.60107038309423;7.719251489407021;48.60107038309423, 7.719251489407021
2016;0680009R;Grand Est;44;Haut-Rhin;Strasbourg;15;68;Colmar;68066;PFEFFEL;REP;48.083933924723226;7.3467454230740765;48.083933924723226, 7.3467454230740765
2015;0720989J;Pays de la Loire;52;Sarthe;Nantes;17;72;Sablé-sur-Sarthe;72264;SIMONE VEIL (ANJOU);REP;47.831908957860804;-0.3224954408770168;47.831908957860804, -0.3224954408770168
2018;0762132E;Normandie;28;Seine-Maritime;Rouen;21;76;Saint-Etienne-du-Rouvray;76575;ROBESPIERRE;REP+;49.39654910603693;1.067786265207497;49.39654910603693, 1.067786265207497
2018;0771420A;Ile-de-France;11;Seine-et-Marne;Créteil;24;77;Meaux;77284;BEAUMARCHAIS;REP;48.948223844510835;2.912188865176466;48.948223844510835, 2.912188865176466
2017;0840007B;Provence-Alpes-Côte d'Azur;93;Vaucluse;Aix-Marseille;02;84;Avignon;84007;JOSEPH ROUMANILLE;REP+;43.93426301817834;4.828267734856219;43.93426301817834, 4.828267734856219
2018;0840114T;Provence-Alpes-Côte d'Azur;93;Vaucluse;Aix-Marseille;02;84;Carpentras;84031;FRANCOIS RASPAIL;REP;44.06582477802571;5.05331555441208;44.06582477802571, 5.05331555441208
2018;0850067L;Pays de la Loire;52;Vendée;Nantes;17;85;Fontenay-le-Comte;85092;ANDRE TIRAQUEAU;REP;46.4631193324006;-0.7787078071032101;46.4631193324006, -0.7787078071032101
2015;0851163C;Pays de la Loire;52;Vendée;Nantes;17;85;La Châtaigneraie;85059;PIERRE MENDES FRANCE;REP;46.65198945998493;-0.7471690342822964;46.65198945998493, -0.7471690342822964
2015;0860702W;Nouvelle-Aquitaine;75;Vienne;Poitiers;13;86;Châtellerault;86066;JEAN-MACE;REP;46.818018360035104;0.5220370136970669;46.818018360035104, 0.5220370136970669
2018;0860702W;Nouvelle-Aquitaine;75;Vienne;Poitiers;13;86;Châtellerault;86066;JEAN-MACE;REP;46.818018360035104;0.5220370136970669;46.818018360035104, 0.5220370136970669
2016;0860799B;Nouvelle-Aquitaine;75;Vienne;Poitiers;13;86;Buxerolles;86041;JULES VERNE;REP;46.59564864186777;0.35677895038977986;46.59564864186777, 0.35677895038977986
2017;0880149J;Grand Est;44;Vosges;Nancy-Metz;12;88;Epinal;88160;SAINT EXUPERY;REP+;48.185798720478864;6.456000415426163;48.185798720478864, 6.456000415426163
2018;0880149J;Grand Est;44;Vosges;Nancy-Metz;12;88;Epinal;88160;SAINT EXUPERY;REP+;48.185798720478864;6.456000415426163;48.185798720478864, 6.456000415426163
2019;0890937K;Bourgogne-Franche-Comté;27;Yonne;Dijon;07;89;Joigny;89206;MARIE-NOEL;REP;47.97606458987342;3.42327926656162;47.97606458987342, 3.42327926656162
2017;0890980G;Bourgogne-Franche-Comté;27;Yonne;Dijon;07;89;Tonnerre;89418;ABEL MINARD;REP;47.863079174723275;3.987936178730635;47.863079174723275, 3.987936178730635
2017;0931184G;Ile-de-France;11;Seine-Saint-Denis;Créteil;24;93;Aubervilliers;93001;JEAN MOULIN;REP+;48.90794499425185;2.3914765741031716;48.90794499425185, 2.3914765741031716
2019;0931190N;Ile-de-France;11;Seine-Saint-Denis;Créteil;24;93;Sevran;93071;EVARISTE GALOIS;REP+;48.944038020987506;2.5204706538929478;48.944038020987506, 2.5204706538929478
2015;0931216S;Ile-de-France;11;Seine-Saint-Denis;Créteil;24;93;Pantin;93055;JEAN JAURES;REP+;48.915478477507996;2.411462515764594;48.915478477507996, 2.411462515764594
2017;0931220W;Ile-de-France;11;Seine-Saint-Denis;Créteil;24;93;Bagnolet;93006;TRAVAIL LANGEVIN;REP;48.87519110272875;2.4240575533915782;48.87519110272875, 2.4240575533915782
2015;0931223Z;Ile-de-France;11;Seine-Saint-Denis;Créteil;24;93;Pierrefitte-sur-Seine;93059;GUSTAVE COURBET;REP;48.94917843236779;2.362944286139678;48.94917843236779, 2.362944286139678
2018;0931231H;Ile-de-France;11;Seine-Saint-Denis;Créteil;24;93;Saint-Denis;93066;PIERRE DE GEYTER;REP;48.93377244124233;2.3499707099871276;48.93377244124233, 2.3499707099871276
2016;0931428X;Ile-de-France;11;Seine-Saint-Denis;Créteil;24;93;Epinay-sur-Seine;93031;JEAN VIGO;REP+;48.95702794912105;2.3004649496347973;48.95702794912105, 2.3004649496347973
2016;0931607S;Ile-de-France;11;Seine-Saint-Denis;Créteil;24;93;Villepinte;93078;JEAN JAURES;REP;48.94914142828419;2.5511504388427246;48.94914142828419, 2.5511504388427246
2018;0931607S;Ile-de-France;11;Seine-Saint-Denis;Créteil;24;93;Villepinte;93078;JEAN JAURES;REP;48.94914142828419;2.5511504388427246;48.94914142828419, 2.5511504388427246
2016;0931788N;Ile-de-France;11;Seine-Saint-Denis;Créteil;24;93;Bondy;93010;HENRI SELLIER;REP;48.900813017871066;2.4923120346503396;48.900813017871066, 2.4923120346503396
2017;0931788N;Ile-de-France;11;Seine-Saint-Denis;Créteil;24;93;Bondy;93010;HENRI SELLIER;REP;48.900813017871066;2.4923120346503396;48.900813017871066, 2.4923120346503396
2015;0932262D;Ile-de-France;11;Seine-Saint-Denis;Créteil;24;93;Sevran;93071;DE LA PLEIADE;REP;48.94846764832858;2.5378348716546046;48.94846764832858, 2.5378348716546046
2018;0932366S;Ile-de-France;11;Seine-Saint-Denis;Créteil;24;93;Clichy-sous-Bois;93014;ROBERT DOISNEAU;REP+;48.91255112569176;2.5469240090057186;48.91255112569176, 2.5469240090057186
2019;0932582B;Ile-de-France;11;Seine-Saint-Denis;Créteil;24;93;Saint-Denis;93066;DORA MAAR;REP;48.920954294742565;2.3375613385256524;48.920954294742565, 2.3375613385256524
2015;0940551N;Ile-de-France;11;Val-de-Marne;Créteil;24;94;L'Haÿ-les-Roses;94038;EUGENE CHEVREUL;REP;48.775328025244704;2.3399556085930624;48.775328025244704, 2.3399556085930624
2017;0940551N;Ile-de-France;11;Val-de-Marne;Créteil;24;94;L'Haÿ-les-Roses;94038;EUGENE CHEVREUL;REP;48.775328025244704;2.3399556085930624;48.775328025244704, 2.3399556085930624
2017;0941029H;Ile-de-France;11;Val-de-Marne;Créteil;24;94;Vitry-sur-Seine;94081;JULES VALLES;REP;48.77514272401906;2.402137046623073;48.77514272401906, 2.402137046623073
2015;7200012A;Corse;94;Haute-Corse;Corse;27;2B;Bastia;2B033;SAINT-JOSEPH;REP+;42.68975143638491;9.446075294377218;42.68975143638491, 9.446075294377218
2016;7200027S;Corse;94;Haute-Corse;Corse;27;2B;Luri;2B152;COLLEGE DU CAP;REP;42.896770400839365;9.405052355895318;42.896770400839365, 9.405052355895318
2015;9720083H;Martinique;02;Martinique;Martinique;31;972;Le Lamentin;97213;PETIT MANOIR;REP;14.613349961691995;-60.998551035046624;14.613349961691995, -60.998551035046624
2017;9720447D;Martinique;02;Martinique;Martinique;31;972;Le Marin;97217;GERARD CAFE;REP;14.471266294635074;-60.862968514055495;14.471266294635074, -60.862968514055495
2017;9730329V;Guyane;03;Guyane;Guyane;33;973;Saint-Laurent-du-Maroni;97311;PAUL JEAN-LOUIS;REP+;5.485693337955278;-54.01555594103458;5.485693337955278, -54.01555594103458
2016;9730373T;Guyane;03;Guyane;Guyane;33;973;Mana;97306;PAULE BERTHELOT;REP+;5.604712438037872;-53.815128745813944;5.604712438037872, -53.815128745813944
2016;9740091F;La Réunion;04;La Réunion;La Réunion;28;974;Saint-Louis;97414;LECONTE DE LISLE;REP;-21.275000874479407;55.41419252968509;-21.275000874479407, 55.41419252968509
2019;9740096L;La Réunion;04;La Réunion;La Réunion;28;974;Cilaos;97424;ALSACE CORRE;REP;-21.134631473721967;55.47329595269721;-21.134631473721967, 55.47329595269721
2016;9740577J;La Réunion;04;La Réunion;La Réunion;28;974;Saint-Joseph;97412;JOSEPH HUBERT;REP;-21.373477936389445;55.62781350172971;-21.373477936389445, 55.62781350172971
2016;9740703W;La Réunion;04;La Réunion;La Réunion;28;974;Saint-André;97409;CAMBUSTON;REP+;-20.928536902324367;55.64621069259988;-20.928536902324367, 55.64621069259988
2019;9740811N;La Réunion;04;La Réunion;La Réunion;28;974;Saint-Pierre;97416;TERRE SAINTE;REP+;-21.34484186897801;55.489435400561725;-21.34484186897801, 55.489435400561725
2018;9741047V;La Réunion;04;La Réunion;La Réunion;28;974;Saint-Joseph;97412;LA MARINE;REP;-21.376096444884944;55.6671178093607;-21.376096444884944, 55.6671178093607
2016;9741261C;La Réunion;04;La Réunion;La Réunion;28;974;Saint-André;97409;TERRAIN FAYARD;REP;-20.947105739520563;55.65727305141787;-20.947105739520563, 55.65727305141787
2017;9760009F;Mayotte;06;Mayotte;Mayotte;43;976;Mamoudzou;97611;NELSON MANDELA;REP+;-12.780616259627076;45.22804397753258;-12.780616259627076, 45.22804397753258
2016;9760183V;Mayotte;06;Mayotte;Mayotte;43;976;Pamandzi;97615;ZENA M'DERE;REP;-12.79754060161789;45.28237155675771;-12.79754060161789, 45.28237155675771
2015;0692578C;Auvergne-Rhône-Alpes;84;Rhône;Lyon;10;69;Lyon 7e  Arrondissement;69387;GABRIEL ROSSET;REP;45.72973324798414;4.840099666064277;45.72973324798414, 4.840099666064277
2019;0692703N;Auvergne-Rhône-Alpes;84;Rhône;Lyon;10;69;Lyon 9e  Arrondissement;69389;JEAN DE VERRAZANE;REP;45.77380400957952;4.8045964124717155;45.77380400957952, 4.8045964124717155
2015;0160113L;Nouvelle-Aquitaine;75;Charente;Poitiers;13;16;Angoulême;16015;MICHELLE PALLET;REP+;45.65023713721452;0.12969672338718286;45.65023713721452, 0.12969672338718286
2016;0350052S;Bretagne;53;Ille-et-Vilaine;Rennes;14;35;Val-Couesnon;35004;PIERRE PERRIN;REP;48.42378227657473;-1.4746630756537267;48.42378227657473, -1.4746630756537267
2015;0311630D;Occitanie;76;Haute-Garonne;Toulouse;16;31;Toulouse;31555;STENDHAL;REP+;43.57809202706454;1.4106443515965383;43.57809202706454, 1.4106443515965383
2019;0931195U;Ile-de-France;11;Seine-Saint-Denis;Créteil;24;93;Bobigny;93008;AUGUSTE DELAUNE;REP;48.9080996768158;2.4625423058013696;48.9080996768158, 2.4625423058013696
2015;0931200Z;Ile-de-France;11;Seine-Saint-Denis;Créteil;24;93;Drancy;93029;PIERRE SEMARD;REP;48.9263675407058;2.4362391933808563;48.9263675407058, 2.4362391933808563
2016;0931229F;Ile-de-France;11;Seine-Saint-Denis;Créteil;24;93;Saint-Denis;93066;FABIEN;REP;48.94371956542853;2.3516580341900717;48.94371956542853, 2.3516580341900717
2018;0932273R;Ile-de-France;11;Seine-Saint-Denis;Créteil;24;93;Saint-Denis;93066;IQBAL MASIH;REP+;48.911910939521704;2.360742652412832;48.911910939521704, 2.360742652412832
2019;0940749D;Ile-de-France;11;Val-de-Marne;Créteil;24;94;Villeneuve-Saint-Georges;94078;ROLAND GARROS;REP;48.75220891136596;2.4501575068370314;48.75220891136596, 2.4501575068370314
2018;0941603G;Ile-de-France;11;Val-de-Marne;Créteil;24;94;Limeil-Brévannes;94044;JANUSZ KORCZAK;REP;48.7422624576387;2.5059908466945227;48.7422624576387, 2.5059908466945227
2017;0781977A;Ile-de-France;11;Yvelines;Versailles;25;78;Mantes-la-Jolie;78361;GEORGES CLEMENCEAU;REP+;48.99927610937402;1.6874575556683324;48.99927610937402, 1.6874575556683324
2019;0781977A;Ile-de-France;11;Yvelines;Versailles;25;78;Mantes-la-Jolie;78361;GEORGES CLEMENCEAU;REP+;48.99927610937402;1.6874575556683324;48.99927610937402, 1.6874575556683324
2019;0910624J;Ile-de-France;11;Essonne;Versailles;25;91;Massy;91377;BLAISE PASCAL;REP;48.733546546599314;2.2952564209461044;48.733546546599314, 2.2952564209461044
2015;0911334F;Ile-de-France;11;Essonne;Versailles;25;91;Les Ulis;91692;AIME CESAIRE;REP;48.68261773835202;2.1631089406648067;48.68261773835202, 2.1631089406648067
2019;0911397Z;Ile-de-France;11;Essonne;Versailles;25;91;Epinay-sous-Sénart;91215;LA VALLEE;REP;48.70017361279572;2.5247627834095785;48.70017361279572, 2.5247627834095785
2015;0950045H;Ile-de-France;11;Val-d'Oise;Versailles;25;95;Sarcelles;95585;EVARISTE GALOIS;REP;48.9753167986829;2.3737763017274895;48.9753167986829, 2.3737763017274895
2018;0950887Y;Ile-de-France;11;Val-d'Oise;Versailles;25;95;Bezons;95063;GABRIEL PERI;REP;48.930469763305666;2.206134767896357;48.930469763305666, 2.206134767896357
2017;0951094Y;Ile-de-France;11;Val-d'Oise;Versailles;25;95;Argenteuil;95018;PAUL VAILLANT COUTURIER;REP;48.943769470319445;2.2465352236353207;48.943769470319445, 2.2465352236353207
2017;0951139X;Ile-de-France;11;Val-d'Oise;Versailles;25;95;Argenteuil;95018;ALBERT CAMUS;REP;48.94075213244338;2.213189968370559;48.94075213244338, 2.213189968370559
2019;0951196J;Ile-de-France;11;Val-d'Oise;Versailles;25;95;Sarcelles;95585;VOLTAIRE;REP;48.99743440642606;2.3711700636073902;48.99743440642606, 2.3711700636073902
2018;0141553M;Normandie;28;Calvados;Caen;05;14;Fleury-sur-Orne;14271;STEPHEN HAWKING;REP+;49.15728610302962;-0.36023049666148743;49.15728610302962, -0.36023049666148743
2015;0251395F;Bourgogne-Franche-Comté;27;Doubs;Besançon;03;25;Montbéliard;25388;LOU BLAZER;REP+;47.498410868834725;6.79110536713418;47.498410868834725, 6.79110536713418
2016;0470046V;Nouvelle-Aquitaine;75;Lot-et-Garonne;Bordeaux;04;47;Fumel;47106;JEAN MONNET;REP;44.498657976290374;0.958768668949156;44.498657976290374, 0.958768668949156
2016;0500083U;Normandie;28;Manche;Caen;05;50;Villedieu-les-Poêles-Rouffigny;50639;LE DINANDIER;REP;48.84097589041527;-1.2171494143847557;48.84097589041527, -1.2171494143847557
2017;0700786Z;Bourgogne-Franche-Comté;27;Haute-Saône;Besançon;03;70;Vesoul;70550;JACQUES BREL;REP;47.63264042849301;6.1685514150093415;47.63264042849301, 6.1685514150093415
2017;0900351T;Bourgogne-Franche-Comté;27;Territoire de Belfort;Besançon;03;90;Belfort;90010;SIMONE SIGNORET;REP+;47.629669561919656;6.839525517577093;47.629669561919656, 6.839525517577093
2016;0100009F;Grand Est;44;Aube;Reims;19;10;La Chapelle-Saint-Luc;10081;ALBERT CAMUS;REP+;48.31168861337318;4.039035289792559;48.31168861337318, 4.039035289792559
2017;0331621H;Nouvelle-Aquitaine;75;Gironde;Bordeaux;04;33;Coutras;33138;HENRI DE NAVARRE;REP;45.04088895820108;-0.11876092864146748;45.04088895820108, -0.11876092864146748
2019;0240043S;Nouvelle-Aquitaine;75;Dordogne;Bordeaux;04;24;Piégut-Pluviers;24328;LES MARCHES DE L'OCCITANIE;REP;45.62506150837178;0.6866645274351735;45.62506150837178, 0.6866645274351735
2017;0590002G;Hauts-de-France;32;Nord;Lille;09;59;Aniche;59008;THEODORE MONOD;REP;50.33142704002752;3.2463491444158867;50.33142704002752, 3.2463491444158867
2018;0590050J;Hauts-de-France;32;Nord;Lille;09;59;Condé-sur-l'Escaut;59153;JOSQUIN DES PRES;REP+;50.4584602905091;3.585310527359675;50.4584602905091, 3.585310527359675
2017;0592751V;Hauts-de-France;32;Nord;Lille;09;59;Escaudain;59205;FELICIEN JOLY;REP;50.33786550372361;3.357428109026394;50.33786550372361, 3.357428109026394
2015;0593178J;Hauts-de-France;32;Nord;Lille;09;59;Mons-en-Baroeul;59410;FRANCOIS RABELAIS;REP+;50.64172886934788;3.117519053486168;50.64172886934788, 3.117519053486168
2017;0593179K;Hauts-de-France;32;Nord;Lille;09;59;Lille;59350;CLAUDE LEVI STRAUSS;REP;50.631471243283144;3.036736680468459;50.631471243283144, 3.036736680468459
2017;0593242D;Hauts-de-France;32;Nord;Lille;09;59;Wattrelos;59650;GUSTAVE NADAUD;REP;50.70884740732559;3.1978302784174524;50.70884740732559, 3.1978302784174524
2017;0593252P;Hauts-de-France;32;Nord;Lille;09;59;Fourmies;59249;LEO LAGRANGE;REP;50.02108570295754;4.050693448897231;50.02108570295754, 4.050693448897231
2018;0593482P;Hauts-de-France;32;Nord;Lille;09;59;Lallaing;59327;FREDERIC JOLIOT-CURIE;REP;50.38278262102924;3.172527691977889;50.38278262102924, 3.172527691977889
2016;0594297A;Hauts-de-France;32;Nord;Lille;09;59;Auby;59028;VICTOR HUGO;REP;50.41270786143014;3.053583416353366;50.41270786143014, 3.053583416353366
2015;0594394F;Hauts-de-France;32;Nord;Lille;09;59;Tourcoing;59599;MARIE CURIE;REP;50.71886900017118;3.1545458984294146;50.71886900017118, 3.1545458984294146
2019;0594409X;Hauts-de-France;32;Nord;Lille;09;59;Escautpont;59207;JEAN ZAY;REP;50.4207805664941;3.5518413509651863;50.4207805664941, 3.5518413509651863
2018;0594412A;Hauts-de-France;32;Nord;Lille;09;59;Vieux-Condé;59616;JEAN JAURES;REP;50.46468284594241;3.566440487065162;50.46468284594241, 3.566440487065162
2018;0594418G;Hauts-de-France;32;Nord;Lille;09;59;Jeumont;59324;CHARLES DE GAULLE;REP;50.30307795955962;4.090247306355392;50.30307795955962, 4.090247306355392
2019;0594632P;Hauts-de-France;32;Nord;Lille;09;59;Hem;59299;RAYMOND DEVOS (RAYMOND DEVOS );REP;50.66115030363756;3.1877820191313746;50.66115030363756, 3.1877820191313746
2016;0594879H;Hauts-de-France;32;Nord;Lille;09;59;Fourmies;59249;JOLIOT-CURIE;REP;50.01822256383901;4.060953490354967;50.01822256383901, 4.060953490354967
2016;0595169Y;Hauts-de-France;32;Nord;Lille;09;59;Wattrelos;59650;EMILE ZOLA;REP;50.70612400967357;3.2311249191384546;50.70612400967357, 3.2311249191384546
2014;0596860L;Hauts-de-France;32;Nord;Lille;09;59;Tourcoing;59599;LUCIE AUBRAC;REP+;50.73096722790286;3.1303902796289336;50.73096722790286, 3.1303902796289336
2015;0620051U;Hauts-de-France;32;Pas-de-Calais;Lille;09;62;Boulogne-sur-Mer;62160;ANGELLIER;REP;50.721100934407204;1.6093851105641255;50.721100934407204, 1.6093851105641255
2015;0620119T;Hauts-de-France;32;Pas-de-Calais;Lille;09;62;Liévin;62510;PIERRE ET MARIE CURIE;REP;50.43556699877441;2.7557522451170158;50.43556699877441, 2.7557522451170158
2018;0623313P;Hauts-de-France;32;Pas-de-Calais;Lille;09;62;Auchel;62048;LAVOISIER;REP;50.50690419565359;2.475706251535828;50.50690419565359, 2.475706251535828
2017;0330140Y;Nouvelle-Aquitaine;75;Gironde;Bordeaux;04;33;Bordeaux;33063;GRAND PARC;REP;44.85653876581499;-0.5827966597472354;44.85653876581499, -0.5827966597472354
2018;0330140Y;Nouvelle-Aquitaine;75;Gironde;Bordeaux;04;33;Bordeaux;33063;GRAND PARC;REP;44.85653876581499;-0.5827966597472354;44.85653876581499, -0.5827966597472354
2017;0870072F;Nouvelle-Aquitaine;75;Haute-Vienne;Limoges;22;87;Limoges;87085;ANDRE MAUROIS;REP;45.83550567407413;1.2289869813255776;45.83550567407413, 1.2289869813255776
2018;0870117E;Nouvelle-Aquitaine;75;Haute-Vienne;Limoges;22;87;Limoges;87085;ALBERT CALMETTE;REP;45.828926286928976;1.2245352814067116;45.828926286928976, 1.2245352814067116
2019;0932263E;Ile-de-France;11;Seine-Saint-Denis;Créteil;24;93;Villepinte;93078;CAMILLE CLAUDEL;REP;48.952478375012944;2.561792390694863;48.952478375012944, 2.561792390694863
2015;0020067M;Hauts-de-France;32;Aisne;Amiens;20;02;Vervins;02789;CONDORCET;REP;49.83633841188634;3.9137819998649896;49.83633841188634, 3.9137819998649896
2016;0020072T;Hauts-de-France;32;Aisne;Amiens;20;02;Wassigny;02830;SIMONE VEIL;REP;50.014243097704416;3.5989289862862623;50.014243097704416, 3.5989289862862623
2016;0110068P;Occitanie;76;Aude;Montpellier;11;11;Narbonne;11262;GEORGES BRASSENS;REP;43.18619491616579;2.9742537468546484;43.18619491616579, 2.9742537468546484
2018;0130306M;Provence-Alpes-Côte d'Azur;93;Bouches-du-Rhône;Aix-Marseille;02;13;Arles;13004;MARINETTE CARLETTI;REP;43.5574912848906;4.728042238467275;43.5574912848906, 4.728042238467275
2017;0131611F;Provence-Alpes-Côte d'Azur;93;Bouches-du-Rhône;Aix-Marseille;02;13;Tarascon;13108;RENE CASSIN;REP;43.81837826589648;4.662029851916059;43.81837826589648, 4.662029851916059
2019;0131887F;Provence-Alpes-Côte d'Azur;93;Bouches-du-Rhône;Aix-Marseille;02;13;Marseille 15e  Arrondissement;13215;ELSA TRIOLET;REP+;43.37143648119913;5.355300391983345;43.37143648119913, 5.355300391983345
2016;0132208E;Provence-Alpes-Côte d'Azur;93;Bouches-du-Rhône;Aix-Marseille;02;13;Martigues;13056;MARCEL PAGNOL;REP;43.41239943428008;5.04205763920382;43.41239943428008, 5.04205763920382
2018;0132409Y;Provence-Alpes-Côte d'Azur;93;Bouches-du-Rhône;Aix-Marseille;02;13;Istres;13047;ALPHONSE DAUDET;REP;43.49670358205374;4.984209983475312;43.49670358205374, 4.984209983475312
2017;0141137K;Normandie;28;Calvados;Caen;05;14;Colombelles;14167;HENRI SELLIER;REP;49.205632386022586;-0.3001688522838891;49.205632386022586, -0.3001688522838891
2014;0271237Y;Normandie;28;Eure;Rouen;21;27;Evreux;27229;PABLO NERUDA;REP+;49.006953303472834;1.1603240039988747;49.006953303472834, 1.1603240039988747
2018;0341321B;Occitanie;76;Hérault;Montpellier;11;34;Béziers;34032;KATIA ET MAURICE KRAFFT;REP+;43.3368266574793;3.249577760119835;43.3368266574793, 3.249577760119835
2017;0381903M;Auvergne-Rhône-Alpes;84;Isère;Grenoble;08;38;Echirolles;38151;JEAN VILAR;REP+;45.156023485753394;5.730742898268143;45.156023485753394, 5.730742898268143
2019;0490042E;Pays de la Loire;52;Maine-et-Loire;Nantes;17;49;Saumur;49328;PIERRE MENDES FRANCE;REP;47.2453730033157;-0.07829134687733849;47.2453730033157, -0.07829134687733849
2018;0572023P;Grand Est;44;Moselle;Nancy-Metz;12;57;Farébersviller;57207;GEORGES HOLDERITH;REP;49.12208238127252;6.876108589476251;49.12208238127252, 6.876108589476251
2019;0580682B;Bourgogne-Franche-Comté;27;Nièvre;Dijon;07;58;Nevers;58194;LES COURLIS;REP;46.98089342457312;3.1900812152239735;46.98089342457312, 3.1900812152239735
2018;0600007G;Hauts-de-France;32;Oise;Amiens;20;60;Beauvais;60057;HENRI BAUMONT;REP+;49.43936350125355;2.10239377784103;49.43936350125355, 2.10239377784103
2018;0601177D;Hauts-de-France;32;Oise;Amiens;20;60;Creil;60175;JEAN JACQUES ROUSSEAU;REP;49.25038471739708;2.4829012850174195;49.25038471739708, 2.4829012850174195
2019;0631238D;Auvergne-Rhône-Alpes;84;Puy-de-Dôme;Clermont-Ferrand;06;63;Thiers;63430;ANTOINE AUDEMBRON;REP;45.862829515355195;3.535874946386663;45.862829515355195, 3.535874946386663
2017;0660012E;Occitanie;76;Pyrénées-Orientales;Montpellier;11;66;Perpignan;66136;JOSEPH SEBASTIEN PONS;REP+;42.71974142892545;2.8917514513546663;42.71974142892545, 2.8917514513546663
2019;0660051X;Occitanie;76;Pyrénées-Orientales;Montpellier;11;66;Perpignan;66136;ALBERT CAMUS;REP;42.69115421832449;2.909024832548399;42.69115421832449, 2.909024832548399
2017;0660522J;Occitanie;76;Pyrénées-Orientales;Montpellier;11;66;Perpignan;66136;MARCEL PAGNOL;REP+;42.712151441824304;2.8818739650825473;42.712151441824304, 2.8818739650825473
2017;0672459J;Grand Est;44;Bas-Rhin;Strasbourg;15;67;Strasbourg;67482;ERASME;REP+;48.591899888580684;7.700796166355622;48.591899888580684, 7.700796166355622
2019;0760026R;Normandie;28;Seine-Maritime;Rouen;21;76;Dieppe;76217;CLAUDE DELVINCOURT;REP;49.90711519029852;1.068356388364917;49.90711519029852, 1.068356388364917
2019;0761745J;Normandie;28;Seine-Maritime;Rouen;21;76;Rouen;76540;CAMILLE CLAUDEL;REP;49.42928741250463;1.0891656628493005;49.42928741250463, 1.0891656628493005
2014;0771172F;Ile-de-France;11;Seine-et-Marne;Créteil;24;77;Meaux;77284;ALBERT CAMUS;REP+;48.947678338570476;2.9090223532539734;48.947678338570476, 2.9090223532539734
2015;0771621U;Ile-de-France;11;Seine-et-Marne;Créteil;24;77;Nemours;77333;HONORE DE BALZAC;REP;48.26279125027707;2.714643292821289;48.26279125027707, 2.714643292821289
2015;0830834F;Provence-Alpes-Côte d'Azur;93;Var;Nice;23;83;Fréjus;83061;ANDRE LEOTARD;REP;43.43752209311239;6.7572839699565845;43.43752209311239, 6.7572839699565845
2015;0840018N;Provence-Alpes-Côte d'Azur;93;Vaucluse;Aix-Marseille;02;84;Cavaillon;84035;PAUL GAUTHIER;REP+;43.843086384264616;5.0484621989399;43.843086384264616, 5.0484621989399
2017;0860799B;Nouvelle-Aquitaine;75;Vienne;Poitiers;13;86;Buxerolles;86041;JULES VERNE;REP;46.59564864186777;0.35677895038977986;46.59564864186777, 0.35677895038977986
2016;0930891N;Ile-de-France;11;Seine-Saint-Denis;Créteil;24;93;Aulnay-sous-Bois;93005;VICTOR HUGO;REP;48.95891590801109;2.4949743743081245;48.95891590801109, 2.4949743743081245
2019;0931144N;Ile-de-France;11;Seine-Saint-Denis;Créteil;24;93;Saint-Ouen-sur-Seine;93070;MICHELET;REP;48.904489198600174;2.3462929511105863;48.904489198600174, 2.3462929511105863
2016;0931149U;Ile-de-France;11;Seine-Saint-Denis;Créteil;24;93;Tremblay-en-France;93073;PIERRE RONSARD;REP;48.958775174472954;2.5695518301211235;48.958775174472954, 2.5695518301211235
2014;0931184G;Ile-de-France;11;Seine-Saint-Denis;Créteil;24;93;Aubervilliers;93001;JEAN MOULIN;REP+;48.90794499425185;2.3914765741031716;48.90794499425185, 2.3914765741031716
2017;0931204D;Ile-de-France;11;Seine-Saint-Denis;Créteil;24;93;Le Blanc-Mesnil;93007;MARCEL CACHIN;REP;48.9243323624784;2.466264005139547;48.9243323624784, 2.466264005139547
2016;0931206F;Ile-de-France;11;Seine-Saint-Denis;Créteil;24;93;Villetaneuse;93079;JEAN VILAR;REP+;48.95284036866517;2.3434594675069613;48.95284036866517, 2.3434594675069613
2018;0931209J;Ile-de-France;11;Seine-Saint-Denis;Créteil;24;93;Montreuil;93048;GEORGES POLITZER;REP;48.86160867286582;2.4726900199494266;48.86160867286582, 2.4726900199494266
2017;0931216S;Ile-de-France;11;Seine-Saint-Denis;Créteil;24;93;Pantin;93055;JEAN JAURES;REP+;48.915478477507996;2.411462515764594;48.915478477507996, 2.411462515764594
2018;0931222Y;Ile-de-France;11;Seine-Saint-Denis;Créteil;24;93;Romainville;93063;PIERRE-ANDRE HOUEL;REP;48.88368735049553;2.4358339843748347;48.88368735049553, 2.4358339843748347
2017;0931224A;Ile-de-France;11;Seine-Saint-Denis;Créteil;24;93;Pierrefitte-sur-Seine;93059;PABLO NERUDA;REP;48.96900520558446;2.3666350458880605;48.96900520558446, 2.3666350458880605
2019;0931225B;Ile-de-France;11;Seine-Saint-Denis;Créteil;24;93;Stains;93072;JOLIOT CURIE;REP+;48.9565325903814;2.3853256347000116;48.9565325903814, 2.3853256347000116
2019;0931428X;Ile-de-France;11;Seine-Saint-Denis;Créteil;24;93;Epinay-sur-Seine;93031;JEAN VIGO;REP+;48.95702794912105;2.3004649496347973;48.95702794912105, 2.3004649496347973
2015;0931612X;Ile-de-France;11;Seine-Saint-Denis;Créteil;24;93;Bondy;93010;JEAN ZAY;REP+;48.91080413353783;2.481372219549891;48.91080413353783, 2.481372219549891
2016;0931612X;Ile-de-France;11;Seine-Saint-Denis;Créteil;24;93;Bondy;93010;JEAN ZAY;REP+;48.91080413353783;2.481372219549891;48.91080413353783, 2.481372219549891
2017;0932261C;Ile-de-France;11;Seine-Saint-Denis;Créteil;24;93;Saint-Ouen-sur-Seine;93070;JOSEPHINE BAKER;REP;48.90591208390695;2.337160701771719;48.90591208390695, 2.337160701771719
2017;0932334G;Ile-de-France;11;Seine-Saint-Denis;Créteil;24;93;Villetaneuse;93079;LUCIE AUBRAC;REP;48.95982624690362;2.3529539355141846;48.95982624690362, 2.3529539355141846
2017;0940786U;Ile-de-France;11;Val-de-Marne;Créteil;24;94;Champigny-sur-Marne;94017;LUCIE AUBRAC;REP;48.81900911460025;2.5081796585833844;48.81900911460025, 2.5081796585833844
2017;0941026E;Ile-de-France;11;Val-de-Marne;Créteil;24;94;Ivry-sur-Seine;94041;MOLIERE;REP;48.816559292526925;2.392386447811229;48.816559292526925, 2.392386447811229
2018;0941299B;Ile-de-France;11;Val-de-Marne;Créteil;24;94;Champigny-sur-Marne;94017;PAUL VAILLANT-COUTURIER;REP;48.813231636116406;2.541229993933963;48.813231636116406, 2.541229993933963
2019;0941781A;Ile-de-France;11;Val-de-Marne;Créteil;24;94;Ivry-sur-Seine;94041;HENRI WALLON;REP;48.814930528118204;2.3808189133454682;48.814930528118204, 2.3808189133454682
2015;6200040Z;Corse;94;Corse-du-Sud;Corse;27;2A;Porto-Vecchio;2A247;LÉON BOUJOT;REP;41.601237849961116;9.271343066636177;41.601237849961116, 9.271343066636177
2015;6200697N;Corse;94;Corse-du-Sud;Corse;27;2A;Porto-Vecchio;2A247;MARIA DE PERETTI (PORTO VECCHIO II);REP;41.577652607028014;9.266886497166388;41.577652607028014, 9.266886497166388
2017;7200013B;Corse;94;Haute-Corse;Corse;27;2B;Bastia;2B033;MONTESORO;REP;42.669559408298056;9.427441902808672;42.669559408298056, 9.427441902808672
2018;7200013B;Corse;94;Haute-Corse;Corse;27;2B;Bastia;2B033;MONTESORO;REP;42.669559408298056;9.427441902808672;42.669559408298056, 9.427441902808672
2016;9710022X;TOM et Collectivités territoriales;00;Saint-Martin;Guadeloupe;32;978;Saint-Martin;97801;DU MONT DES ACCORDS;REP;18.069452225572174;-63.079422702310595;18.069452225572174, -63.079422702310595
2017;9710073C;Guadeloupe;01;Guadeloupe;Guadeloupe;32;971;Pointe-à-Pitre;97120;SADI CARNOT;REP;16.238894757955624;-61.53764046574976;16.238894757955624, -61.53764046574976
2017;9720007A;Martinique;02;Martinique;Martinique;31;972;Fort-de-France;97209;AIME CESAIRE DE FORT-DE-FRANCE;REP+;14.611496649837498;-61.071914909301285;14.611496649837498, -61.071914909301285
2015;9720021R;Martinique;02;Martinique;Martinique;31;972;Saint-Joseph;97224;BELLE ETOILE;REP;14.676934221385956;-61.03596646097219;14.676934221385956, -61.03596646097219
2018;9720083H;Martinique;02;Martinique;Martinique;31;972;Le Lamentin;97213;PETIT MANOIR;REP;14.613349961691995;-60.998551035046624;14.613349961691995, -60.998551035046624
2019;9720495F;Martinique;02;Martinique;Martinique;31;972;Le François;97210;TRIANON;REP+;14.620528937675742;-60.91157033423602;14.620528937675742, -60.91157033423602
2016;9720842H;Martinique;02;Martinique;Martinique;31;972;Sainte-Marie;97228;MORNE DES ESSES;REP;14.744749591605611;-61.016126631079324;14.744749591605611, -61.016126631079324
2017;9720848P;Martinique;02;Martinique;Martinique;31;972;Le Lamentin;97213;PLACES D'ARMES 2;REP;14.617036458785629;-60.98841969342703;14.617036458785629, -60.98841969342703
2017;9720861D;Martinique;02;Martinique;Martinique;31;972;Le Robert;97222;PONTALERY (CLG ROBERT 3);REP;14.670036478971713;-60.94447582026197;14.670036478971713, -60.94447582026197
2016;9740812P;La Réunion;04;La Réunion;La Réunion;28;974;Le Port;97407;L'OASIS;REP+;-20.94261322516108;55.29947470015649;-20.94261322516108, 55.29947470015649
2015;9741190A;La Réunion;04;La Réunion;La Réunion;28;974;Saint-Paul;97415;DE PLATEAU CAILLOU;REP;-21.020351864256753;55.26660983694418;-21.020351864256753, 55.26660983694418
2017;9760244L;Mayotte;06;Mayotte;Mayotte;43;976;Koungou;97610;FREDERIC D'ACHERY;REP;-12.735749290053134;45.2049713779938;-12.735749290053134, 45.2049713779938
2015;9760245M;Mayotte;06;Mayotte;Mayotte;43;976;Dembeni;97607;ZAKIA MADI;REP+;-12.836721398736229;45.181504382551516;-12.836721398736229, 45.181504382551516
2016;0132572A;Provence-Alpes-Côte d'Azur;93;Bouches-du-Rhône;Aix-Marseille;02;13;Arles;13004;AMPERE;REP+;43.67347246794884;4.62668966743531;43.67347246794884, 4.62668966743531
2015;0133352Y;Provence-Alpes-Côte d'Azur;93;Bouches-du-Rhône;Aix-Marseille;02;13;Vitrolles;13117;CAMILLE CLAUDEL;REP;43.423374589814806;5.275227694276315;43.423374589814806, 5.275227694276315
2016;0133352Y;Provence-Alpes-Côte d'Azur;93;Bouches-du-Rhône;Aix-Marseille;02;13;Vitrolles;13117;CAMILLE CLAUDEL;REP;43.423374589814806;5.275227694276315;43.423374589814806, 5.275227694276315
2019;0790027A;Nouvelle-Aquitaine;75;Deux-Sèvres;Poitiers;13;79;Niort;79191;JEAN ZAY;REP;46.31778241401246;-0.4777261248915116;46.31778241401246, -0.4777261248915116
2019;0840762X;Provence-Alpes-Côte d'Azur;93;Vaucluse;Aix-Marseille;02;84;Orange;84087;BARBARA HENDRICKS;REP;44.142256590956194;4.7983025386082945;44.142256590956194, 4.7983025386082945
2017;0930616P;Ile-de-France;11;Seine-Saint-Denis;Créteil;24;93;Clichy-sous-Bois;93014;ROMAIN ROLLAND;REP+;48.905477807692;2.5477754410179747;48.905477807692, 2.5477754410179747
2017;9730020J;Guyane;03;Guyane;Guyane;33;973;Cayenne;97302;AUXENCE CONTOUT;REP+;4.938098189471638;-52.32086178385031;4.938098189471638, -52.32086178385031
2016;9730091L;Guyane;03;Guyane;Guyane;33;973;Cayenne;97302;PAUL KAPEL;REP+;4.928757216084589;-52.32316802705945;4.928757216084589, -52.32316802705945
2017;9730125Y;Guyane;03;Guyane;Guyane;33;973;Kourou;97304;HENRI AGARANDE;REP+;5.1655165399842025;-52.64361394314634;5.1655165399842025, -52.64361394314634
2018;9730125Y;Guyane;03;Guyane;Guyane;33;973;Kourou;97304;HENRI AGARANDE;REP+;5.1655165399842025;-52.64361394314634;5.1655165399842025, -52.64361394314634
2016;9730145V;Guyane;03;Guyane;Guyane;33;973;Sinnamary;97312;ELIE CASTOR;REP+;5.381882952492943;-52.954835727086;5.381882952492943, -52.954835727086
2018;9740039Z;La Réunion;04;La Réunion;La Réunion;28;974;Saint-Paul;97415;ALBERT LOUGNON;REP+;-21.039972700539806;55.295941421056895;-21.039972700539806, 55.295941421056895
2015;9740091F;La Réunion;04;La Réunion;La Réunion;28;974;Saint-Louis;97414;LECONTE DE LISLE;REP;-21.275000874479407;55.41419252968509;-21.275000874479407, 55.41419252968509
2019;9741366S;La Réunion;04;La Réunion;La Réunion;28;974;Saint-Benoît;97410;GUY  MÔQUET (GUY  MÔQUET  );REP+;-21.053686101039748;55.71016195332497;-21.053686101039748, 55.71016195332497
2016;9741386N;La Réunion;04;La Réunion;La Réunion;28;974;Saint-André;97409;CHEMIN MORIN;REP;-20.966294306026278;55.64639715584178;-20.966294306026278, 55.64639715584178
2017;9741386N;La Réunion;04;La Réunion;La Réunion;28;974;Saint-André;97409;CHEMIN MORIN;REP;-20.966294306026278;55.64639715584178;-20.966294306026278, 55.64639715584178
2016;9760167C;Mayotte;06;Mayotte;Mayotte;43;976;M'Tsangamouji;97613;DE M'TSANGAMOUJI;REP;-12.756112058114848;45.08110731877994;-12.756112058114848, 45.08110731877994
2016;9840022B;TOM et Collectivités territoriales;00;Polynésie Française;Polynésie Française;41;987;Papara;98734;DE PAPARA;REP+;;;
2017;0690060R;Auvergne-Rhône-Alpes;84;Rhône;Lyon;10;69;Lyon 8e  Arrondissement;69388;JEAN MERMOZ;REP;45.73378594834498;4.8888263301992625;45.73378594834498, 4.8888263301992625
2016;0171117X;Nouvelle-Aquitaine;75;Charente-Maritime;Poitiers;13;17;La Rochelle;17300;FABRE D EGLANTINE;REP;46.15199513206427;-1.116581317457312;46.15199513206427, -1.116581317457312
2016;0691479H;Auvergne-Rhône-Alpes;84;Rhône;Lyon;10;69;Bron;69029;JOLIOT CURIE;REP;45.74776194194042;4.913878997099337;45.74776194194042, 4.913878997099337
2018;0622087G;Hauts-de-France;32;Pas-de-Calais;Lille;09;62;Mazingarbe;62563;BLAISE PASCAL;REP;50.461641880259855;2.71946421178554;50.461641880259855, 2.71946421178554
2015;0340031Z;Occitanie;76;Hérault;Montpellier;11;34;Lunel;34145;FREDERIC MISTRAL;REP;43.671938083423754;4.1239600014324616;43.671938083423754, 4.1239600014324616
2016;0340031Z;Occitanie;76;Hérault;Montpellier;11;34;Lunel;34145;FREDERIC MISTRAL;REP;43.671938083423754;4.1239600014324616;43.671938083423754, 4.1239600014324616
2015;0131704G;Provence-Alpes-Côte d'Azur;93;Bouches-du-Rhône;Aix-Marseille;02;13;Marseille 15e  Arrondissement;13215;ARTHUR RIMBAUD;REP+;43.34432893263555;5.348482706937176;43.34432893263555, 5.348482706937176
2019;0220054P;Bretagne;53;Côtes-d'Armor;Rennes;14;22;Saint-Brieuc;22278;JEAN RACINE;REP;48.51009998578219;-2.7504463387125155;48.51009998578219, -2.7504463387125155
2015;0350895H;Bretagne;53;Ille-et-Vilaine;Rennes;14;35;Rennes;35238;ROSA PARKS;REP;48.1212018513474;-1.7146786496809414;48.1212018513474, -1.7146786496809414
2018;0560020T;Bretagne;53;Morbihan;Rennes;14;56;Josselin;56091;MAX JACOB;REP;47.95977164494284;-2.552341992855388;47.95977164494284, -2.552341992855388
2019;0691666L;Auvergne-Rhône-Alpes;84;Rhône;Lyon;10;69;Vaulx-en-Velin;69256;AIME CESAIRE;REP+;45.7844854872629;4.915640692767265;45.7844854872629, 4.915640692767265
2015;0820588U;Occitanie;76;Tarn-et-Garonne;Toulouse;16;82;Montauban;82121;OLYMPE DE GOUGES;REP;44.01477591537027;1.3802973430395615;44.01477591537027, 1.3802973430395615
2019;0421486M;Auvergne-Rhône-Alpes;84;Loire;Lyon;10;42;Saint-Chamond;42207;PIERRE JOANNON;REP;45.463128735495296;4.509869703970299;45.463128735495296, 4.509869703970299
2016;0750575T;Ile-de-France;11;Paris;Paris;01;75;Paris 19e  Arrondissement;75119;SONIA DELAUNAY;REP;48.885939376598216;2.378118607486757;48.885939376598216, 2.378118607486757
2019;0752196E;Ile-de-France;11;Paris;Paris;01;75;Paris 18e  Arrondissement;75118;MARX DORMOY;REP;48.88849618531902;2.359696353257164;48.88849618531902, 2.359696353257164
2017;0420916T;Auvergne-Rhône-Alpes;84;Loire;Lyon;10;42;Saint-Etienne;42218;PUITS DE LA LOIRE;REP;45.444862713347334;4.372745904122476;45.444862713347334, 4.372745904122476
2015;0291087Z;Bretagne;53;Finistère;Rennes;14;29;Quimper;29232;MAX JACOB;REP;47.98751825049506;-4.131380514595773;47.98751825049506, -4.131380514595773
2016;0291089B;Bretagne;53;Finistère;Rennes;14;29;Brest;29019;LA FONTAINE MARGOT-KERANROUX;REP;48.38375266123298;-4.540692750735194;48.38375266123298, -4.540692750735194
2018;0381780D;Auvergne-Rhône-Alpes;84;Isère;Grenoble;08;38;Grenoble;38185;OLYMPIQUE;REP;45.16173096250118;5.728092999279628;45.16173096250118, 5.728092999279628
2015;0382032C;Auvergne-Rhône-Alpes;84;Isère;Grenoble;08;38;Grenoble;38185;LUCIE AUBRAC GEANTS (LUCIE AUBRAC);REP+;45.16256696245369;5.739678137394584;45.16256696245369, 5.739678137394584
2017;0810125W;Occitanie;76;Tarn;Toulouse;16;81;Graulhet;81105;LOUIS PASTEUR;REP;43.76015666419012;1.982896841832042;43.76015666419012, 1.982896841832042
2018;0820017Y;Occitanie;76;Tarn-et-Garonne;Toulouse;16;82;Moissac;82112;FRANCOIS MITTERRAND;REP;44.1028627464127;1.0912714615717178;44.1028627464127, 1.0912714615717178
2016;0132561N;Provence-Alpes-Côte d'Azur;93;Bouches-du-Rhône;Aix-Marseille;02;13;Marseille  6e  Arrondissement;13206;ANATOLE FRANCE;REP;43.290571860058506;5.37691121784437;43.290571860058506, 5.37691121784437
2018;0601524F;Hauts-de-France;32;Oise;Amiens;20;60;Compiègne;60159;ANDRE MALRAUX;REP+;49.39849707216046;2.795551223185853;49.39849707216046, 2.795551223185853
2019;0601524F;Hauts-de-France;32;Oise;Amiens;20;60;Compiègne;60159;ANDRE MALRAUX;REP+;49.39849707216046;2.795551223185853;49.39849707216046, 2.795551223185853
2016;0750465Y;Ile-de-France;11;Paris;Paris;01;75;Paris 11e  Arrondissement;75111;LUCIE ET RAYMOND AUBRAC;REP;48.86823146219155;2.3743098395826583;48.86823146219155, 2.3743098395826583
2015;0750484U;Ile-de-France;11;Paris;Paris;01;75;Paris 19e  Arrondissement;75119;W.A. MOZART;REP;48.88957339062926;2.3793026165909783;48.88957339062926, 2.3793026165909783
2019;0750484U;Ile-de-France;11;Paris;Paris;01;75;Paris 19e  Arrondissement;75119;W.A. MOZART;REP;48.88957339062926;2.3793026165909783;48.88957339062926, 2.3793026165909783
2018;0752694W;Ile-de-France;11;Paris;Paris;01;75;Paris 13e  Arrondissement;75113;CAMILLE CLAUDEL;REP;48.820450611738934;2.364643821822803;48.820450611738934, 2.364643821822803
2016;0752958H;Ile-de-France;11;Paris;Paris;01;75;Paris 17e  Arrondissement;75117;BORIS VIAN;REP;48.89055340931243;2.304478506272597;48.89055340931243, 2.304478506272597
2018;0180766K;Centre-Val de Loire;24;Cher;Orléans-Tours;18;18;Bourges;18033;LE GRAND MEAULNES;REP+;47.09925745215562;2.4118912457535915;47.09925745215562, 2.4118912457535915
2017;0360544W;Centre-Val de Loire;24;Indre;Orléans-Tours;18;36;Issoudun;36088;DENIS DIDEROT;REP;46.94493412226158;2.0037684192177854;46.94493412226158, 2.0037684192177854
2014;0410952M;Centre-Val de Loire;24;Loir-et-Cher;Orléans-Tours;18;41;Blois;41018;FRANCOIS RABELAIS;REP+;47.59447795583979;1.3163813087568494;47.59447795583979, 1.3163813087568494
2017;0511254L;Grand Est;44;Marne;Reims;19;51;Reims;51454;FRANCOIS LEGROS;REP;49.236645796922964;4.011475373896371;49.236645796922964, 4.011475373896371
2015;0762287Y;Normandie;28;Seine-Maritime;Rouen;21;76;Fécamp;76259;GEORGES CUVIER;REP;49.75768398597076;0.3662971722172709;49.75768398597076, 0.3662971722172709
2016;0931181D;Ile-de-France;11;Seine-Saint-Denis;Créteil;24;93;Bagnolet;93006;GEORGES POLITZER;REP;48.85988612830851;2.417538463347195;48.85988612830851, 2.417538463347195
2016;0931200Z;Ile-de-France;11;Seine-Saint-Denis;Créteil;24;93;Drancy;93029;PIERRE SEMARD;REP;48.9263675407058;2.4362391933808563;48.9263675407058, 2.4362391933808563
2015;0931229F;Ile-de-France;11;Seine-Saint-Denis;Créteil;24;93;Saint-Denis;93066;FABIEN;REP;48.94371956542853;2.3516580341900717;48.94371956542853, 2.3516580341900717
2015;0931978V;Ile-de-France;11;Seine-Saint-Denis;Créteil;24;93;Noisy-le-Grand;93051;VICTOR HUGO;REP;48.837928725771405;2.5566627344585777;48.837928725771405, 2.5566627344585777
2017;0931978V;Ile-de-France;11;Seine-Saint-Denis;Créteil;24;93;Noisy-le-Grand;93051;VICTOR HUGO;REP;48.837928725771405;2.5566627344585777;48.837928725771405, 2.5566627344585777
2018;0940003T;Ile-de-France;11;Val-de-Marne;Créteil;24;94;Créteil;94028;AMEDEE LAPLACE;REP;48.780804159789454;2.468276499660144;48.780804159789454, 2.468276499660144
2016;0910678T;Ile-de-France;11;Essonne;Versailles;25;91;Sainte-Geneviève-des-Bois;91549;JEAN MACE;REP;48.641146927538486;2.3404266035137584;48.641146927538486, 2.3404266035137584
2015;0911027X;Ile-de-France;11;Essonne;Versailles;25;91;Athis-Mons;91027;MICHEL RICHARD DELALANDE;REP;48.71206175285292;2.394841141019621;48.71206175285292, 2.394841141019621
2016;0911027X;Ile-de-France;11;Essonne;Versailles;25;91;Athis-Mons;91027;MICHEL RICHARD DELALANDE;REP;48.71206175285292;2.394841141019621;48.71206175285292, 2.394841141019621
2019;0911042N;Ile-de-France;11;Essonne;Versailles;25;91;Sainte-Geneviève-des-Bois;91549;PAUL ELUARD;REP;48.63681102826605;2.344627521432902;48.63681102826605, 2.344627521432902
2019;0911253T;Ile-de-France;11;Essonne;Versailles;25;91;Grigny;91286;PABLO NERUDA;REP+;48.653377607820595;2.391128043160554;48.653377607820595, 2.391128043160554
2017;0920594W;Ile-de-France;11;Hauts-de-Seine;Versailles;25;92;Nanterre;92050;REPUBLIQUE;REP;48.90210588734616;2.2064963999114635;48.90210588734616, 2.2064963999114635
2015;0921180H;Ile-de-France;11;Hauts-de-Seine;Versailles;25;92;Châtenay-Malabry;92019;MASARYK;REP;48.76255272797497;2.263949132983106;48.76255272797497, 2.263949132983106
2014;0950711G;Ile-de-France;11;Val-d'Oise;Versailles;25;95;Garges-lès-Gonesse;95268;PAUL ELUARD;REP+;48.9769362210965;2.3983489941118723;48.9769362210965, 2.3983489941118723
2014;0950749Y;Ile-de-France;11;Val-d'Oise;Versailles;25;95;Villiers-le-Bel;95680;SAINT EXUPERY;REP+;49.00082878563883;2.404987844048381;49.00082878563883, 2.404987844048381
2017;0950885W;Ile-de-France;11;Val-d'Oise;Versailles;25;95;Argenteuil;95018;IRENE JOLIOT-CURIE;REP;48.95734582673471;2.281378046591629;48.95734582673471, 2.281378046591629
2016;0950934Z;Ile-de-France;11;Val-d'Oise;Versailles;25;95;Persan;95487;GEORGES BRASSENS;REP;49.15482334680485;2.2734415238155288;49.15482334680485, 2.2734415238155288
2015;0951230W;Ile-de-France;11;Val-d'Oise;Versailles;25;95;Argenteuil;95018;EUGENIE COTTON;REP;48.946068715271174;2.2300801674078983;48.946068715271174, 2.2300801674078983
2019;0952128X;Ile-de-France;11;Val-d'Oise;Versailles;25;95;Goussainville;95280;GEORGES CHARPAK;REP;49.02579621586045;2.4599239966924262;49.02579621586045, 2.4599239966924262
2018;0501300S;Normandie;28;Manche;Caen;05;50;Saint-Vaast-la-Hougue;50562;GUILLAUME FOUACE;REP;49.589236205211506;-1.27119995876091;49.589236205211506, -1.27119995876091
2019;0631762Y;Auvergne-Rhône-Alpes;84;Puy-de-Dôme;Clermont-Ferrand;06;63;La Monnerie-le-Montel;63231;DE LA DUROLLE;REP;45.87241951580685;3.5977455693957547;45.87241951580685, 3.5977455693957547
2019;0470049Y;Nouvelle-Aquitaine;75;Lot-et-Garonne;Bordeaux;04;47;Villeneuve-sur-Lot;47323;ANATOLE FRANCE;REP;44.40709634399353;0.7167480383076739;44.40709634399353, 0.7167480383076739
2017;0550758A;Grand Est;44;Meuse;Nancy-Metz;12;55;Verdun;55545;MAURICE BARRES;REP;49.152766842436904;5.405023985655487;49.152766842436904, 5.405023985655487
2018;9730173A;Guyane;03;Guyane;Guyane;33;973;Saint-Georges;97308;CHLORE CONSTANT (CHLORE CONSTANT );REP+;3.8907540586772145;-51.80157660124413;3.8907540586772145, -51.80157660124413
2018;0331891B;Nouvelle-Aquitaine;75;Gironde;Bordeaux;04;33;Lesparre-Médoc;33240;LES LESQUES;REP;45.299778351907634;-0.9264684515393479;45.299778351907634, -0.9264684515393479
2017;0340118U;Occitanie;76;Hérault;Montpellier;11;34;Béziers;34032;HENRI IV;REP;43.34372746511243;3.2102113798398255;43.34372746511243, 3.2102113798398255
2015;0240043S;Nouvelle-Aquitaine;75;Dordogne;Bordeaux;04;24;Piégut-Pluviers;24328;LES MARCHES DE L'OCCITANIE;REP;45.62506150837178;0.6866645274351735;45.62506150837178, 0.6866645274351735
2016;0240043S;Nouvelle-Aquitaine;75;Dordogne;Bordeaux;04;24;Piégut-Pluviers;24328;LES MARCHES DE L'OCCITANIE;REP;45.62506150837178;0.6866645274351735;45.62506150837178, 0.6866645274351735
2019;0590088A;Hauts-de-France;32;Nord;Lille;09;59;Grande-Synthe;59271;JULES VERNE;REP+;51.020127902647296;2.3046996668512616;51.020127902647296, 2.3046996668512616
2017;0590151U;Hauts-de-France;32;Nord;Lille;09;59;Maubeuge;59392;ERNEST COUTELLE;REP;50.27794945604184;3.9710125709000965;50.27794945604184, 3.9710125709000965
2018;0590271Z;Hauts-de-France;32;Nord;Lille;09;59;Lille;59350;PAUL VERLAINE;REP+;50.61075822507696;3.0701328367609584;50.61075822507696, 3.0701328367609584
2017;0592634T;Hauts-de-France;32;Nord;Lille;09;59;Hautmont;59291;ANTOINE DE SAINT EXUPERY;REP;50.24532696812899;3.909300273180787;50.24532696812899, 3.909300273180787
2014;0592714E;Hauts-de-France;32;Nord;Lille;09;59;Tourcoing;59599;MENDES-FRANCE;REP+;50.73603904171261;3.189487898174909;50.73603904171261, 3.189487898174909
2016;0592714E;Hauts-de-France;32;Nord;Lille;09;59;Tourcoing;59599;MENDES-FRANCE;REP+;50.73603904171261;3.189487898174909;50.73603904171261, 3.189487898174909
2015;0593185S;Hauts-de-France;32;Nord;Lille;09;59;Sin-le-Noble;59569;ANATOLE FRANCE;REP;50.361329331555964;3.114949443162363;50.361329331555964, 3.114949443162363
2018;0593254S;Hauts-de-France;32;Nord;Lille;09;59;Maubeuge;59392;JULES VERNE (EPINETTE);REP+;50.29012556895734;3.9636847843289913;50.29012556895734, 3.9636847843289913
2017;0593482P;Hauts-de-France;32;Nord;Lille;09;59;Lallaing;59327;FREDERIC JOLIOT-CURIE;REP;50.38278262102924;3.172527691977889;50.38278262102924, 3.172527691977889
2016;0593680E;Hauts-de-France;32;Nord;Lille;09;59;Valenciennes;59606;CHASSE ROYALE;REP+;50.355747136749194;3.5038220362532377;50.355747136749194, 3.5038220362532377
2018;0593686L;Hauts-de-France;32;Nord;Lille;09;59;Louvroil;59365;JACQUES BREL;REP+;50.26333775507384;3.965091081203428;50.26333775507384, 3.965091081203428
2018;0594290T;Hauts-de-France;32;Nord;Lille;09;59;Ostricourt;59452;HENRI MATISSE;REP;50.45757568246098;3.026605336596045;50.45757568246098, 3.026605336596045
2019;0594297A;Hauts-de-France;32;Nord;Lille;09;59;Auby;59028;VICTOR HUGO;REP;50.41270786143014;3.053583416353366;50.41270786143014, 3.053583416353366
2017;0594299C;Hauts-de-France;32;Nord;Lille;09;59;Denain;59172;TURGOT;REP+;50.330725874412636;3.395437553989738;50.330725874412636, 3.395437553989738
2016;0594303G;Hauts-de-France;32;Nord;Lille;09;59;Quiévrechain;59484;JEHAN FROISSART;REP;50.40095513807872;3.6577933972314653;50.40095513807872, 3.6577933972314653
2015;0594309N;Hauts-de-France;32;Nord;Lille;09;59;Hautmont;59291;PIERRE DE RONSARD;REP+;50.25368550287511;3.901210935768795;50.25368550287511, 3.901210935768795
2019;0594309N;Hauts-de-France;32;Nord;Lille;09;59;Hautmont;59291;PIERRE DE RONSARD;REP+;50.25368550287511;3.901210935768795;50.25368550287511, 3.901210935768795
2019;0594408W;Hauts-de-France;32;Nord;Lille;09;59;Raismes;59491;GERMINAL;REP+;50.3955694812591;3.4816293075127525;50.3955694812591, 3.4816293075127525
2018;0594409X;Hauts-de-France;32;Nord;Lille;09;59;Escautpont;59207;JEAN ZAY;REP;50.4207805664941;3.5518413509651863;50.4207805664941, 3.5518413509651863
2015;0594865T;Hauts-de-France;32;Nord;Lille;09;59;Ronchin;59507;ANATOLE FRANCE;REP;50.611817196222624;3.080527878227017;50.611817196222624, 3.080527878227017
2018;0622420U;Hauts-de-France;32;Pas-de-Calais;Lille;09;62;Avion;62065;PAUL LANGEVIN;REP+;50.39828809948191;2.8385189020338704;50.39828809948191, 2.8385189020338704
2015;0622425Z;Hauts-de-France;32;Pas-de-Calais;Lille;09;62;Béthune;62119;PAUL VERLAINE;REP;50.515728942107174;2.6302301996805917;50.515728942107174, 2.6302301996805917
2019;0622946R;Hauts-de-France;32;Pas-de-Calais;Lille;09;62;Auchy-les-Mines;62051;JOLIOT-CURIE;REP;50.51789053363438;2.7882000741563964;50.51789053363438, 2.7882000741563964
2014;0331619F;Nouvelle-Aquitaine;75;Gironde;Bordeaux;04;33;Lormont;33249;GEORGES LAPIERRE;REP+;44.87439740292492;-0.5224067411379382;44.87439740292492, -0.5224067411379382
2015;0520049W;Grand Est;44;Haute-Marne;Reims;19;52;Saint-Dizier;52448;ANNE FRANK;REP+;48.646994215957285;4.968322464337116;48.646994215957285, 4.968322464337116
2018;0870072F;Nouvelle-Aquitaine;75;Haute-Vienne;Limoges;22;87;Limoges;87085;ANDRE MAUROIS;REP;45.83550567407413;1.2289869813255776;45.83550567407413, 1.2289869813255776
2017;0071156U;Auvergne-Rhône-Alpes;84;Ardèche;Grenoble;08;07;Annonay;07010;LES PERRIERES;REP;45.251692609672645;4.676279698777128;45.251692609672645, 4.676279698777128
2017;0601179F;Hauts-de-France;32;Oise;Amiens;20;60;Nogent-sur-Oise;60463;MARCELIN BERTHELOT;REP;49.281399722449514;2.476236895061743;49.281399722449514, 2.476236895061743
2019;0021492L;Hauts-de-France;32;Aisne;Amiens;20;02;Soissons;02722;GERARD PHILIPE;REP+;49.37219655136736;3.3058392298789374;49.37219655136736, 3.3058392298789374
2016;0080105W;Grand Est;44;Ardennes;Reims;19;08;Bogny-sur-Meuse;08081;JULES FERRY;REP;49.85394810024129;4.73502608012874;49.85394810024129, 4.73502608012874
2018;0080826E;Grand Est;44;Ardennes;Reims;19;08;Sedan;08409;LE LAC;REP+;49.69429900317458;4.939797645024404;49.69429900317458, 4.939797645024404
2018;0131262B;Provence-Alpes-Côte d'Azur;93;Bouches-du-Rhône;Aix-Marseille;02;13;Marseille 13e  Arrondissement;13213;JACQUES PREVERT;REP+;43.325958622791504;5.432413527640791;43.325958622791504, 5.432413527640791
2016;0131605Z;Provence-Alpes-Côte d'Azur;93;Bouches-du-Rhône;Aix-Marseille;02;13;Marseille 16e  Arrondissement;13216;HENRI BARNIER (HENRI-BARNIER);REP+;43.36492745764797;5.343825789781387;43.36492745764797, 5.343825789781387
2019;0132204A;Provence-Alpes-Côte d'Azur;93;Bouches-du-Rhône;Aix-Marseille;02;13;Marseille 10e  Arrondissement;13210;PONT DE VIVAUX;REP;43.27705881258553;5.416832831934671;43.27705881258553, 5.416832831934671
2016;0132322D;Provence-Alpes-Côte d'Azur;93;Bouches-du-Rhône;Aix-Marseille;02;13;Port-de-Bouc;13077;PAUL ELUARD;REP;43.41282157756637;4.992829441665292;43.41282157756637, 4.992829441665292
2017;0132323E;Provence-Alpes-Côte d'Azur;93;Bouches-du-Rhône;Aix-Marseille;02;13;Port-Saint-Louis-du-Rhône;13078;MAXIMILIEN ROBESPIERRE;REP;43.391664211472786;4.80437498911897;43.391664211472786, 4.80437498911897
2018;0132408X;Provence-Alpes-Côte d'Azur;93;Bouches-du-Rhône;Aix-Marseille;02;13;Marseille 15e  Arrondissement;13215;JULES FERRY;REP+;43.3425610267601;5.356524533524035;43.3425610267601, 5.356524533524035
2015;0132491M;Provence-Alpes-Côte d'Azur;93;Bouches-du-Rhône;Aix-Marseille;02;13;Marseille 14e  Arrondissement;13214;ALEXANDRE DUMAS;REP+;43.31616262550515;5.3922963354630875;43.31616262550515, 5.3922963354630875
2015;0133788X;Provence-Alpes-Côte d'Azur;93;Bouches-du-Rhône;Aix-Marseille;02;13;Marseille  2e  Arrondissement;13202;JEAN CLAUDE IZZO;REP+;43.30735309691616;5.369271084312032;43.30735309691616, 5.369271084312032
2018;0141315D;Normandie;28;Calvados;Caen;05;14;Lisieux;14366;PIERRE SIMON DE LAPLACE;REP;49.144149662772975;0.247455318698348;49.144149662772975, 0.247455318698348
2019;0141363F;Normandie;28;Calvados;Caen;05;14;Hérouville-Saint-Clair;14327;NELSON MANDELA;REP;49.20100443857583;-0.34495744770423786;49.20100443857583, -0.34495744770423786
2016;0160793A;Nouvelle-Aquitaine;75;Charente;Poitiers;13;16;Terres-de-Haute-Charente;16192;JEAN MICHAUD;REP;45.88722927858473;0.5848772783723833;45.88722927858473, 0.5848772783723833
2016;0260029R;Auvergne-Rhône-Alpes;84;Drôme;Grenoble;08;26;Saint-Rambert-d'Albon;26325;FERNAND BERTHON;REP;45.291770635159686;4.817747218823353;45.291770635159686, 4.817747218823353
2016;0260850H;Auvergne-Rhône-Alpes;84;Drôme;Grenoble;08;26;Romans-sur-Isère;26281;ETIENNE-JEAN LAPASSAT (ETIENNE JEAN LAPASSAT);REP;45.0427292309842;5.082057492953541;45.0427292309842, 5.082057492953541
2016;0260978X;Auvergne-Rhône-Alpes;84;Drôme;Grenoble;08;26;Valence;26362;MARCEL PAGNOL;REP;44.94406935795195;4.924562529719764;44.94406935795195, 4.924562529719764
2018;0260978X;Auvergne-Rhône-Alpes;84;Drôme;Grenoble;08;26;Valence;26362;MARCEL PAGNOL;REP;44.94406935795195;4.924562529719764;44.94406935795195, 4.924562529719764
2018;0261090U;Auvergne-Rhône-Alpes;84;Drôme;Grenoble;08;26;Pierrelatte;26235;GUSTAVE JAUME;REP+;44.3820804565962;4.6985566619672126;44.3820804565962, 4.6985566619672126
2015;0271289E;Normandie;28;Eure;Rouen;21;27;Vernon;27681;CERVANTES;REP;49.07508983969381;1.4955232317693752;49.07508983969381, 1.4955232317693752
2015;0271398Y;Normandie;28;Eure;Rouen;21;27;Louviers;27375;LES FOUGERES;REP;49.21189789214124;1.1537173898769217;49.21189789214124, 1.1537173898769217
2018;0381903M;Auvergne-Rhône-Alpes;84;Isère;Grenoble;08;38;Echirolles;38151;JEAN VILAR;REP+;45.156023485753394;5.730742898268143;45.156023485753394, 5.730742898268143
2017;0382174G;Auvergne-Rhône-Alpes;84;Isère;Grenoble;08;38;Bourgoin-Jallieu;38053;SALVADOR ALLENDE;REP;45.611604364730724;5.265984096286077;45.611604364730724, 5.265984096286077
2017;0421176A;Auvergne-Rhône-Alpes;84;Loire;Lyon;10;42;Saint-Etienne;42218;JULES VALLES;REP+;45.44597670092138;4.400361676846748;45.44597670092138, 4.400361676846748
2019;0421686E;Auvergne-Rhône-Alpes;84;Loire;Lyon;10;42;Saint-Etienne;42218;JEAN DASTE;REP;45.42799368238789;4.42167504819566;45.42799368238789, 4.42167504819566
2017;0421919H;Auvergne-Rhône-Alpes;84;Loire;Lyon;10;42;Le Chambon-Feugerolles;42044;MASSENET FOURNEYRON;REP;45.399224995410634;4.333903423571499;45.399224995410634, 4.333903423571499
2018;0490042E;Pays de la Loire;52;Maine-et-Loire;Nantes;17;49;Saumur;49328;PIERRE MENDES FRANCE;REP;47.2453730033157;-0.07829134687733849;47.2453730033157, -0.07829134687733849
2019;0490048L;Pays de la Loire;52;Maine-et-Loire;Nantes;17;49;Trélazé;49353;JEAN ROSTAND;REP;47.44934443235111;-0.5000595269804583;47.44934443235111, -0.5000595269804583
2019;0761647C;Normandie;28;Seine-Maritime;Rouen;21;76;Saint-Etienne-du-Rouvray;76575;PAUL ELUARD;REP;49.390803287807294;1.1003915511788311;49.390803287807294, 1.1003915511788311
2017;0761701L;Normandie;28;Seine-Maritime;Rouen;21;76;Bolbec;76114;RONCHEROLLES;REP;49.56996027597236;0.4785859188493273;49.56996027597236, 0.4785859188493273
2019;0762226G;Normandie;28;Seine-Maritime;Rouen;21;76;Le Havre;76351;THEOPHILE GAUTIER;REP;49.513800837907546;0.09031622324052213;49.513800837907546, 0.09031622324052213
2017;0762459K;Normandie;28;Seine-Maritime;Rouen;21;76;Elbeuf;76231;NELSON MANDELA;REP+;49.2815418565957;1.0070565223231869;49.2815418565957, 1.0070565223231869
2016;0801537L;Hauts-de-France;32;Somme;Amiens;20;80;Péronne;80620;BERANGER;REP;49.93093246492848;2.925153107608717;49.93093246492848, 2.925153107608717
2016;0830148K;Provence-Alpes-Côte d'Azur;93;Var;Nice;23;83;Toulon;83137;MAURICE GENEVOIX;REP+;43.12814230733197;5.981065729639587;43.12814230733197, 5.981065729639587
2014;0830180V;Provence-Alpes-Côte d'Azur;93;Var;Nice;23;83;La Seyne-sur-Mer;83126;HENRI WALLON;REP+;43.11331405455519;5.870521401657112;43.11331405455519, 5.870521401657112
2017;0850067L;Pays de la Loire;52;Vendée;Nantes;17;85;Fontenay-le-Comte;85092;ANDRE TIRAQUEAU;REP;46.4631193324006;-0.7787078071032101;46.4631193324006, -0.7787078071032101
2017;0880151L;Grand Est;44;Vosges;Nancy-Metz;12;88;Saint-Dié-des-Vosges;88413;VAUTRIN LUD;REP;48.296113043988306;6.950038652905892;48.296113043988306, 6.950038652905892
2017;0881145S;Grand Est;44;Vosges;Nancy-Metz;12;88;Charmes;88090;MAURICE BARRES;REP;48.36773262718728;6.289646442392442;48.36773262718728, 6.289646442392442
2019;0900295G;Bourgogne-Franche-Comté;27;Territoire de Belfort;Besançon;03;90;Belfort;90010;VAUBAN;REP;47.640149077176154;6.880683440327653;47.640149077176154, 6.880683440327653
2016;0931184G;Ile-de-France;11;Seine-Saint-Denis;Créteil;24;93;Aubervilliers;93001;JEAN MOULIN;REP+;48.90794499425185;2.3914765741031716;48.90794499425185, 2.3914765741031716
2017;0931196V;Ile-de-France;11;Seine-Saint-Denis;Créteil;24;93;Bobigny;93008;PIERRE SEMARD;REP;48.91107118906222;2.4458161397724463;48.91107118906222, 2.4458161397724463
2019;0931202B;Ile-de-France;11;Seine-Saint-Denis;Créteil;24;93;Drancy;93029;LIBERTE;REP;48.91398000565638;2.4500203291017235;48.91398000565638, 2.4500203291017235
2017;0931206F;Ile-de-France;11;Seine-Saint-Denis;Créteil;24;93;Villetaneuse;93079;JEAN VILAR;REP+;48.95284036866517;2.3434594675069613;48.95284036866517, 2.3434594675069613
2018;0931207G;Ile-de-France;11;Seine-Saint-Denis;Créteil;24;93;Epinay-sur-Seine;93031;EVARISTE GALOIS;REP;48.95057657431454;2.320167067619104;48.95057657431454, 2.320167067619104
2018;0931213N;Ile-de-France;11;Seine-Saint-Denis;Créteil;24;93;Montreuil;93048;COLONEL FABIEN;REP;48.87574713825058;2.452868668085811;48.87574713825058, 2.452868668085811
2016;0931223Z;Ile-de-France;11;Seine-Saint-Denis;Créteil;24;93;Pierrefitte-sur-Seine;93059;GUSTAVE COURBET;REP;48.94917843236779;2.362944286139678;48.94917843236779, 2.362944286139678
2018;0931381W;Ile-de-France;11;Seine-Saint-Denis;Créteil;24;93;Romainville;93063;GUSTAVE COURBET;REP;48.87832505139174;2.442439542110729;48.87832505139174, 2.442439542110729
2018;0931485J;Ile-de-France;11;Seine-Saint-Denis;Créteil;24;93;Neuilly-sur-Marne;93050;GEORGES BRAQUE;REP;48.86737808537872;2.538949647810004;48.86737808537872, 2.538949647810004
2019;0931710D;Ile-de-France;11;Seine-Saint-Denis;Créteil;24;93;Noisy-le-Sec;93053;OLYMPE DE GOUGES;REP;48.88785137229671;2.469514062223836;48.88785137229671, 2.469514062223836
2015;0931979W;Ile-de-France;11;Seine-Saint-Denis;Créteil;24;93;Sevran;93071;GEORGES BRASSENS;REP;48.93883487092013;2.538339531152895;48.93883487092013, 2.538339531152895
2017;0941022A;Ile-de-France;11;Val-de-Marne;Créteil;24;94;Alfortville;94002;LEON BLUM;REP;48.79386024148904;2.425426471420578;48.79386024148904, 2.425426471420578
2017;0941033M;Ile-de-France;11;Val-de-Marne;Créteil;24;94;Vitry-sur-Seine;94081;JEAN PERRIN;REP;48.79558974328478;2.380065590824601;48.79558974328478, 2.380065590824601
2017;0941478W;Ile-de-France;11;Val-de-Marne;Créteil;24;94;Boissy-Saint-Léger;94004;BLAISE CENDRARS;REP;48.74839234636122;2.5091154586194677;48.74839234636122, 2.5091154586194677
2016;6200011T;Corse;94;Corse-du-Sud;Corse;27;2A;Ajaccio;2A004;LAETITIA BONAPARTE;REP;41.9258044852173;8.733178566816639;41.9258044852173, 8.733178566816639
2019;6200084X;Corse;94;Corse-du-Sud;Corse;27;2A;Ajaccio;2A004;DU STILETTU;REP;41.935690374984034;8.738529098703887;41.935690374984034, 8.738529098703887
2019;9720012F;Martinique;02;Martinique;Martinique;31;972;Gros-Morne;97212;EUZHAN PALCY;REP;14.712179235327438;-60.99655634218415;14.712179235327438, -60.99655634218415
2017;9720016K;Martinique;02;Martinique;Martinique;31;972;Le Morne-Rouge;97218;CHRISTIANE EDA-PIERRE;REP;14.772528165922022;-61.13435418440334;14.772528165922022, -61.13435418440334
2018;9720084J;Martinique;02;Martinique;Martinique;31;972;Fort-de-France;97209;JACQUELINE JULIUS (JACQUELINE JULIUS );REP+;14.631938359373638;-61.069400377720186;14.631938359373638, -61.069400377720186
2016;9720513A;Martinique;02;Martinique;Martinique;31;972;Sainte-Marie;97228;EMMANUEL SALDES;REP+;14.785477139595768;-60.9989930568565;14.785477139595768, -60.9989930568565
2018;9720848P;Martinique;02;Martinique;Martinique;31;972;Le Lamentin;97213;PLACES D'ARMES 2;REP;14.617036458785629;-60.98841969342703;14.617036458785629, -60.98841969342703
2018;9730020J;Guyane;03;Guyane;Guyane;33;973;Cayenne;97302;AUXENCE CONTOUT;REP+;4.938098189471638;-52.32086178385031;4.938098189471638, -52.32086178385031
2018;9730192W;Guyane;03;Guyane;Guyane;33;973;Mana;97306;LEO OTHILY;REP+;5.671095326127401;-53.779319137273006;5.671095326127401, -53.779319137273006
2018;9730237V;Guyane;03;Guyane;Guyane;33;973;Kourou;97304;VICTOR SCHOELCHER;REP+;5.154257191830882;-52.648870272902585;5.154257191830882, -52.648870272902585
2019;9730373T;Guyane;03;Guyane;Guyane;33;973;Mana;97306;PAULE BERTHELOT;REP+;5.604712438037872;-53.815128745813944;5.604712438037872, -53.815128745813944
2015;9730381B;Guyane;03;Guyane;Guyane;33;973;Papaichton;97362;CAPITAINE CHARLES TAFANIER;REP+;3.8129691359868465;-54.14644631667771;3.8129691359868465, -54.14644631667771
2019;9740065C;La Réunion;04;La Réunion;La Réunion;28;974;Saint-Benoît;97410;DU BASSIN BLEU;REP;-21.084928859775026;55.744247420825154;-21.084928859775026, 55.744247420825154
2018;9740620F;La Réunion;04;La Réunion;La Réunion;28;974;Le Tampon;97422;MICHEL DEBRE;REP;-21.217578073671614;55.553972415667666;-21.217578073671614, 55.553972415667666
2018;9741045T;La Réunion;04;La Réunion;La Réunion;28;974;Le Port;97407;TITAN;REP+;-20.942751622332008;55.29099837265944;-20.942751622332008, 55.29099837265944
2018;9741366S;La Réunion;04;La Réunion;La Réunion;28;974;Saint-Benoît;97410;GUY  MÔQUET (GUY  MÔQUET  );REP+;-21.053686101039748;55.71016195332497;-21.053686101039748, 55.71016195332497
2019;0691480J;Auvergne-Rhône-Alpes;84;Rhône;Lyon;10;69;Vénissieux;69259;HONORE DE BALZAC;REP;45.72536632204829;4.861450572415911;45.72536632204829, 4.861450572415911
2014;0911570M;Ile-de-France;11;Essonne;Versailles;25;91;Corbeil-Essonnes;91174;LEOPOLD SEDAR SENGHOR;REP+;48.615198091949125;2.458096105312862;48.615198091949125, 2.458096105312862
2018;0950888Z;Ile-de-France;11;Val-d'Oise;Versailles;25;95;Bezons;95063;HENRI WALLON;REP;48.93206006743424;2.2151968413039524;48.93206006743424, 2.2151968413039524
2015;0950900M;Ile-de-France;11;Val-d'Oise;Versailles;25;95;Sarcelles;95585;ANATOLE FRANCE;REP;48.9815698925184;2.3873056196756326;48.9815698925184, 2.3873056196756326
2015;0130136C;Provence-Alpes-Côte d'Azur;93;Bouches-du-Rhône;Aix-Marseille;02;13;Marseille  2e  Arrondissement;13202;VIEUX PORT;REP+;43.29650515548216;5.365599591293657;43.29650515548216, 5.365599591293657
2016;0130306M;Provence-Alpes-Côte d'Azur;93;Bouches-du-Rhône;Aix-Marseille;02;13;Arles;13004;MARINETTE CARLETTI;REP;43.5574912848906;4.728042238467275;43.5574912848906, 4.728042238467275
2019;0131261A;Provence-Alpes-Côte d'Azur;93;Bouches-du-Rhône;Aix-Marseille;02;13;Marseille 13e  Arrondissement;13213;AUGUSTE RENOIR;REP+;43.32773029636164;5.408349520146369;43.32773029636164, 5.408349520146369
2017;0131264D;Provence-Alpes-Côte d'Azur;93;Bouches-du-Rhône;Aix-Marseille;02;13;Marseille  3e  Arrondissement;13203;VERSAILLES;REP+;43.31136866347166;5.375387663777026;43.31136866347166, 5.375387663777026
2018;0131265E;Provence-Alpes-Côte d'Azur;93;Bouches-du-Rhône;Aix-Marseille;02;13;Salon-de-Provence;13103;JEAN MOULIN;REP;43.642784212843395;5.103994516073329;43.642784212843395, 5.103994516073329
2019;0131265E;Provence-Alpes-Côte d'Azur;93;Bouches-du-Rhône;Aix-Marseille;02;13;Salon-de-Provence;13103;JEAN MOULIN;REP;43.642784212843395;5.103994516073329;43.642784212843395, 5.103994516073329
2019;0133352Y;Provence-Alpes-Côte d'Azur;93;Bouches-du-Rhône;Aix-Marseille;02;13;Vitrolles;13117;CAMILLE CLAUDEL;REP;43.423374589814806;5.275227694276315;43.423374589814806, 5.275227694276315
2015;0251599C;Bourgogne-Franche-Comté;27;Doubs;Besançon;03;25;Valentigney;25580;LES BRUYERES;REP;47.45420213424987;6.829897618916385;47.45420213424987, 6.829897618916385
2018;0261086P;Auvergne-Rhône-Alpes;84;Drôme;Grenoble;08;26;Montélimar;26198;EUROPA;REP;44.55758859315047;4.7213033316858635;44.55758859315047, 4.7213033316858635
2016;0331753B;Nouvelle-Aquitaine;75;Gironde;Bordeaux;04;33;Bordeaux;33063;BLANQUI;REP+;44.87392410232151;-0.5504666323294741;44.87392410232151, -0.5504666323294741
2016;0331888Y;Nouvelle-Aquitaine;75;Gironde;Bordeaux;04;33;Saint-Yzan-de-Soudiac;33492;DU VAL DE SAYE;REP;45.139901961854015;-0.41016480013994383;45.139901961854015, -0.41016480013994383
2019;0341278E;Occitanie;76;Hérault;Montpellier;11;34;Montpellier;34172;ARTHUR RIMBAUD;REP+;43.616677004255614;3.821586015380678;43.616677004255614, 3.821586015380678
2018;0341364Y;Occitanie;76;Hérault;Montpellier;11;34;Montpellier;34172;GERARD PHILIPE;REP;43.59734336560839;3.8844132992149993;43.59734336560839, 3.8844132992149993
2017;0400014Y;Nouvelle-Aquitaine;75;Landes;Bordeaux;04;40;Labouheyre;40134;FELIX ARNAUDIN;REP;44.200663516399544;-0.9158835487359339;44.200663516399544, -0.9158835487359339
2015;0421852K;Auvergne-Rhône-Alpes;84;Loire;Lyon;10;42;Mably;42127;LOUIS ARAGON;REP;46.081430408142595;4.0733649377455485;46.081430408142595, 4.0733649377455485
2015;0511256N;Grand Est;44;Marne;Reims;19;51;Vitry-le-François;51649;LES INDES;REP;48.728775722054564;4.580522906320076;48.728775722054564, 4.580522906320076
2019;0541515D;Grand Est;44;Meurthe-et-Moselle;Nancy-Metz;12;54;Vandoeuvre-lès-Nancy;54547;SIMONE DE BEAUVOIR;REP;48.651746885154395;6.17468152058394;48.651746885154395, 6.17468152058394
2019;0580012Y;Bourgogne-Franche-Comté;27;Nièvre;Dijon;07;58;Corbigny;58083;NOEL BERRIER;REP;47.25231365786925;3.6834916025305837;47.25231365786925, 3.6834916025305837
2019;0600018U;Hauts-de-France;32;Oise;Amiens;20;60;Compiègne;60159;GAETAN DENAIN;REP;49.411535771520214;2.819992587665227;49.411535771520214, 2.819992587665227
2016;0660018L;Occitanie;76;Pyrénées-Orientales;Montpellier;11;66;Perpignan;66136;MADAME DE SEVIGNE;REP+;42.68423084490058;2.886094683581612;42.68423084490058, 2.886094683581612
2016;0671907J;Grand Est;44;Bas-Rhin;Strasbourg;15;67;Strasbourg;67482;HANS ARP;REP+;48.56944059936516;7.718020925078196;48.56944059936516, 7.718020925078196
2019;0681961M;Grand Est;44;Haut-Rhin;Strasbourg;15;68;Mulhouse;68224;BEL AIR;REP;47.73025291297963;7.305713792132944;47.73025291297963, 7.305713792132944
2018;0692157V;Auvergne-Rhône-Alpes;84;Rhône;Lyon;10;69;Décines-Charpieu;69275;GEORGES BRASSENS;REP;45.76861620167588;4.973113661272758;45.76861620167588, 4.973113661272758
2019;0692159X;Auvergne-Rhône-Alpes;84;Rhône;Lyon;10;69;Rillieux-la-Pape;69286;PAUL-EMILE VICTOR;REP+;45.817496040385485;4.90725345663432;45.817496040385485, 4.90725345663432
2018;0700045U;Bourgogne-Franche-Comté;27;Haute-Saône;Besançon;03;70;Lure;70310;ALBERT JACQUARD;REP;47.68647891786745;6.507537530235195;47.68647891786745, 6.507537530235195
2019;0711136Z;Bourgogne-Franche-Comté;27;Saône-et-Loire;Dijon;07;71;Digoin;71176;ROGER SEMET;REP;46.47506659205576;3.9791671855143282;46.47506659205576, 3.9791671855143282
2017;0720001K;Pays de la Loire;52;Sarthe;Nantes;17;72;Allonnes;72003;JOHN KENNEDY;REP;47.96543902201654;0.16267187225549418;47.96543902201654, 0.16267187225549418
2018;0760100W;Normandie;28;Seine-Maritime;Rouen;21;76;Rouen;76540;BOIELDIEU;REP+;49.458343592360514;1.1329414071576054;49.458343592360514, 1.1329414071576054
2019;0761701L;Normandie;28;Seine-Maritime;Rouen;21;76;Bolbec;76114;RONCHEROLLES;REP;49.56996027597236;0.4785859188493273;49.56996027597236, 0.4785859188493273
2019;0762132E;Normandie;28;Seine-Maritime;Rouen;21;76;Saint-Etienne-du-Rouvray;76575;ROBESPIERRE;REP+;49.39654910603693;1.067786265207497;49.39654910603693, 1.067786265207497
2015;0762679Z;Normandie;28;Seine-Maritime;Rouen;21;76;Cléon;76178;JACQUES BREL;REP;49.30871952285049;1.0284967152295577;49.30871952285049, 1.0284967152295577
2016;0771567K;Ile-de-France;11;Seine-et-Marne;Créteil;24;77;Montereau-Fault-Yonne;77305;PAUL ELUARD;REP;48.40066590235061;2.9685607084546386;48.40066590235061, 2.9685607084546386
2016;0771761W;Ile-de-France;11;Seine-et-Marne;Créteil;24;77;Montereau-Fault-Yonne;77305;ANDRE MALRAUX;REP+;48.3945182782447;2.9589810457155954;48.3945182782447, 2.9589810457155954
2018;0840007B;Provence-Alpes-Côte d'Azur;93;Vaucluse;Aix-Marseille;02;84;Avignon;84007;JOSEPH ROUMANILLE;REP+;43.93426301817834;4.828267734856219;43.93426301817834, 4.828267734856219
2016;0840018N;Provence-Alpes-Côte d'Azur;93;Vaucluse;Aix-Marseille;02;84;Cavaillon;84035;PAUL GAUTHIER;REP+;43.843086384264616;5.0484621989399;43.843086384264616, 5.0484621989399
2014;0931194T;Ile-de-France;11;Seine-Saint-Denis;Créteil;24;93;Bobigny;93008;REPUBLIQUE;REP+;48.90680312563858;2.4350391127060096;48.90680312563858, 2.4350391127060096
2017;0931194T;Ile-de-France;11;Seine-Saint-Denis;Créteil;24;93;Bobigny;93008;REPUBLIQUE;REP+;48.90680312563858;2.4350391127060096;48.90680312563858, 2.4350391127060096
2017;0931765N;Ile-de-France;11;Seine-Saint-Denis;Créteil;24;93;L'Ile-Saint-Denis;93039;ALFRED SISLEY;REP;48.94580713209793;2.3283623403976463;48.94580713209793, 2.3283623403976463
2015;0941026E;Ile-de-France;11;Val-de-Marne;Créteil;24;94;Ivry-sur-Seine;94041;MOLIERE;REP;48.816559292526925;2.392386447811229;48.816559292526925, 2.392386447811229
2017;0690094C;Auvergne-Rhône-Alpes;84;Rhône;Lyon;10;69;Vénissieux;69259;JULES MICHELET;REP+;45.688818406807236;4.872191381653365;45.688818406807236, 4.872191381653365
2016;0691480J;Auvergne-Rhône-Alpes;84;Rhône;Lyon;10;69;Vénissieux;69259;HONORE DE BALZAC;REP;45.72536632204829;4.861450572415911;45.72536632204829, 4.861450572415911
2017;0010039M;Auvergne-Rhône-Alpes;84;Ain;Lyon;10;01;Saint-Rambert-en-Bugey;01384;DE L'ALBARINE;REP;45.9415465823527;5.431010941578425;45.9415465823527, 5.431010941578425
2019;0330064R;Nouvelle-Aquitaine;75;Gironde;Bordeaux;04;33;Castillon-la-Bataille;33108;ALIENOR D AQUITAINE;REP;44.85105553271757;-0.050614821083837136;44.85105553271757, -0.050614821083837136
2019;0690249W;Auvergne-Rhône-Alpes;84;Rhône;Lyon;10;69;Vaulx-en-Velin;69256;PIERRE VALDO;REP+;45.77954488342978;4.9295411995665726;45.77954488342978, 4.9295411995665726
2016;0622578R;Hauts-de-France;32;Pas-de-Calais;Lille;09;62;Sains-en-Gohelle;62737;JEAN ROSTAND;REP;50.44429546357188;2.682390834241664;50.44429546357188, 2.682390834241664
2019;0694368Y;Auvergne-Rhône-Alpes;84;Rhône;Lyon;10;69;Vaulx-en-Velin;69256;ODETTE CARTAILHAC;REP+;;;
2017;0801443J;Hauts-de-France;32;Somme;Amiens;20;80;Beaucamps-le-Vieux;80062;MAL LECLERC DE HAUTECLOCQUE;REP;49.840610251386366;1.7850473314468809;49.840610251386366, 1.7850473314468809
2019;0350052S;Bretagne;53;Ille-et-Vilaine;Rennes;14;35;Val-Couesnon;35004;PIERRE PERRIN;REP;48.42378227657473;-1.4746630756537267;48.42378227657473, -1.4746630756537267
2015;0560071Y;Bretagne;53;Morbihan;Rennes;14;56;Lorient;56121;JEAN LE COUTALLER;REP;47.762890451665484;-3.380117358648323;47.762890451665484, -3.380117358648323
2019;0090490J;Occitanie;76;Ariège;Toulouse;16;09;Lavelanet;09160;LOUIS PASTEUR;REP;42.923099607067826;1.842259562340841;42.923099607067826, 1.842259562340841
2018;0120622L;Occitanie;76;Aveyron;Toulouse;16;12;Decazeville;12089;P RAMADIER PLUS ANNEXE FIRMI;REP;44.57080240460633;2.255761163216761;44.57080240460633, 2.255761163216761
2015;0310086A;Occitanie;76;Haute-Garonne;Toulouse;16;31;Toulouse;31555;GEORGE SAND;REP+;43.58810544764736;1.4087277975725379;43.58810544764736, 1.4087277975725379
2018;0310086A;Occitanie;76;Haute-Garonne;Toulouse;16;31;Toulouse;31555;GEORGE SAND;REP+;43.58810544764736;1.4087277975725379;43.58810544764736, 1.4087277975725379
2018;0311232W;Occitanie;76;Haute-Garonne;Toulouse;16;31;Toulouse;31555;CLAUDE NOUGARO;REP;43.620138320981326;1.4339488463155168;43.620138320981326, 1.4339488463155168
2016;0740911N;Auvergne-Rhône-Alpes;84;Haute-Savoie;Grenoble;08;74;Cluses;74081;G ANTHONIOZ DE GAULLE;REP;46.06398201824885;6.574563585342877;46.06398201824885, 6.574563585342877
2018;0752198G;Ile-de-France;11;Paris;Paris;01;75;Paris 20e  Arrondissement;75120;PIERRE MENDES FRANCE;REP;48.868065878950105;2.4111584550272513;48.868065878950105, 2.4111584550272513
2016;0752695X;Ile-de-France;11;Paris;Paris;01;75;Paris 19e  Arrondissement;75119;GUILLAUME BUDE;REP;48.8768302948285;2.396256349456825;48.8768302948285, 2.396256349456825
2018;0753046D;Ile-de-France;11;Paris;Paris;01;75;Paris 20e  Arrondissement;75120;FLORA TRISTAN;REP;48.85897795579358;2.4049587195705024;48.85897795579358, 2.4049587195705024
2016;0754706H;Ile-de-France;11;Paris;Paris;01;75;Paris 18e  Arrondissement;75118;MARIE CURIE;REP;48.89327614729706;2.3506890807613026;48.89327614729706, 2.3506890807613026
2017;0754706H;Ile-de-France;11;Paris;Paris;01;75;Paris 18e  Arrondissement;75118;MARIE CURIE;REP;48.89327614729706;2.3506890807613026;48.89327614729706, 2.3506890807613026
2018;0755095F;Ile-de-France;11;Paris;Paris;01;75;Paris 19e  Arrondissement;75119;EDGAR VARESE;REP;48.88896297617971;2.3886108311627616;48.88896297617971, 2.3886108311627616
2018;0755433Y;Ile-de-France;11;Paris;Paris;01;75;Paris 18e  Arrondissement;75118;AIMÉ CÉSAIRE;REP;48.888404995750385;2.362494551374222;48.888404995750385, 2.362494551374222
2017;0180033N;Centre-Val de Loire;24;Cher;Orléans-Tours;18;18;Sancoins;18242;MARGUERITE AUDOUX;REP;46.83492943258112;2.9218655976202235;46.83492943258112, 2.9218655976202235
2016;0180037T;Centre-Val de Loire;24;Cher;Orléans-Tours;18;18;Vierzon;18279;EDOUARD VAILLANT;REP;47.22901280597416;2.0671149566521216;47.22901280597416, 2.0671149566521216
2017;0180593X;Centre-Val de Loire;24;Cher;Orléans-Tours;18;18;Bourges;18033;VICTOR HUGO;REP;47.110226054211594;2.409565313649583;47.110226054211594, 2.409565313649583
2016;0280024Z;Centre-Val de Loire;24;Eure-et-Loir;Orléans-Tours;18;28;Vernouillet;28404;MARCEL PAGNOL;REP;48.7272739577147;1.3283425349956817;48.7272739577147, 1.3283425349956817
2015;0280716B;Centre-Val de Loire;24;Eure-et-Loir;Orléans-Tours;18;28;Dreux;28134;PIERRE ET MARIE CURIE;REP+;48.736241887257606;1.3878250922969768;48.736241887257606, 1.3878250922969768
2019;0451241E;Centre-Val de Loire;24;Loiret;Orléans-Tours;18;45;Saint-Jean-de-la-Ruelle;45285;ANDRE MALRAUX;REP+;47.90393253310024;1.8658707819300295;47.90393253310024, 1.8658707819300295
2016;0511254L;Grand Est;44;Marne;Reims;19;51;Reims;51454;FRANCOIS LEGROS;REP;49.236645796922964;4.011475373896371;49.236645796922964, 4.011475373896371
2018;0951617S;Ile-de-France;11;Val-d'Oise;Versailles;25;95;Cergy;95127;GERARD PHILIPE;REP;49.046237274432976;2.0432308074885728;49.046237274432976, 2.0432308074885728
2017;0931181D;Ile-de-France;11;Seine-Saint-Denis;Créteil;24;93;Bagnolet;93006;GEORGES POLITZER;REP;48.85988612830851;2.417538463347195;48.85988612830851, 2.417538463347195
2016;0941042X;Ile-de-France;11;Val-de-Marne;Créteil;24;94;Orly;94054;DORVAL;REP;48.74391539369027;2.3970831856294303;48.74391539369027, 2.3970831856294303
2017;0080079T;Grand Est;44;Ardennes;Reims;19;08;Charleville-Mézières;08105;FRED SCAMARONI;REP;49.76579474979848;4.6949726944206205;49.76579474979848, 4.6949726944206205
2016;0780116C;Ile-de-France;11;Yvelines;Versailles;25;78;Mantes-la-Ville;78362;LES PLAISANCES;REP;48.97415040739862;1.7051621368163097;48.97415040739862, 1.7051621368163097
2015;0780264N;Ile-de-France;11;Yvelines;Versailles;25;78;Poissy;78498;LES GRANDS CHAMPS;REP+;48.9191720971015;2.026573003432105;48.9191720971015, 2.026573003432105
2015;0780417E;Ile-de-France;11;Yvelines;Versailles;25;78;Mantes-la-Jolie;78361;PAUL CEZANNE;REP+;49.002288507170185;1.6793112816144413;49.002288507170185, 1.6793112816144413
2017;0780417E;Ile-de-France;11;Yvelines;Versailles;25;78;Mantes-la-Jolie;78361;PAUL CEZANNE;REP+;49.002288507170185;1.6793112816144413;49.002288507170185, 1.6793112816144413
2015;0910716J;Ile-de-France;11;Essonne;Versailles;25;91;Savigny-sur-Orge;91589;JEAN MERMOZ;REP;48.67265291675446;2.3415313443860524;48.67265291675446, 2.3415313443860524
2019;0910776Z;Ile-de-France;11;Essonne;Versailles;25;91;Vigneux-sur-Seine;91657;PAUL ELUARD;REP;48.703297383583454;2.418351480369723;48.703297383583454, 2.418351480369723
2015;0911402E;Ile-de-France;11;Essonne;Versailles;25;91;Etampes;91223;DE GUINETTE;REP;48.43661602297895;2.144665889682547;48.43661602297895, 2.144665889682547
2016;0911570M;Ile-de-France;11;Essonne;Versailles;25;91;Corbeil-Essonnes;91174;LEOPOLD SEDAR SENGHOR;REP+;48.615198091949125;2.458096105312862;48.615198091949125, 2.458096105312862
2017;0912173T;Ile-de-France;11;Essonne;Versailles;25;91;Evry-Courcouronnes;91228;GALILEE;REP;48.618719195715386;2.4448912868334864;48.618719195715386, 2.4448912868334864
2017;0921160L;Ile-de-France;11;Hauts-de-Seine;Versailles;25;92;Colombes;92025;JEAN-BAPTISTE CLEMENT;REP;48.93189999560393;2.2579731719669542;48.93189999560393, 2.2579731719669542
2017;0921179G;Ile-de-France;11;Hauts-de-Seine;Versailles;25;92;Châtenay-Malabry;92019;LEONARD DE VINCI;REP;48.763435010358414;2.2526417139452386;48.763435010358414, 2.2526417139452386
2016;0921778H;Ile-de-France;11;Hauts-de-Seine;Versailles;25;92;Bagneux;92007;JOLIOT CURIE;REP;48.802382299288986;2.3161393300177355;48.802382299288986, 2.3161393300177355
2017;0950039B;Ile-de-France;11;Val-d'Oise;Versailles;25;95;Saint-Ouen-l'Aumône;95572;LE PARC;REP;49.0404350389989;2.1111767643498416;49.0404350389989, 2.1111767643498416
2019;0950749Y;Ile-de-France;11;Val-d'Oise;Versailles;25;95;Villiers-le-Bel;95680;SAINT EXUPERY;REP+;49.00082878563883;2.404987844048381;49.00082878563883, 2.404987844048381
2018;0950886X;Ile-de-France;11;Val-d'Oise;Versailles;25;95;Argenteuil;95018;CLAUDE MONET;REP+;48.95484737299336;2.22377664854072;48.95484737299336, 2.22377664854072
2018;0950934Z;Ile-de-France;11;Val-d'Oise;Versailles;25;95;Persan;95487;GEORGES BRASSENS;REP;49.15482334680485;2.2734415238155288;49.15482334680485, 2.2734415238155288
2016;0951094Y;Ile-de-France;11;Val-d'Oise;Versailles;25;95;Argenteuil;95018;PAUL VAILLANT COUTURIER;REP;48.943769470319445;2.2465352236353207;48.943769470319445, 2.2465352236353207
2018;0951800R;Ile-de-France;11;Val-d'Oise;Versailles;25;95;Montigny-lès-Cormeilles;95424;LOUIS ARAGON;REP;48.995034608465424;2.203997643313393;48.995034608465424, 2.203997643313393
2015;0951945Y;Ile-de-France;11;Val-d'Oise;Versailles;25;95;Sarcelles;95585;VICTOR HUGO;REP;48.99971518212608;2.3845892396935042;48.99971518212608, 2.3845892396935042
2015;0080068F;Grand Est;44;Ardennes;Reims;19;08;Charleville-Mézières;08105;ROUGET DE LISLE;REP;49.78678776569225;4.716602522892165;49.78678776569225, 4.716602522892165
2017;0501300S;Normandie;28;Manche;Caen;05;50;Saint-Vaast-la-Hougue;50562;GUILLAUME FOUACE;REP;49.589236205211506;-1.27119995876091;49.589236205211506, -1.27119995876091
2016;0610057F;Normandie;28;Orne;Caen;05;61;Flers;61169;JEAN MONNET;REP;48.74029567015151;-0.570083082053775;48.74029567015151, -0.570083082053775
2015;0631762Y;Auvergne-Rhône-Alpes;84;Puy-de-Dôme;Clermont-Ferrand;06;63;La Monnerie-le-Montel;63231;DE LA DUROLLE;REP;45.87241951580685;3.5977455693957547;45.87241951580685, 3.5977455693957547
2017;0331618E;Nouvelle-Aquitaine;75;Gironde;Bordeaux;04;33;Bordeaux;33063;LEONARD LENOIR;REP;44.84153932220803;-0.5538237748046175;44.84153932220803, -0.5538237748046175
2017;0331891B;Nouvelle-Aquitaine;75;Gironde;Bordeaux;04;33;Lesparre-Médoc;33240;LES LESQUES;REP;45.299778351907634;-0.9264684515393479;45.299778351907634, -0.9264684515393479
2017;0510052E;Grand Est;44;Marne;Reims;19;51;Sermaize-les-Bains;51531;LOUIS PASTEUR;REP;48.784965984150425;4.908203900551351;48.784965984150425, 4.908203900551351
2016;0590099M;Hauts-de-France;32;Nord;Lille;09;59;Hautmont;59291;AUGUSTE PERIER;REP;50.24676995709815;3.9168167456239322;50.24676995709815, 3.9168167456239322
2019;0593177H;Hauts-de-France;32;Nord;Lille;09;59;Lille;59350;JEAN ZAY;REP;50.647749627649176;2.9854987317161483;50.647749627649176, 2.9854987317161483
2019;0593185S;Hauts-de-France;32;Nord;Lille;09;59;Sin-le-Noble;59569;ANATOLE FRANCE;REP;50.361329331555964;3.114949443162363;50.361329331555964, 3.114949443162363
2018;0593242D;Hauts-de-France;32;Nord;Lille;09;59;Wattrelos;59650;GUSTAVE NADAUD;REP;50.70884740732559;3.1978302784174524;50.70884740732559, 3.1978302784174524
2015;0593488W;Hauts-de-France;32;Nord;Lille;09;59;Cambrai;59122;LAMARTINE;REP;50.158508681826056;3.263584824286446;50.158508681826056, 3.263584824286446
2015;0593660H;Hauts-de-France;32;Nord;Lille;09;59;Loos;59360;RENE DESCARTES;REP+;50.60889499377326;3.0067147312333664;50.60889499377326, 3.0067147312333664
2019;0593686L;Hauts-de-France;32;Nord;Lille;09;59;Louvroil;59365;JACQUES BREL;REP+;50.26333775507384;3.965091081203428;50.26333775507384, 3.965091081203428
2017;0594168K;Hauts-de-France;32;Nord;Lille;09;59;Feignies;59225;JEAN ZAY;REP;50.29266346313587;3.920406963163306;50.29266346313587, 3.920406963163306
2015;0594299C;Hauts-de-France;32;Nord;Lille;09;59;Denain;59172;TURGOT;REP+;50.330725874412636;3.395437553989738;50.330725874412636, 3.395437553989738
2015;0594362W;Hauts-de-France;32;Nord;Lille;09;59;Maubeuge;59392;VAUBAN;REP+;50.27445923497275;3.9417317994370746;50.27445923497275, 3.9417317994370746
2015;0594402P;Hauts-de-France;32;Nord;Lille;09;59;Douai;59178;ANDRE CANIVEZ;REP;50.385567698602465;3.0743791465034573;50.385567698602465, 3.0743791465034573
2016;0594402P;Hauts-de-France;32;Nord;Lille;09;59;Douai;59178;ANDRE CANIVEZ;REP;50.385567698602465;3.0743791465034573;50.385567698602465, 3.0743791465034573
2016;0594409X;Hauts-de-France;32;Nord;Lille;09;59;Escautpont;59207;JEAN ZAY;REP;50.4207805664941;3.5518413509651863;50.4207805664941, 3.5518413509651863
2015;0594418G;Hauts-de-France;32;Nord;Lille;09;59;Jeumont;59324;CHARLES DE GAULLE;REP;50.30307795955962;4.090247306355392;50.30307795955962, 4.090247306355392
2015;0594524X;Hauts-de-France;32;Nord;Lille;09;59;Wattignies;59648;JEAN MOULIN;REP;50.59193523668529;3.0459524056141873;50.59193523668529, 3.0459524056141873
2017;0594533G;Hauts-de-France;32;Nord;Lille;09;59;Lourches;59361;VOLTAIRE;REP;50.31470374644448;3.355410705247856;50.31470374644448, 3.355410705247856
2019;0594634S;Hauts-de-France;32;Nord;Lille;09;59;Roubaix;59512;THEODORE MONOD;REP+;50.67211692083564;3.1825854232379704;50.67211692083564, 3.1825854232379704
2019;0595782P;Hauts-de-France;32;Nord;Lille;09;59;Grande-Synthe;59271;DU MOULIN;REP+;51.01131527401728;2.3041700698011334;51.01131527401728, 2.3041700698011334
2015;0596529B;Hauts-de-France;32;Nord;Lille;09;59;Pecquencourt;59456;MAURICE SCHUMANN;REP;50.37506182229881;3.2054338458370792;50.37506182229881, 3.2054338458370792
2015;0596860L;Hauts-de-France;32;Nord;Lille;09;59;Tourcoing;59599;LUCIE AUBRAC;REP+;50.73096722790286;3.1303902796289336;50.73096722790286, 3.1303902796289336
2019;0596860L;Hauts-de-France;32;Nord;Lille;09;59;Tourcoing;59599;LUCIE AUBRAC;REP+;50.73096722790286;3.1303902796289336;50.73096722790286, 3.1303902796289336
2019;0620021L;Hauts-de-France;32;Pas-de-Calais;Lille;09;62;Auchel;62048;SEVIGNE;REP;50.506572780566515;2.464543788933794;50.506572780566515, 2.464543788933794
2014;0620055Y;Hauts-de-France;32;Pas-de-Calais;Lille;09;62;Boulogne-sur-Mer;62160;PAUL LANGEVIN;REP+;50.73372509352722;1.6185558409775755;50.73372509352722, 1.6185558409775755
2015;0620219B;Hauts-de-France;32;Pas-de-Calais;Lille;09;62;Liévin;62510;DANIELLE DARRAS RIAUMONT;REP;50.419953696945214;2.788046427719581;50.419953696945214, 2.788046427719581
2018;0622269E;Hauts-de-France;32;Pas-de-Calais;Lille;09;62;Noeux-les-Mines;62617;ANATOLE FRANCE;REP;50.47179839212424;2.6625189557643254;50.47179839212424, 2.6625189557643254
2016;0622423X;Hauts-de-France;32;Pas-de-Calais;Lille;09;62;Montigny-en-Gohelle;62587;YOURI GAGARINE;REP;50.43106412506696;2.9319665516904587;50.43106412506696, 2.9319665516904587
2015;0622434J;Hauts-de-France;32;Pas-de-Calais;Lille;09;62;Saint-Martin-Boulogne;62758;ROGER SALENGRO;REP;50.72761762889478;1.6306109980325028;50.72761762889478, 1.6306109980325028
2018;0601191U;Hauts-de-France;32;Oise;Amiens;20;60;Méru;60395;DU THELLE;REP;49.230635543834566;2.1241908808375523;49.230635543834566, 2.1241908808375523
2016;0020024R;Hauts-de-France;32;Aisne;Amiens;20;02;Fère-en-Tardenois;02305;ANNE DE MONTMORENCY;REP;49.19890491055798;3.506935476255361;49.19890491055798, 3.506935476255361
2017;0060838D;Provence-Alpes-Côte d'Azur;93;Alpes-Maritimes;Nice;23;06;Nice;06088;SIMONE VEIL (VICTOR DURUY);REP;43.709720747119626;7.279838803650565;43.709720747119626, 7.279838803650565
2015;0061211J;Provence-Alpes-Côte d'Azur;93;Alpes-Maritimes;Nice;23;06;Vallauris;06155;PABLO PICASSO;REP;43.58031470845931;7.056731777062506;43.58031470845931, 7.056731777062506
2019;0061211J;Provence-Alpes-Côte d'Azur;93;Alpes-Maritimes;Nice;23;06;Vallauris;06155;PABLO PICASSO;REP;43.58031470845931;7.056731777062506;43.58031470845931, 7.056731777062506
2019;0080017A;Grand Est;44;Ardennes;Reims;19;08;Fumay;08185;LES AURAINS;REP;49.99152688488634;4.705631254720321;49.99152688488634, 4.705631254720321
2017;0080826E;Grand Est;44;Ardennes;Reims;19;08;Sedan;08409;LE LAC;REP+;49.69429900317458;4.939797645024404;49.69429900317458, 4.939797645024404
2019;0100947A;Grand Est;44;Aube;Reims;19;10;Troyes;10387;PIERRE ET FRANCOIS PITHOU;REP;48.30754421390066;4.061637592634238;48.30754421390066, 4.061637592634238
2017;0132327J;Provence-Alpes-Côte d'Azur;93;Bouches-du-Rhône;Aix-Marseille;02;13;Miramas;13063;MIRAMARIS;REP+;43.59320165356297;5.010470120513064;43.59320165356297, 5.010470120513064
2016;0340836Z;Occitanie;76;Hérault;Montpellier;11;34;Béziers;34032;PAUL RIQUET;REP+;43.34503046125156;3.2190910269912676;43.34503046125156, 3.2190910269912676
2017;0340836Z;Occitanie;76;Hérault;Montpellier;11;34;Béziers;34032;PAUL RIQUET;REP+;43.34503046125156;3.2190910269912676;43.34503046125156, 3.2190910269912676
2015;0341321B;Occitanie;76;Hérault;Montpellier;11;34;Béziers;34032;KATIA ET MAURICE KRAFFT;REP+;43.3368266574793;3.249577760119835;43.3368266574793, 3.249577760119835
2017;0421689H;Auvergne-Rhône-Alpes;84;Loire;Lyon;10;42;La Ricamarie;42183;JULES VALLES;REP+;45.39926867858585;4.366679864046602;45.39926867858585, 4.366679864046602
2018;0421689H;Auvergne-Rhône-Alpes;84;Loire;Lyon;10;42;La Ricamarie;42183;JULES VALLES;REP+;45.39926867858585;4.366679864046602;45.39926867858585, 4.366679864046602
2017;0810126X;Occitanie;76;Tarn;Toulouse;16;81;Mazamet;81163;JEAN-LOUIS ETIENNE;REP;43.5050146298112;2.382168508451101;43.5050146298112, 2.382168508451101
2017;0421486M;Auvergne-Rhône-Alpes;84;Loire;Lyon;10;42;Saint-Chamond;42207;PIERRE JOANNON;REP;45.463128735495296;4.509869703970299;45.463128735495296, 4.509869703970299
2018;0692578C;Auvergne-Rhône-Alpes;84;Rhône;Lyon;10;69;Lyon 7e  Arrondissement;69387;GABRIEL ROSSET;REP;45.72973324798414;4.840099666064277;45.72973324798414, 4.840099666064277
2015;0692703N;Auvergne-Rhône-Alpes;84;Rhône;Lyon;10;69;Lyon 9e  Arrondissement;69389;JEAN DE VERRAZANE;REP;45.77380400957952;4.8045964124717155;45.77380400957952, 4.8045964124717155
2017;0692336P;Auvergne-Rhône-Alpes;84;Rhône;Lyon;10;69;Vaulx-en-Velin;69256;HENRI BARBUSSE;REP+;45.78561586444178;4.915963140888081;45.78561586444178, 4.915963140888081
2018;0290149E;Bretagne;53;Finistère;Rennes;14;29;Brest;29019;KERHALLET;REP;48.40363054978629;-4.510363560787079;48.40363054978629, -4.510363560787079
2017;0350913C;Bretagne;53;Ille-et-Vilaine;Rennes;14;35;Rennes;35238;CLOTILDE VAUTIER;REP;48.12625632364829;-1.6679336381494778;48.12625632364829, -1.6679336381494778
2018;0350913C;Bretagne;53;Ille-et-Vilaine;Rennes;14;35;Rennes;35238;CLOTILDE VAUTIER;REP;48.12625632364829;-1.6679336381494778;48.12625632364829, -1.6679336381494778
2018;0560071Y;Bretagne;53;Morbihan;Rennes;14;56;Lorient;56121;JEAN LE COUTALLER;REP;47.762890451665484;-3.380117358648323;47.762890451665484, -3.380117358648323
2017;0132785G;Provence-Alpes-Côte d'Azur;93;Bouches-du-Rhône;Aix-Marseille;02;13;Marseille 15e  Arrondissement;13215;ROSA PARKS;REP+;43.331237259962585;5.365677889611877;43.331237259962585, 5.365677889611877
2018;0132323E;Provence-Alpes-Côte d'Azur;93;Bouches-du-Rhône;Aix-Marseille;02;13;Port-Saint-Louis-du-Rhône;13078;MAXIMILIEN ROBESPIERRE;REP;43.391664211472786;4.80437498911897;43.391664211472786, 4.80437498911897
2015;0132403S;Provence-Alpes-Côte d'Azur;93;Bouches-du-Rhône;Aix-Marseille;02;13;Marseille 11e  Arrondissement;13211;FRANCOIS VILLON;REP;43.28540727567788;5.46249939516656;43.28540727567788, 5.46249939516656
2018;0132572A;Provence-Alpes-Côte d'Azur;93;Bouches-du-Rhône;Aix-Marseille;02;13;Arles;13004;AMPERE;REP+;43.67347246794884;4.62668966743531;43.67347246794884, 4.62668966743531
2018;0134022B;Provence-Alpes-Côte d'Azur;93;Bouches-du-Rhône;Aix-Marseille;02;13;Marseille 10e  Arrondissement;13210;LOUISE MICHEL;REP;43.276588920295026;5.4085359002879265;43.276588920295026, 5.4085359002879265
2017;0141136J;Normandie;28;Calvados;Caen;05;14;Hérouville-Saint-Clair;14327;PIERRE VARIGNON;REP;49.19663021261219;-0.33301993990372764;49.19663021261219, -0.33301993990372764
2016;0261091V;Auvergne-Rhône-Alpes;84;Drôme;Grenoble;08;26;Romans-sur-Isère;26281;ALBERT TRIBOULET;REP;45.04522509946785;5.056999384307703;45.04522509946785, 5.056999384307703
2017;0261091V;Auvergne-Rhône-Alpes;84;Drôme;Grenoble;08;26;Romans-sur-Isère;26281;ALBERT TRIBOULET;REP;45.04522509946785;5.056999384307703;45.04522509946785, 5.056999384307703
2017;0271095U;Normandie;28;Eure;Rouen;21;27;Evreux;27229;GEORGES POLITZER;REP;49.00612913745159;1.1473266885808986;49.00612913745159, 1.1473266885808986
2017;0300037C;Occitanie;76;Gard;Montpellier;11;30;Saint-Gilles;30258;JEAN VILAR;REP;43.68571903132634;4.433340756512215;43.68571903132634, 4.433340756512215
2015;0530484N;Pays de la Loire;52;Mayenne;Nantes;17;53;Laval;53130;ALAIN GERBAULT;REP+;48.06138756076098;-0.7481131760913879;48.06138756076098, -0.7481131760913879
2017;0550701N;Grand Est;44;Meuse;Nancy-Metz;12;55;Bar-le-Duc;55029;JACQUES PREVERT;REP+;48.77975801911524;5.17028239651293;48.77975801911524, 5.17028239651293
2019;0570326V;Grand Est;44;Moselle;Nancy-Metz;12;57;Freyming-Merlebach;57240;CLAUDIE HAIGNERE;REP;49.15473029952292;6.817737811992022;49.15473029952292, 6.817737811992022
2019;0572579U;Grand Est;44;Moselle;Nancy-Metz;12;57;Woippy;57751;JULES FERRY;REP+;49.148211624936835;6.168932695830691;49.148211624936835, 6.168932695830691
2019;0631522M;Auvergne-Rhône-Alpes;84;Puy-de-Dôme;Clermont-Ferrand;06;63;Clermont-Ferrand;63113;ALBERT CAMUS;REP+;45.80771203575575;3.1076621047125155;45.80771203575575, 3.1076621047125155
2018;0671590P;Grand Est;44;Bas-Rhin;Strasbourg;15;67;Strasbourg;67482;SOPHIE GERMAIN;REP;48.60107038309423;7.719251489407021;48.60107038309423, 7.719251489407021
2015;0690076H;Auvergne-Rhône-Alpes;84;Rhône;Lyon;10;69;Pierre-Bénite;69152;MARCEL PAGNOL;REP+;45.69905751361218;4.818770899242259;45.69905751361218, 4.818770899242259
2015;0720001K;Pays de la Loire;52;Sarthe;Nantes;17;72;Allonnes;72003;JOHN KENNEDY;REP;47.96543902201654;0.16267187225549418;47.96543902201654, 0.16267187225549418
2016;0730901H;Auvergne-Rhône-Alpes;84;Savoie;Grenoble;08;73;Chambéry;73065;COTE ROUSSE;REP+;45.59073845120884;5.920813637963515;45.59073845120884, 5.920813637963515
2017;0741139L;Auvergne-Rhône-Alpes;84;Haute-Savoie;Grenoble;08;74;Scionzier;74264;JEAN JACQUES GALLAY;REP;46.06842108335853;6.5382277639335395;46.06842108335853, 6.5382277639335395
2015;0761737A;Normandie;28;Seine-Maritime;Rouen;21;76;Le Petit-Quevilly;76498;DENIS DIDEROT;REP;49.42158540796852;1.0586284827858308;49.42158540796852, 1.0586284827858308
2016;0941034N;Ile-de-France;11;Val-de-Marne;Créteil;24;94;Vitry-sur-Seine;94081;JOSEPH LAKANAL;REP;48.793714454965944;2.383360402437281;48.793714454965944, 2.383360402437281
2019;0941224V;Ile-de-France;11;Val-de-Marne;Créteil;24;94;Vitry-sur-Seine;94081;FRANCOIS RABELAIS;REP;48.78078831738193;2.391801312818068;48.78078831738193, 2.391801312818068
2019;6200006M;Corse;94;Corse-du-Sud;Corse;27;2A;Ajaccio;2A004;ARTHUR GIOVONI;REP;41.94127253834111;8.74877474120482;41.94127253834111, 8.74877474120482
2015;9720031B;Martinique;02;Martinique;Martinique;31;972;Le Vauclin;97232;DU VAUCLIN (LE VAUCLIN);REP+;14.544374150854615;-60.83773965674344;14.544374150854615, -60.83773965674344
2017;9720351Z;Martinique;02;Martinique;Martinique;31;972;La Trinité;97230;DE BEAUSEJOUR (BEAUSEJOUR);REP;14.745661327847067;-60.949924943708055;14.745661327847067, -60.949924943708055
2017;9730182K;Guyane;03;Guyane;Guyane;33;973;Matoury;97307;LA CANOPEE;REP+;4.846308746094331;-52.32736208781621;4.846308746094331, -52.32736208781621
2018;9730329V;Guyane;03;Guyane;Guyane;33;973;Saint-Laurent-du-Maroni;97311;PAUL JEAN-LOUIS;REP+;5.485693337955278;-54.01555594103458;5.485693337955278, -54.01555594103458
2015;9740703W;La Réunion;04;La Réunion;La Réunion;28;974;Saint-André;97409;CAMBUSTON;REP+;-20.928536902324367;55.64621069259988;-20.928536902324367, 55.64621069259988
2016;9741208V;La Réunion;04;La Réunion;La Réunion;28;974;Saint-Denis;97411;ELIE WIESEL DU CHAUDRON (DU CHAUDRON);REP+;-20.89304065901602;55.484908050865435;-20.89304065901602, 55.484908050865435
2015;9741261C;La Réunion;04;La Réunion;La Réunion;28;974;Saint-André;97409;TERRAIN FAYARD;REP;-20.947105739520563;55.65727305141787;-20.947105739520563, 55.65727305141787
2018;9741261C;La Réunion;04;La Réunion;La Réunion;28;974;Saint-André;97409;TERRAIN FAYARD;REP;-20.947105739520563;55.65727305141787;-20.947105739520563, 55.65727305141787
2018;9741313J;La Réunion;04;La Réunion;La Réunion;28;974;Le Port;97407;JEAN LE TOULLEC;REP+;-20.94883740406977;55.30661891580256;-20.94883740406977, 55.30661891580256
2015;9760009F;Mayotte;06;Mayotte;Mayotte;43;976;Mamoudzou;97611;NELSON MANDELA;REP+;-12.780616259627076;45.22804397753258;-12.780616259627076, 45.22804397753258
2017;9760166B;Mayotte;06;Mayotte;Mayotte;43;976;Kani-Kéli;97609;DES YLANGS YLANGS;REP;-12.95664040511923;45.10510859047596;-12.95664040511923, 45.10510859047596
2016;0931230G;Ile-de-France;11;Seine-Saint-Denis;Créteil;24;93;Saint-Denis;93066;ELSA TRIOLET;REP;48.939437891319834;2.348305472335247;48.939437891319834, 2.348305472335247
2015;0931231H;Ile-de-France;11;Seine-Saint-Denis;Créteil;24;93;Saint-Denis;93066;PIERRE DE GEYTER;REP;48.93377244124233;2.3499707099871276;48.93377244124233, 2.3499707099871276
2015;0931607S;Ile-de-France;11;Seine-Saint-Denis;Créteil;24;93;Villepinte;93078;JEAN JAURES;REP;48.94914142828419;2.5511504388427246;48.94914142828419, 2.5511504388427246
2015;0931707A;Ile-de-France;11;Seine-Saint-Denis;Créteil;24;93;Montfermeil;93047;PABLO PICASSO;REP;48.89959545083097;2.5780725817817616;48.89959545083097, 2.5780725817817616
2018;0931860S;Ile-de-France;11;Seine-Saint-Denis;Créteil;24;93;Bondy;93010;BROSSOLETTE;REP;48.90262594300085;2.4884911905172373;48.90262594300085, 2.4884911905172373
2019;0932366S;Ile-de-France;11;Seine-Saint-Denis;Créteil;24;93;Clichy-sous-Bois;93014;ROBERT DOISNEAU;REP+;48.91255112569176;2.5469240090057186;48.91255112569176, 2.5469240090057186
2016;0932582B;Ile-de-France;11;Seine-Saint-Denis;Créteil;24;93;Saint-Denis;93066;DORA MAAR;REP;48.920954294742565;2.3375613385256524;48.920954294742565, 2.3375613385256524
2019;0941026E;Ile-de-France;11;Val-de-Marne;Créteil;24;94;Ivry-sur-Seine;94041;MOLIERE;REP;48.816559292526925;2.392386447811229;48.816559292526925, 2.392386447811229
2019;0941033M;Ile-de-France;11;Val-de-Marne;Créteil;24;94;Vitry-sur-Seine;94081;JEAN PERRIN;REP;48.79558974328478;2.380065590824601;48.79558974328478, 2.380065590824601
2018;0941034N;Ile-de-France;11;Val-de-Marne;Créteil;24;94;Vitry-sur-Seine;94081;JOSEPH LAKANAL;REP;48.793714454965944;2.383360402437281;48.793714454965944, 2.383360402437281
2019;0941092B;Ile-de-France;11;Val-de-Marne;Créteil;24;94;Champigny-sur-Marne;94017;ELSA TRIOLET;REP+;48.80386987137369;2.550655155565295;48.80386987137369, 2.550655155565295
2016;9710686U;Guadeloupe;01;Guadeloupe;Guadeloupe;32;971;Pointe-à-Pitre;97120;FRONT DE MER;REP;16.24906289422986;-61.544439820698265;16.24906289422986, -61.544439820698265
2015;0171117X;Nouvelle-Aquitaine;75;Charente-Maritime;Poitiers;13;17;La Rochelle;17300;FABRE D EGLANTINE;REP;46.15199513206427;-1.116581317457312;46.15199513206427, -1.116581317457312
2018;0311235Z;Occitanie;76;Haute-Garonne;Toulouse;16;31;Toulouse;31555;BELLEFONTAINE;REP+;43.56031402741889;1.4021262906947893;43.56031402741889, 1.4021262906947893
2015;0350708E;Bretagne;53;Ille-et-Vilaine;Rennes;14;35;Dol-de-Bretagne;35095;PAUL FEVAL;REP;48.538947132297224;-1.7653987808097409;48.538947132297224, -1.7653987808097409
2015;0351851X;Bretagne;53;Ille-et-Vilaine;Rennes;14;35;Rennes;35238;LA BINQUENAIS;REP;48.0904863079808;-1.6632653804557214;48.0904863079808, -1.6632653804557214
2019;0280924C;Centre-Val de Loire;24;Eure-et-Loir;Orléans-Tours;18;28;Nogent-le-Rotrou;28280;PIERRE BROSSOLETTE;REP;48.324188698636085;0.7992509438265312;48.324188698636085, 0.7992509438265312
2016;0381780D;Auvergne-Rhône-Alpes;84;Isère;Grenoble;08;38;Grenoble;38185;OLYMPIQUE;REP;45.16173096250118;5.728092999279628;45.16173096250118, 5.728092999279628
2016;0751793S;Ile-de-France;11;Paris;Paris;01;75;Paris 18e  Arrondissement;75118;MAURICE UTRILLO;REP+;48.89850972237922;2.344331539254156;48.89850972237922, 2.344331539254156
2018;0752252R;Ile-de-France;11;Paris;Paris;01;75;Paris 18e  Arrondissement;75118;HECTOR BERLIOZ;REP;48.89580660255976;2.332812845002539;48.89580660255976, 2.332812845002539
2015;0752694W;Ile-de-France;11;Paris;Paris;01;75;Paris 13e  Arrondissement;75113;CAMILLE CLAUDEL;REP;48.820450611738934;2.364643821822803;48.820450611738934, 2.364643821822803
2016;0753047E;Ile-de-France;11;Paris;Paris;01;75;Paris 10e  Arrondissement;75110;LA GRANGE AUX BELLES;REP;48.87855293273244;2.36691564025647;48.87855293273244, 2.36691564025647
2018;0755747P;Ile-de-France;11;Paris;Paris;01;75;Paris 19e  Arrondissement;75119;SUZANNE LACORE;REP;48.898796984387936;2.3791653645815147;48.898796984387936, 2.3791653645815147
2019;0931379U;Ile-de-France;11;Seine-Saint-Denis;Créteil;24;93;Aulnay-sous-Bois;93005;PABLO NERUDA;REP+;48.95123050938797;2.51984315770187;48.95123050938797, 2.51984315770187
2016;0180033N;Centre-Val de Loire;24;Cher;Orléans-Tours;18;18;Sancoins;18242;MARGUERITE AUDOUX;REP;46.83492943258112;2.9218655976202235;46.83492943258112, 2.9218655976202235
2018;0450840U;Centre-Val de Loire;24;Loiret;Orléans-Tours;18;45;Châlette-sur-Loing;45068;PAUL ELUARD;REP;48.00527288059747;2.706487677223496;48.00527288059747, 2.706487677223496
2019;0450840U;Centre-Val de Loire;24;Loiret;Orléans-Tours;18;45;Châlette-sur-Loing;45068;PAUL ELUARD;REP;48.00527288059747;2.706487677223496;48.00527288059747, 2.706487677223496
2016;0451070U;Centre-Val de Loire;24;Loiret;Orléans-Tours;18;45;Orléans;45234;MONTESQUIEU;REP;47.833157346585494;1.9364235104271923;47.833157346585494, 1.9364235104271923
2016;0451450G;Centre-Val de Loire;24;Loiret;Orléans-Tours;18;45;Gien;45155;JEAN MERMOZ;REP;47.70795055745937;2.6209507722745498;47.70795055745937, 2.6209507722745498
2019;0910049J;Ile-de-France;11;Essonne;Versailles;25;91;Ris-Orangis;91521;ALBERT CAMUS;REP;48.65238645663789;2.4010894641725207;48.65238645663789, 2.4010894641725207
2016;0931185H;Ile-de-France;11;Seine-Saint-Denis;Créteil;24;93;Aubervilliers;93001;GABRIEL PERI;REP;48.91908120642866;2.400967873810693;48.91908120642866, 2.400967873810693
2017;0781108F;Ile-de-France;11;Yvelines;Versailles;25;78;Chanteloup-les-Vignes;78138;RENE CASSIN;REP+;48.973991194250964;2.030958769778826;48.973991194250964, 2.030958769778826
2019;0781108F;Ile-de-France;11;Yvelines;Versailles;25;78;Chanteloup-les-Vignes;78138;RENE CASSIN;REP+;48.973991194250964;2.030958769778826;48.973991194250964, 2.030958769778826
2016;0781896M;Ile-de-France;11;Yvelines;Versailles;25;78;Mantes-la-Jolie;78361;PASTEUR;REP+;48.9940204302503;1.6919869306633348;48.9940204302503, 1.6919869306633348
2018;0781896M;Ile-de-France;11;Yvelines;Versailles;25;78;Mantes-la-Jolie;78361;PASTEUR;REP+;48.9940204302503;1.6919869306633348;48.9940204302503, 1.6919869306633348
2016;0910056S;Ile-de-France;11;Essonne;Versailles;25;91;Viry-Châtillon;91687;OLIVIER DE SERRES;REP;48.65643875494793;2.3685082299338918;48.65643875494793, 2.3685082299338918
2018;0921545E;Ile-de-France;11;Hauts-de-Seine;Versailles;25;92;Asnières-sur-Seine;92004;ANDRE MALRAUX;REP;48.92643021819668;2.2775087494614703;48.92643021819668, 2.2775087494614703
2015;0921778H;Ile-de-France;11;Hauts-de-Seine;Versailles;25;92;Bagneux;92007;JOLIOT CURIE;REP;48.802382299288986;2.3161393300177355;48.802382299288986, 2.3161393300177355
2015;0950749Y;Ile-de-France;11;Val-d'Oise;Versailles;25;95;Villiers-le-Bel;95680;SAINT EXUPERY;REP+;49.00082878563883;2.404987844048381;49.00082878563883, 2.404987844048381
2019;0950934Z;Ile-de-France;11;Val-d'Oise;Versailles;25;95;Persan;95487;GEORGES BRASSENS;REP;49.15482334680485;2.2734415238155288;49.15482334680485, 2.2734415238155288
2015;0741165P;Auvergne-Rhône-Alpes;84;Haute-Savoie;Grenoble;08;74;Annemasse;74012;MICHEL SERVET;REP;46.1928508756793;6.237465647547288;46.1928508756793, 6.237465647547288
2018;0594879H;Hauts-de-France;32;Nord;Lille;09;59;Fourmies;59249;JOLIOT-CURIE;REP;50.01822256383901;4.060953490354967;50.01822256383901, 4.060953490354967
2019;0596833G;Hauts-de-France;32;Nord;Lille;09;59;Lille;59350;NINA SIMONE;REP+;50.62421657110629;3.044394796238675;50.62421657110629, 3.044394796238675
2015;0620158K;Hauts-de-France;32;Pas-de-Calais;Lille;09;62;Rouvroy;62724;PAUL LANGEVIN;REP;50.405160193236966;2.9051386111781663;50.405160193236966, 2.9051386111781663
2016;0620198D;Hauts-de-France;32;Pas-de-Calais;Lille;09;62;Bruay-la-Buissière;62178;ALBERT CAMUS;REP;50.475474224343714;2.558435030164203;50.475474224343714, 2.558435030164203
2018;0622094P;Hauts-de-France;32;Pas-de-Calais;Lille;09;62;Aire-sur-la-Lys;62014;JEAN JAURES;REP;50.635453031824476;2.400608035658177;50.635453031824476, 2.400608035658177
2017;0622946R;Hauts-de-France;32;Pas-de-Calais;Lille;09;62;Auchy-les-Mines;62051;JOLIOT-CURIE;REP;50.51789053363438;2.7882000741563964;50.51789053363438, 2.7882000741563964
2015;0932263E;Ile-de-France;11;Seine-Saint-Denis;Créteil;24;93;Villepinte;93078;CAMILLE CLAUDEL;REP;48.952478375012944;2.561792390694863;48.952478375012944, 2.561792390694863
2018;0021826Z;Hauts-de-France;32;Aisne;Amiens;20;02;Château-Thierry;02168;JEAN ROSTAND;REP;49.05871287531667;3.383813868598672;49.05871287531667, 3.383813868598672
2019;0331464M;Nouvelle-Aquitaine;75;Gironde;Bordeaux;04;33;Cenon;33119;JEAN ZAY (JEAN ZAY );REP;44.854269276403016;-0.5131398952893848;44.854269276403016, -0.5131398952893848
2019;0331885V;Nouvelle-Aquitaine;75;Gironde;Bordeaux;04;33;Cenon;33119;JEAN JAURES;REP;44.862885209225176;-0.5166330993847211;44.862885209225176, -0.5166330993847211
2018;0601179F;Hauts-de-France;32;Oise;Amiens;20;60;Nogent-sur-Oise;60463;MARCELIN BERTHELOT;REP;49.281399722449514;2.476236895061743;49.281399722449514, 2.476236895061743
2016;0840758T;Provence-Alpes-Côte d'Azur;93;Vaucluse;Aix-Marseille;02;84;Avignon;84007;FREDERIC MISTRAL;REP;43.946129241418305;4.7998681470359825;43.946129241418305, 4.7998681470359825
2019;0020007X;Hauts-de-France;32;Aisne;Amiens;20;02;Bohain-en-Vermandois;02095;HENRI MATISSE;REP+;49.985103348276716;3.4561271827721325;49.985103348276716, 3.4561271827721325
2015;0060838D;Provence-Alpes-Côte d'Azur;93;Alpes-Maritimes;Nice;23;06;Nice;06088;SIMONE VEIL (VICTOR DURUY);REP;43.709720747119626;7.279838803650565;43.709720747119626, 7.279838803650565
2017;0061129V;Provence-Alpes-Côte d'Azur;93;Alpes-Maritimes;Nice;23;06;Nice;06088;JULES ROMAINS;REP+;43.67792635308759;7.202085178877933;43.67792635308759, 7.202085178877933
2019;0080826E;Grand Est;44;Ardennes;Reims;19;08;Sedan;08409;LE LAC;REP+;49.69429900317458;4.939797645024404;49.69429900317458, 4.939797645024404
2015;0100038M;Grand Est;44;Aube;Reims;19;10;Troyes;10387;LES JACOBINS;REP;48.29606319748688;4.079776955215974;48.29606319748688, 4.079776955215974
2019;0100807Y;Grand Est;44;Aube;Reims;19;10;La Chapelle-Saint-Luc;10081;PIERRE BROSSOLETTE;REP+;48.305258527536495;4.033705039109518;48.305258527536495, 4.033705039109518
2019;0130306M;Provence-Alpes-Côte d'Azur;93;Bouches-du-Rhône;Aix-Marseille;02;13;Arles;13004;MARINETTE CARLETTI;REP;43.5574912848906;4.728042238467275;43.5574912848906, 4.728042238467275
2015;0131260Z;Provence-Alpes-Côte d'Azur;93;Bouches-du-Rhône;Aix-Marseille;02;13;Marseille 13e  Arrondissement;13213;EDMOND ROSTAND;REP+;43.3285229352973;5.408321004299624;43.3285229352973, 5.408321004299624
2019;0131611F;Provence-Alpes-Côte d'Azur;93;Bouches-du-Rhône;Aix-Marseille;02;13;Tarascon;13108;RENE CASSIN;REP;43.81837826589648;4.662029851916059;43.81837826589648, 4.662029851916059
2014;0131935H;Provence-Alpes-Côte d'Azur;93;Bouches-du-Rhône;Aix-Marseille;02;13;Marseille  3e  Arrondissement;13203;EDGAR QUINET;REP+;43.30694525124522;5.379561803755705;43.30694525124522, 5.379561803755705
2016;0570326V;Grand Est;44;Moselle;Nancy-Metz;12;57;Freyming-Merlebach;57240;CLAUDIE HAIGNERE;REP;49.15473029952292;6.817737811992022;49.15473029952292, 6.817737811992022
2017;0570326V;Grand Est;44;Moselle;Nancy-Metz;12;57;Freyming-Merlebach;57240;CLAUDIE HAIGNERE;REP;49.15473029952292;6.817737811992022;49.15473029952292, 6.817737811992022
2017;0572183N;Grand Est;44;Moselle;Nancy-Metz;12;57;Puttelange-aux-Lacs;57556;JEAN BAPTISTE EBLE;REP;49.05257108758762;6.925385733218643;49.05257108758762, 6.925385733218643
2019;0572183N;Grand Est;44;Moselle;Nancy-Metz;12;57;Puttelange-aux-Lacs;57556;JEAN BAPTISTE EBLE;REP;49.05257108758762;6.925385733218643;49.05257108758762, 6.925385733218643
2015;0572491Y;Grand Est;44;Moselle;Nancy-Metz;12;57;Hombourg-Haut;57332;ROBERT SCHUMAN;REP+;49.13890738186971;6.777449906556984;49.13890738186971, 6.777449906556984
2017;0601177D;Hauts-de-France;32;Oise;Amiens;20;60;Creil;60175;JEAN JACQUES ROUSSEAU;REP;49.25038471739708;2.4829012850174195;49.25038471739708, 2.4829012850174195
2018;0631522M;Auvergne-Rhône-Alpes;84;Puy-de-Dôme;Clermont-Ferrand;06;63;Clermont-Ferrand;63113;ALBERT CAMUS;REP+;45.80771203575575;3.1076621047125155;45.80771203575575, 3.1076621047125155
2017;0691497C;Auvergne-Rhône-Alpes;84;Rhône;Lyon;10;69;Saint-Priest;69290;COLETTE;REP;45.69021551638441;4.943089318167755;45.69021551638441, 4.943089318167755
2018;0710534V;Bourgogne-Franche-Comté;27;Saône-et-Loire;Dijon;07;71;Mâcon;71270;ROBERT SCHUMAN;REP;46.319927834942426;4.836662552758503;46.319927834942426, 4.836662552758503
2018;0730904L;Auvergne-Rhône-Alpes;84;Savoie;Grenoble;08;73;Albertville;73011;COMBE DE SAVOIE;REP;45.665984194235634;6.3715972519623705;45.665984194235634, 6.3715972519623705
2015;0760086F;Normandie;28;Seine-Maritime;Rouen;21;76;Petit-Couronne;76497;LOUIS PASTEUR;REP;49.38874081231662;1.0278253121850742;49.38874081231662, 1.0278253121850742
2015;0762226G;Normandie;28;Seine-Maritime;Rouen;21;76;Le Havre;76351;THEOPHILE GAUTIER;REP;49.513800837907546;0.09031622324052213;49.513800837907546, 0.09031622324052213
2015;0890056C;Bourgogne-Franche-Comté;27;Yonne;Dijon;07;89;Auxerre;89024;BIENVENU MARTIN;REP;47.801699966877834;3.5494534030156975;47.801699966877834, 3.5494534030156975
2019;0931204D;Ile-de-France;11;Seine-Saint-Denis;Créteil;24;93;Le Blanc-Mesnil;93007;MARCEL CACHIN;REP;48.9243323624784;2.466264005139547;48.9243323624784, 2.466264005139547
2016;0931207G;Ile-de-France;11;Seine-Saint-Denis;Créteil;24;93;Epinay-sur-Seine;93031;EVARISTE GALOIS;REP;48.95057657431454;2.320167067619104;48.95057657431454, 2.320167067619104
2017;0931217T;Ile-de-France;11;Seine-Saint-Denis;Créteil;24;93;Pantin;93055;IRENE ET FREDERIC JOLIOT CURIE;REP;48.891493456116365;2.405537720869992;48.891493456116365, 2.405537720869992
2019;0131264D;Provence-Alpes-Côte d'Azur;93;Bouches-du-Rhône;Aix-Marseille;02;13;Marseille  3e  Arrondissement;13203;VERSAILLES;REP+;43.31136866347166;5.375387663777026;43.31136866347166, 5.375387663777026
2016;0132327J;Provence-Alpes-Côte d'Azur;93;Bouches-du-Rhône;Aix-Marseille;02;13;Miramas;13063;MIRAMARIS;REP+;43.59320165356297;5.010470120513064;43.59320165356297, 5.010470120513064
2016;0132428U;Provence-Alpes-Côte d'Azur;93;Bouches-du-Rhône;Aix-Marseille;02;13;Marseille 11e  Arrondissement;13211;AIR BEL;REP;43.290286440882156;5.4300056966885535;43.290286440882156, 5.4300056966885535
2015;0134022B;Provence-Alpes-Côte d'Azur;93;Bouches-du-Rhône;Aix-Marseille;02;13;Marseille 10e  Arrondissement;13210;LOUISE MICHEL;REP;43.276588920295026;5.4085359002879265;43.276588920295026, 5.4085359002879265
2019;0140774R;Normandie;28;Calvados;Caen;05;14;Colombelles;14167;HENRI SELLIER;REP;49.20461461267691;-0.3027982149064645;49.20461461267691, -0.3027982149064645
2016;0141268C;Normandie;28;Calvados;Caen;05;14;Caen;14118;GUILLAUME DE NORMANDIE;REP;49.16098458295274;-0.34696061196262384;49.16098458295274, -0.34696061196262384
2019;0260117L;Auvergne-Rhône-Alpes;84;Drôme;Grenoble;08;26;Valence;26362;PAUL VALERY;REP;44.92851244891291;4.896083838100739;44.92851244891291, 4.896083838100739
2016;0271104D;Normandie;28;Eure;Rouen;21;27;Evreux;27229;HENRI DUNANT;REP;49.02970612580809;1.1743432715053135;49.02970612580809, 1.1743432715053135
2015;0300141R;Occitanie;76;Gard;Montpellier;11;30;Nîmes;30189;CONDORCET;REP+;43.82766087022205;4.336147287866047;43.82766087022205, 4.336147287866047
2017;0301013N;Occitanie;76;Gard;Montpellier;11;30;Alès;30007;JEAN MOULIN;REP+;44.13184492083302;4.077634971417073;44.13184492083302, 4.077634971417073
2017;0301208A;Occitanie;76;Gard;Montpellier;11;30;Beaucaire;30032;EUGENE VIGNE;REP+;43.81046616419739;4.637784042364661;43.81046616419739, 4.637784042364661
2018;0331880P;Nouvelle-Aquitaine;75;Gironde;Bordeaux;04;33;Bègles;33039;PABLO NERUDA;REP;44.79419709420395;-0.5623927165244033;44.79419709420395, -0.5623927165244033
2019;0340109J;Occitanie;76;Hérault;Montpellier;11;34;Montpellier;34172;LES GARRIGUES;REP+;43.642644037735835;3.8170859935499246;43.642644037735835, 3.8170859935499246
2016;0341065Y;Occitanie;76;Hérault;Montpellier;11;34;Sète;34301;JEAN MOULIN;REP+;43.415364595237705;3.6710787993542855;43.415364595237705, 3.6710787993542855
2015;0390883Y;Bourgogne-Franche-Comté;27;Jura;Besançon;03;39;Dole;39198;MARYSE BASTIE;REP;47.08340079628947;5.468921037085184;47.08340079628947, 5.468921037085184
2019;0440286X;Pays de la Loire;52;Loire-Atlantique;Nantes;17;44;Nantes;44109;CLAUDE DEBUSSY;REP+;47.20359201918089;-1.6056292775068752;47.20359201918089, -1.6056292775068752
2017;0660049V;Occitanie;76;Pyrénées-Orientales;Montpellier;11;66;Perpignan;66136;JEAN MOULIN;REP;42.69694673118712;2.8995619248123874;42.69694673118712, 2.8995619248123874
2016;0660051X;Occitanie;76;Pyrénées-Orientales;Montpellier;11;66;Perpignan;66136;ALBERT CAMUS;REP;42.69115421832449;2.909024832548399;42.69115421832449, 2.909024832548399
2019;0671692A;Grand Est;44;Bas-Rhin;Strasbourg;15;67;Strasbourg;67482;SOLIGNAC;REP+;48.547437169091694;7.762684469825641;48.547437169091694, 7.762684469825641
2017;0671822S;Grand Est;44;Bas-Rhin;Strasbourg;15;67;Bischheim;67043;LAMARTINE;REP;48.61387052227367;7.737823568239101;48.61387052227367, 7.737823568239101
2015;0680009R;Grand Est;44;Haut-Rhin;Strasbourg;15;68;Colmar;68066;PFEFFEL;REP;48.083933924723226;7.3467454230740765;48.083933924723226, 7.3467454230740765
2019;0680009R;Grand Est;44;Haut-Rhin;Strasbourg;15;68;Colmar;68066;PFEFFEL;REP;48.083933924723226;7.3467454230740765;48.083933924723226, 7.3467454230740765
2015;0681284B;Grand Est;44;Haut-Rhin;Strasbourg;15;68;Mulhouse;68224;WOLF;REP+;47.759547707494136;7.339751196136685;47.759547707494136, 7.339751196136685
2018;0681961M;Grand Est;44;Haut-Rhin;Strasbourg;15;68;Mulhouse;68224;BEL AIR;REP;47.73025291297963;7.305713792132944;47.73025291297963, 7.305713792132944
2015;0711294W;Bourgogne-Franche-Comté;27;Saône-et-Loire;Dijon;07;71;Autun;71014;DU VALLON;REP;46.96006954450102;4.307666548085999;46.96006954450102, 4.307666548085999
2019;0720989J;Pays de la Loire;52;Sarthe;Nantes;17;72;Sablé-sur-Sarthe;72264;SIMONE VEIL;REP;47.831908957860804;-0.3224954408770168;47.831908957860804, -0.3224954408770168
2015;0761697G;Normandie;28;Seine-Maritime;Rouen;21;76;Le Havre;76351;CLAUDE BERNARD;REP;49.51790170463411;0.10515033243260277;49.51790170463411, 0.10515033243260277
2016;6200006M;Corse;94;Corse-du-Sud;Corse;27;2A;Ajaccio;2A004;ARTHUR GIOVONI;REP;41.94127253834111;8.74877474120482;41.94127253834111, 8.74877474120482
2016;7200086F;Corse;94;Haute-Corse;Corse;27;2B;Prunelli-di-Fiumorbo;2B251;DI FIUMORBU;REP;41.9958834398515;9.40519108814035;41.9958834398515, 9.40519108814035
2017;7200086F;Corse;94;Haute-Corse;Corse;27;2B;Prunelli-di-Fiumorbo;2B251;DI FIUMORBU;REP;41.9958834398515;9.40519108814035;41.9958834398515, 9.40519108814035
2019;9710025A;Guadeloupe;01;Guadeloupe;Guadeloupe;32;971;Anse-Bertrand;97102;FERNAND BALIN;REP;16.474248573069456;-61.50613107036801;16.474248573069456, -61.50613107036801
2017;9710938T;Guadeloupe;01;Guadeloupe;Guadeloupe;32;971;Les Abymes;97101;AURÉLIE LAMBOURDE;REP;16.270815993046682;-61.500962275565435;16.270815993046682, -61.500962275565435
2019;9711087E;TOM et Collectivités territoriales;00;Saint-Martin;Guadeloupe;32;978;Saint-Martin;97801;QUARTIER D'ORLEANS;REP+;18.063951850030257;-63.03501933380796;18.063951850030257, -63.03501933380796
2016;9730248G;Guyane;03;Guyane;Guyane;33;973;Saint-Laurent-du-Maroni;97311;ALBERT LONDRES;REP+;5.472848285109702;-54.03119775434427;5.472848285109702, -54.03119775434427
2018;9740096L;La Réunion;04;La Réunion;La Réunion;28;974;Cilaos;97424;ALSACE CORRE;REP;-21.134631473721967;55.47329595269721;-21.134631473721967, 55.47329595269721
2015;9741189Z;La Réunion;04;La Réunion;La Réunion;28;974;Saint-Louis;97414;JEAN LAFOSSE;REP+;-21.269082247106468;55.40068377565656;-21.269082247106468, 55.40068377565656
2017;9741189Z;La Réunion;04;La Réunion;La Réunion;28;974;Saint-Louis;97414;JEAN LAFOSSE;REP+;-21.269082247106468;55.40068377565656;-21.269082247106468, 55.40068377565656
2018;9760167C;Mayotte;06;Mayotte;Mayotte;43;976;M'Tsangamouji;97613;DE M'TSANGAMOUJI;REP;-12.756112058114848;45.08110731877994;-12.756112058114848, 45.08110731877994
2019;9760245M;Mayotte;06;Mayotte;Mayotte;43;976;Dembeni;97607;ZAKIA MADI;REP+;-12.836721398736229;45.181504382551516;-12.836721398736229, 45.181504382551516
2015;0690036P;Auvergne-Rhône-Alpes;84;Rhône;Lyon;10;69;Lyon 9e  Arrondissement;69389;VICTOR SCHOELCHER;REP+;45.78884737827933;4.795595167141472;45.78884737827933, 4.795595167141472
2017;0690036P;Auvergne-Rhône-Alpes;84;Rhône;Lyon;10;69;Lyon 9e  Arrondissement;69389;VICTOR SCHOELCHER;REP+;45.78884737827933;4.795595167141472;45.78884737827933, 4.795595167141472
2014;0311235Z;Occitanie;76;Haute-Garonne;Toulouse;16;31;Toulouse;31555;BELLEFONTAINE;REP+;43.56031402741889;1.4021262906947893;43.56031402741889, 1.4021262906947893
2016;0330064R;Nouvelle-Aquitaine;75;Gironde;Bordeaux;04;33;Castillon-la-Bataille;33108;ALIENOR D AQUITAINE;REP;44.85105553271757;-0.050614821083837136;44.85105553271757, -0.050614821083837136
2018;0790945Y;Nouvelle-Aquitaine;75;Deux-Sèvres;Poitiers;13;79;Cerizay;79062;GEORGES CLEMENCEAU;REP;46.81983598618948;-0.6741750322097302;46.81983598618948, -0.6741750322097302
2019;0340031Z;Occitanie;76;Hérault;Montpellier;11;34;Lunel;34145;FREDERIC MISTRAL;REP;43.671938083423754;4.1239600014324616;43.671938083423754, 4.1239600014324616
2016;0220008P;Bretagne;53;Côtes-d'Armor;Rennes;14;22;Le Mené;22046;VICTOR VASARELY;REP;48.29702664504201;-2.5124006885687087;48.29702664504201, -2.5124006885687087
2015;0752195D;Ile-de-France;11;Paris;Paris;01;75;Paris 18e  Arrondissement;75118;GERARD PHILIPE;REP;48.89445742948135;2.351938704486713;48.89445742948135, 2.351938704486713
2019;0752252R;Ile-de-France;11;Paris;Paris;01;75;Paris 18e  Arrondissement;75118;HECTOR BERLIOZ;REP;48.89580660255976;2.332812845002539;48.89580660255976, 2.332812845002539
2018;0752606A;Ile-de-France;11;Paris;Paris;01;75;Paris 19e  Arrondissement;75119;GEORGES MELIES;REP;48.88805435292578;2.370501344034427;48.88805435292578, 2.370501344034427
2019;0752694W;Ile-de-France;11;Paris;Paris;01;75;Paris 13e  Arrondissement;75113;CAMILLE CLAUDEL;REP;48.820450611738934;2.364643821822803;48.820450611738934, 2.364643821822803
2016;0410952M;Centre-Val de Loire;24;Loir-et-Cher;Orléans-Tours;18;41;Blois;41018;FRANCOIS RABELAIS;REP+;47.59447795583979;1.3163813087568494;47.59447795583979, 1.3163813087568494
2019;0410952M;Centre-Val de Loire;24;Loir-et-Cher;Orléans-Tours;18;41;Blois;41018;FRANCOIS RABELAIS;REP+;47.59447795583979;1.3163813087568494;47.59447795583979, 1.3163813087568494
2018;0450069F;Centre-Val de Loire;24;Loiret;Orléans-Tours;18;45;Saint-Jean-de-la-Ruelle;45285;MAX JACOB;REP;47.9183454443335;1.8783749671300538;47.9183454443335, 1.8783749671300538
2019;0951617S;Ile-de-France;11;Val-d'Oise;Versailles;25;95;Cergy;95127;GERARD PHILIPE;REP;49.046237274432976;2.0432308074885728;49.046237274432976, 2.0432308074885728
2018;9740027L;La Réunion;04;La Réunion;La Réunion;28;974;Saint-Pierre;97416;RAVINE DES CABRIS;REP;-21.28709280736552;55.46196888765782;-21.28709280736552, 55.46196888765782
2018;0931978V;Ile-de-France;11;Seine-Saint-Denis;Créteil;24;93;Noisy-le-Grand;93051;VICTOR HUGO;REP;48.837928725771405;2.5566627344585777;48.837928725771405, 2.5566627344585777
2018;0941040V;Ile-de-France;11;Val-de-Marne;Créteil;24;94;Choisy-le-Roi;94022;EMILE ZOLA;REP;48.768199454529935;2.4057841110469402;48.768199454529935, 2.4057841110469402
2019;0921675W;Ile-de-France;11;Hauts-de-Seine;Versailles;25;92;Colombes;92025;MARGUERITE DURAS;REP;48.918126488242166;2.2331613005754223;48.918126488242166, 2.2331613005754223
2015;0596833G;Hauts-de-France;32;Nord;Lille;09;59;Lille;59350;NINA SIMONE (DE WAZEMMES);REP+;50.62421657110629;3.044394796238675;50.62421657110629, 3.044394796238675
2017;0622273J;Hauts-de-France;32;Pas-de-Calais;Lille;09;62;Calais;62193;LUCIEN VADEZ;REP+;50.95498796438836;1.8989436522359877;50.95498796438836, 1.8989436522359877
2016;0622791X;Hauts-de-France;32;Pas-de-Calais;Lille;09;62;Harnes;62413;VICTOR HUGO;REP;50.45054797978168;2.901046306449288;50.45054797978168, 2.901046306449288
2019;0622793Z;Hauts-de-France;32;Pas-de-Calais;Lille;09;62;Billy-Montigny;62133;DAVID MARCELLE;REP;50.41608045307206;2.9210968226409193;50.41608045307206, 2.9210968226409193
2018;0020030X;Hauts-de-France;32;Aisne;Amiens;20;02;Guise;02361;CAMILLE DESMOULINS;REP;49.904117444645166;3.636139990380132;49.904117444645166, 3.636139990380132
2019;0330163Y;Nouvelle-Aquitaine;75;Gironde;Bordeaux;04;33;Sainte-Foy-la-Grande;33402;ELIE FAURE;REP;44.84254478607467;0.20318485316510362;44.84254478607467, 0.20318485316510362
2018;0600036N;Hauts-de-France;32;Oise;Amiens;20;60;Nogent-sur-Oise;60463;EDOUARD HERRIOT;REP;49.267760854693826;2.451049890230202;49.267760854693826, 2.451049890230202
2016;0020007X;Hauts-de-France;32;Aisne;Amiens;20;02;Bohain-en-Vermandois;02095;HENRI MATISSE;REP+;49.985103348276716;3.4561271827721325;49.985103348276716, 3.4561271827721325
2019;0030030S;Auvergne-Rhône-Alpes;84;Allier;Clermont-Ferrand;06;03;Montluçon;03185;JEAN ZAY;REP+;46.34920418907676;2.5925813819802643;46.34920418907676, 2.5925813819802643
2015;0030838V;Auvergne-Rhône-Alpes;84;Allier;Clermont-Ferrand;06;03;Moulins;03190;EMILE GUILLAUMIN;REP;46.5439993014262;3.3373404314432116;46.5439993014262, 3.3373404314432116
2018;0061129V;Provence-Alpes-Côte d'Azur;93;Alpes-Maritimes;Nice;23;06;Nice;06088;JULES ROMAINS;REP+;43.67792635308759;7.202085178877933;43.67792635308759, 7.202085178877933
2016;0100807Y;Grand Est;44;Aube;Reims;19;10;La Chapelle-Saint-Luc;10081;PIERRE BROSSOLETTE;REP+;48.305258527536495;4.033705039109518;48.305258527536495, 4.033705039109518
2019;0131701D;Provence-Alpes-Côte d'Azur;93;Bouches-du-Rhône;Aix-Marseille;02;13;Gardanne;13041;GABRIEL PERI;REP;43.453259711214656;5.470128580643114;43.453259711214656, 5.470128580643114
2015;0131757P;Provence-Alpes-Côte d'Azur;93;Bouches-du-Rhône;Aix-Marseille;02;13;Marseille 16e  Arrondissement;13216;ESTAQUE (L');REP;43.36302953235596;5.323538178186469;43.36302953235596, 5.323538178186469
2019;0131757P;Provence-Alpes-Côte d'Azur;93;Bouches-du-Rhône;Aix-Marseille;02;13;Marseille 16e  Arrondissement;13216;ESTAQUE (L');REP;43.36302953235596;5.323538178186469;43.36302953235596, 5.323538178186469
2016;0132323E;Provence-Alpes-Côte d'Azur;93;Bouches-du-Rhône;Aix-Marseille;02;13;Port-Saint-Louis-du-Rhône;13078;MAXIMILIEN ROBESPIERRE;REP;43.391664211472786;4.80437498911897;43.391664211472786, 4.80437498911897
2018;0132403S;Provence-Alpes-Côte d'Azur;93;Bouches-du-Rhône;Aix-Marseille;02;13;Marseille 11e  Arrondissement;13211;FRANCOIS VILLON;REP;43.28540727567788;5.46249939516656;43.28540727567788, 5.46249939516656
2019;0250003T;Bourgogne-Franche-Comté;27;Doubs;Besançon;03;25;Audincourt;25031;JEAN BAUHIN;REP;47.47951273663528;6.849091552013118;47.47951273663528, 6.849091552013118
2015;0300037C;Occitanie;76;Gard;Montpellier;11;30;Saint-Gilles;30258;JEAN VILAR;REP;43.68571903132634;4.433340756512215;43.68571903132634, 4.433340756512215
2016;0301094B;Occitanie;76;Gard;Montpellier;11;30;Nîmes;30189;DIDEROT;REP+;43.828013812772184;4.328917554045896;43.828013812772184, 4.328917554045896
2019;0331753B;Nouvelle-Aquitaine;75;Gironde;Bordeaux;04;33;Bordeaux;33063;BLANQUI;REP+;44.87392410232151;-0.5504666323294741;44.87392410232151, -0.5504666323294741
2019;0421677V;Auvergne-Rhône-Alpes;84;Loire;Lyon;10;42;Saint-Etienne;42218;CLAUDE FAURIEL;REP;45.44300327916703;4.38757888268251;45.44300327916703, 4.38757888268251
2015;0440311Z;Pays de la Loire;52;Loire-Atlantique;Nantes;17;44;Saint-Herblain;44162;ERNEST RENAN;REP;47.21455513363384;-1.6136721785401997;47.21455513363384, -1.6136721785401997
2017;0441608J;Pays de la Loire;52;Loire-Atlantique;Nantes;17;44;Nantes;44109;LA DURANTIERE;REP;47.21486590503068;-1.6039867756565513;47.21486590503068, -1.6039867756565513
2019;0511256N;Grand Est;44;Marne;Reims;19;51;Vitry-le-François;51649;LES INDES;REP;48.728775722054564;4.580522906320076;48.728775722054564, 4.580522906320076
2017;0520822L;Grand Est;44;Haute-Marne;Reims;19;52;Joinville;52250;CRESSOT;REP;48.4417157960928;5.153097596469146;48.4417157960928, 5.153097596469146
2017;0530484N;Pays de la Loire;52;Mayenne;Nantes;17;53;Laval;53130;ALAIN GERBAULT;REP+;48.06138756076098;-0.7481131760913879;48.06138756076098, -0.7481131760913879
2016;0541468C;Grand Est;44;Meurthe-et-Moselle;Nancy-Metz;12;54;Nancy;54395;CLAUDE LE LORRAIN;REP+;48.69931608743069;6.146617429214828;48.69931608743069, 6.146617429214828
2018;0572579U;Grand Est;44;Moselle;Nancy-Metz;12;57;Woippy;57751;JULES FERRY;REP+;49.148211624936835;6.168932695830691;49.148211624936835, 6.168932695830691
2017;0572690P;Grand Est;44;Moselle;Nancy-Metz;12;57;Creutzwald;57160;JACQUES-YVES COUSTEAU;REP;49.20940022425659;6.710939100806769;49.20940022425659, 6.710939100806769
2015;0573268T;Grand Est;44;Moselle;Nancy-Metz;12;57;Behren-lès-Forbach;57058;ROBERT SCHUMAN;REP+;49.16571242081087;6.934232994852079;49.16571242081087, 6.934232994852079
2016;0573268T;Grand Est;44;Moselle;Nancy-Metz;12;57;Behren-lès-Forbach;57058;ROBERT SCHUMAN;REP+;49.16571242081087;6.934232994852079;49.16571242081087, 6.934232994852079
2017;0580012Y;Bourgogne-Franche-Comté;27;Nièvre;Dijon;07;58;Corbigny;58083;NOEL BERRIER;REP;47.25231365786925;3.6834916025305837;47.25231365786925, 3.6834916025305837
2015;0601297J;Hauts-de-France;32;Oise;Amiens;20;60;Noyon;60471;LOUIS PASTEUR;REP;49.58549250764419;3.015309560553724;49.58549250764419, 3.015309560553724
2016;0601605U;Hauts-de-France;32;Oise;Amiens;20;60;Noyon;60471;PAUL ELUARD;REP;49.58519509905662;2.997788447559591;49.58519509905662, 2.997788447559591
2019;0760086F;Normandie;28;Seine-Maritime;Rouen;21;76;Petit-Couronne;76497;LOUIS PASTEUR;REP;49.38874081231662;1.0278253121850742;49.38874081231662, 1.0278253121850742
2016;0761696F;Normandie;28;Seine-Maritime;Rouen;21;76;Le Havre;76351;ROMAIN ROLLAND;REP;49.50659105510942;0.15897866444890316;49.50659105510942, 0.15897866444890316
2015;0761698H;Normandie;28;Seine-Maritime;Rouen;21;76;Le Havre;76351;GERARD PHILIPE;REP;49.496910107205935;0.13827363002900778;49.496910107205935, 0.13827363002900778
2017;0840114T;Provence-Alpes-Côte d'Azur;93;Vaucluse;Aix-Marseille;02;84;Carpentras;84031;FRANCOIS RASPAIL;REP;44.06582477802571;5.05331555441208;44.06582477802571, 5.05331555441208
2019;0840664R;Provence-Alpes-Côte d'Azur;93;Vaucluse;Aix-Marseille;02;84;Le Pontet;84092;JULES VERNE;REP;43.957154166462395;4.861181951860011;43.957154166462395, 4.861181951860011
2018;0850015E;Pays de la Loire;52;Vendée;Nantes;17;85;L'Ile-d'Yeu;85113;LES SICARDIERES;REP;46.71655063718814;-2.351836664729886;46.71655063718814, -2.351836664729886
2019;0860702W;Nouvelle-Aquitaine;75;Vienne;Poitiers;13;86;Châtellerault;86066;JEAN-MACE;REP;46.818018360035104;0.5220370136970669;46.818018360035104, 0.5220370136970669
2015;0691730F;Auvergne-Rhône-Alpes;84;Rhône;Lyon;10;69;Vénissieux;69259;PAUL ELUARD;REP+;45.7001179349781;4.86965578916794;45.7001179349781, 4.86965578916794
2017;0160864C;Nouvelle-Aquitaine;75;Charente;Poitiers;13;16;Cognac;16102;CLAUDE BOUCHER;REP;45.69170031539395;-0.34876048375285473;45.69170031539395, -0.34876048375285473
2015;0692336P;Auvergne-Rhône-Alpes;84;Rhône;Lyon;10;69;Vaulx-en-Velin;69256;HENRI BARBUSSE;REP+;45.78561586444178;4.915963140888081;45.78561586444178, 4.915963140888081
2015;0090007J;Occitanie;76;Ariège;Toulouse;16;09;Lavelanet;09160;VICTOR HUGO;REP;42.93989821922662;1.852727372479213;42.93989821922662, 1.852727372479213
2016;0753937X;Ile-de-France;11;Paris;Paris;01;75;Paris 13e  Arrondissement;75113;EVARISTE GALOIS;REP;48.81844747170997;2.3583706529199135;48.81844747170997, 2.3583706529199135
2018;0753939Z;Ile-de-France;11;Paris;Paris;01;75;Paris 20e  Arrondissement;75120;JEAN PERRIN;REP;48.856849443620476;2.4111884491790505;48.856849443620476, 2.4111884491790505
2016;0280034K;Centre-Val de Loire;24;Eure-et-Loir;Orléans-Tours;18;28;Mainvilliers;28229;JEAN MACE;REP;48.448133158107275;1.461897651913531;48.448133158107275, 1.461897651913531
2017;0410793P;Centre-Val de Loire;24;Loir-et-Cher;Orléans-Tours;18;41;Romorantin-Lanthenay;41194;LEONARD DE VINCI;REP;47.351969824664884;1.7471037419235804;47.351969824664884, 1.7471037419235804
2015;0450789N;Centre-Val de Loire;24;Loiret;Orléans-Tours;18;45;Montargis;45208;LE GRAND CLOS;REP;47.999177571696144;2.7404888555112725;47.999177571696144, 2.7404888555112725
2018;0450936Y;Centre-Val de Loire;24;Loiret;Orléans-Tours;18;45;Orléans;45234;JEAN ROSTAND;REP+;47.91707722679191;1.9383127513480436;47.91707722679191, 1.9383127513480436
2016;0450939B;Centre-Val de Loire;24;Loiret;Orléans-Tours;18;45;Orléans;45234;ALAIN FOURNIER;REP;47.83242533285168;1.9304588934488824;47.83242533285168, 1.9304588934488824
2015;0910049J;Ile-de-France;11;Essonne;Versailles;25;91;Ris-Orangis;91521;ALBERT CAMUS;REP;48.65238645663789;2.4010894641725207;48.65238645663789, 2.4010894641725207
2015;0930611J;Ile-de-France;11;Seine-Saint-Denis;Créteil;24;93;Le Blanc-Mesnil;93007;NELSON MANDELA;REP;48.94803458237947;2.4608380346264607;48.94803458237947, 2.4608380346264607
2016;0940006W;Ile-de-France;11;Val-de-Marne;Créteil;24;94;Créteil;94028;ALBERT SCHWEITZER;REP;48.772986292106474;2.463996359674385;48.772986292106474, 2.463996359674385
2018;0870960W;Nouvelle-Aquitaine;75;Haute-Vienne;Limoges;22;87;Limoges;87085;FIRMIN ROZ;REP;45.86728699051221;1.2906644253978063;45.86728699051221, 1.2906644253978063
2017;0331464M;Nouvelle-Aquitaine;75;Gironde;Bordeaux;04;33;Cenon;33119;JEAN ZAY (JEAN ZAY );REP;44.854269276403016;-0.5131398952893848;44.854269276403016, -0.5131398952893848
2018;0020090M;Hauts-de-France;32;Aisne;Amiens;20;02;Laon;02408;CHARLEMAGNE;REP+;49.562295092692814;3.6408474695518827;49.562295092692814, 3.6408474695518827
2016;0030010V;Auvergne-Rhône-Alpes;84;Allier;Clermont-Ferrand;06;03;Cusset;03095;MAURICE CONSTANTIN WEYER;REP;46.135967695887906;3.4542086616153114;46.135967695887906, 3.4542086616153114
2018;0080105W;Grand Est;44;Ardennes;Reims;19;08;Bogny-sur-Meuse;08081;JULES FERRY;REP;49.85394810024129;4.73502608012874;49.85394810024129, 4.73502608012874
2017;0080894D;Grand Est;44;Ardennes;Reims;19;08;Charleville-Mézières;08105;ROGER SALENGRO;REP+;49.75156078619433;4.722194671515813;49.75156078619433, 4.722194671515813
2016;0130136C;Provence-Alpes-Côte d'Azur;93;Bouches-du-Rhône;Aix-Marseille;02;13;Marseille  2e  Arrondissement;13202;VIEUX PORT;REP+;43.29650515548216;5.365599591293657;43.29650515548216, 5.365599591293657
2017;0130136C;Provence-Alpes-Côte d'Azur;93;Bouches-du-Rhône;Aix-Marseille;02;13;Marseille  2e  Arrondissement;13202;VIEUX PORT;REP+;43.29650515548216;5.365599591293657;43.29650515548216, 5.365599591293657
2015;0131605Z;Provence-Alpes-Côte d'Azur;93;Bouches-du-Rhône;Aix-Marseille;02;13;Marseille 16e  Arrondissement;13216;HENRI BARNIER (HENRI-BARNIER);REP+;43.36492745764797;5.343825789781387;43.36492745764797, 5.343825789781387
2017;0132164G;Provence-Alpes-Côte d'Azur;93;Bouches-du-Rhône;Aix-Marseille;02;13;Septèmes-les-Vallons;13106;LANGEVIN WALLON;REP;43.3862767999242;5.352698984930238;43.3862767999242, 5.352698984930238
2019;0132409Y;Provence-Alpes-Côte d'Azur;93;Bouches-du-Rhône;Aix-Marseille;02;13;Istres;13047;ALPHONSE DAUDET;REP;43.49670358205374;4.984209983475312;43.49670358205374, 4.984209983475312
2019;0133788X;Provence-Alpes-Côte d'Azur;93;Bouches-du-Rhône;Aix-Marseille;02;13;Marseille  2e  Arrondissement;13202;JEAN CLAUDE IZZO;REP+;43.30735309691616;5.369271084312032;43.30735309691616, 5.369271084312032
2016;0421684C;Auvergne-Rhône-Alpes;84;Loire;Lyon;10;42;Roanne;42187;ALBERT THOMAS;REP;46.0441649729427;4.07418807097307;46.0441649729427, 4.07418807097307
2015;0440284V;Pays de la Loire;52;Loire-Atlantique;Nantes;17;44;Nantes;44109;STENDHAL;REP+;47.26145063380694;-1.569732940833821;47.26145063380694, -1.569732940833821
2017;0490048L;Pays de la Loire;52;Maine-et-Loire;Nantes;17;49;Trélazé;49353;JEAN ROSTAND;REP;47.44934443235111;-0.5000595269804583;47.44934443235111, -0.5000595269804583
2016;0631199L;Auvergne-Rhône-Alpes;84;Puy-de-Dôme;Clermont-Ferrand;06;63;Clermont-Ferrand;63113;LA CHARME;REP+;45.79772571347159;3.1200387893105104;45.79772571347159, 3.1200387893105104
2019;0660049V;Occitanie;76;Pyrénées-Orientales;Montpellier;11;66;Perpignan;66136;JEAN MOULIN;REP;42.69694673118712;2.8995619248123874;42.69694673118712, 2.8995619248123874
2016;0580682B;Bourgogne-Franche-Comté;27;Nièvre;Dijon;07;58;Nevers;58194;LES COURLIS;REP;46.98089342457312;3.1900812152239735;46.98089342457312, 3.1900812152239735
2015;0600018U;Hauts-de-France;32;Oise;Amiens;20;60;Compiègne;60159;GAETAN DENAIN;REP;49.411535771520214;2.819992587665227;49.411535771520214, 2.819992587665227
2019;0631199L;Auvergne-Rhône-Alpes;84;Puy-de-Dôme;Clermont-Ferrand;06;63;Clermont-Ferrand;63113;LA CHARME;REP+;45.79772571347159;3.1200387893105104;45.79772571347159, 3.1200387893105104
2018;0680009R;Grand Est;44;Haut-Rhin;Strasbourg;15;68;Colmar;68066;PFEFFEL;REP;48.083933924723226;7.3467454230740765;48.083933924723226, 7.3467454230740765
2018;0691497C;Auvergne-Rhône-Alpes;84;Rhône;Lyon;10;69;Saint-Priest;69290;COLETTE;REP;45.69021551638441;4.943089318167755;45.69021551638441, 4.943089318167755
2016;0691498D;Auvergne-Rhône-Alpes;84;Rhône;Lyon;10;69;Rillieux-la-Pape;69286;MARIA CASARES;REP+;45.81768929664611;4.899690581547433;45.81768929664611, 4.899690581547433
2016;0711136Z;Bourgogne-Franche-Comté;27;Saône-et-Loire;Dijon;07;71;Digoin;71176;ROGER SEMET;REP;46.47506659205576;3.9791671855143282;46.47506659205576, 3.9791671855143282
2015;0720987G;Pays de la Loire;52;Sarthe;Nantes;17;72;Le Mans;72181;COSTA-GAVRAS;REP+;47.99418377976128;0.23195274165646437;47.99418377976128, 0.23195274165646437
2016;0761703N;Normandie;28;Seine-Maritime;Rouen;21;76;Dieppe;76217;ALBERT CAMUS;REP+;49.92925906931375;1.1043914140734894;49.92925906931375, 1.1043914140734894
2016;0761745J;Normandie;28;Seine-Maritime;Rouen;21;76;Rouen;76540;CAMILLE CLAUDEL;REP;49.42928741250463;1.0891656628493005;49.42928741250463, 1.0891656628493005
2018;0761782Z;Normandie;28;Seine-Maritime;Rouen;21;76;Le Havre;76351;EUGENE VARLIN;REP+;49.51611046547872;0.1715632388758433;49.51611046547872, 0.1715632388758433
2017;0762128A;Normandie;28;Seine-Maritime;Rouen;21;76;Le Havre;76351;LEO LAGRANGE;REP;49.50186807065949;0.16517192604474898;49.50186807065949, 0.16517192604474898
2016;0771029A;Ile-de-France;11;Seine-et-Marne;Créteil;24;77;Meaux;77284;HENRI DUNANT;REP+;48.94575695819722;2.898224073484964;48.94575695819722, 2.898224073484964
2015;0771618R;Ile-de-France;11;Seine-et-Marne;Créteil;24;77;Moissy-Cramayel;77296;LES MAILLETTES;REP;48.62336631008905;2.5878120464992356;48.62336631008905, 2.5878120464992356
2018;0771761W;Ile-de-France;11;Seine-et-Marne;Créteil;24;77;Montereau-Fault-Yonne;77305;ANDRE MALRAUX;REP+;48.3945182782447;2.9589810457155954;48.3945182782447, 2.9589810457155954
2019;0801485E;Hauts-de-France;32;Somme;Amiens;20;80;Domart-en-Ponthieu;80241;DU VAL DE NIEVRE;REP;50.0770312395959;2.1218710212134195;50.0770312395959, 2.1218710212134195
2017;0830148K;Provence-Alpes-Côte d'Azur;93;Var;Nice;23;83;Toulon;83137;MAURICE GENEVOIX;REP+;43.12814230733197;5.981065729639587;43.12814230733197, 5.981065729639587
2019;0860799B;Nouvelle-Aquitaine;75;Vienne;Poitiers;13;86;Buxerolles;86041;JULES VERNE;REP;46.59564864186777;0.35677895038977986;46.59564864186777, 0.35677895038977986
2015;0880151L;Grand Est;44;Vosges;Nancy-Metz;12;88;Saint-Dié-des-Vosges;88413;VAUTRIN LUD;REP;48.296113043988306;6.950038652905892;48.296113043988306, 6.950038652905892
2018;0890056C;Bourgogne-Franche-Comté;27;Yonne;Dijon;07;89;Auxerre;89024;BIENVENU MARTIN;REP;47.801699966877834;3.5494534030156975;47.801699966877834, 3.5494534030156975
2019;0890790A;Bourgogne-Franche-Comté;27;Yonne;Dijon;07;89;Sens;89387;CHAMPS PLAISANTS;REP;48.19294450765683;3.3028723884886477;48.19294450765683, 3.3028723884886477
2019;0931222Y;Ile-de-France;11;Seine-Saint-Denis;Créteil;24;93;Romainville;93063;PIERRE-ANDRE HOUEL;REP;48.88368735049553;2.4358339843748347;48.88368735049553, 2.4358339843748347
2016;0931224A;Ile-de-France;11;Seine-Saint-Denis;Créteil;24;93;Pierrefitte-sur-Seine;93059;PABLO NERUDA;REP;48.96900520558446;2.3666350458880605;48.96900520558446, 2.3666350458880605
2018;0931230G;Ile-de-France;11;Seine-Saint-Denis;Créteil;24;93;Saint-Denis;93066;ELSA TRIOLET;REP;48.939437891319834;2.348305472335247;48.939437891319834, 2.348305472335247
2019;0931381W;Ile-de-France;11;Seine-Saint-Denis;Créteil;24;93;Romainville;93063;GUSTAVE COURBET;REP;48.87832505139174;2.442439542110729;48.87832505139174, 2.442439542110729
2017;0931428X;Ile-de-France;11;Seine-Saint-Denis;Créteil;24;93;Epinay-sur-Seine;93031;JEAN VIGO;REP+;48.95702794912105;2.3004649496347973;48.95702794912105, 2.3004649496347973
2016;0931546A;Ile-de-France;11;Seine-Saint-Denis;Créteil;24;93;Montfermeil;93047;JEAN JAURES;REP;48.89782782415864;2.560430122723383;48.89782782415864, 2.560430122723383
2016;0932262D;Ile-de-France;11;Seine-Saint-Denis;Créteil;24;93;Sevran;93071;DE LA PLEIADE;REP;48.94846764832858;2.5378348716546046;48.94846764832858, 2.5378348716546046
2018;0941022A;Ile-de-France;11;Val-de-Marne;Créteil;24;94;Alfortville;94002;LEON BLUM;REP;48.79386024148904;2.425426471420578;48.79386024148904, 2.425426471420578
2018;0941036R;Ile-de-France;11;Val-de-Marne;Créteil;24;94;Villejuif;94076;KARL MARX;REP;48.78452529677661;2.360607511461567;48.78452529677661, 2.360607511461567
2018;9710661S;Guadeloupe;01;Guadeloupe;Guadeloupe;32;971;Pointe-à-Pitre;97120;NESTOR DE KERMADEC;REP+;16.234751561980858;-61.534061006884215;16.234751561980858, -61.534061006884215
2015;9720016K;Martinique;02;Martinique;Martinique;31;972;Le Morne-Rouge;97218;CHRISTIANE EDA-PIERRE;REP;14.772528165922022;-61.13435418440334;14.772528165922022, -61.13435418440334
2018;9720021R;Martinique;02;Martinique;Martinique;31;972;Saint-Joseph;97224;BELLE ETOILE;REP;14.676934221385956;-61.03596646097219;14.676934221385956, -61.03596646097219
2014;9740083X;La Réunion;04;La Réunion;La Réunion;28;974;Saint-Benoît;97410;AMIRAL PIERRE BOUVET;REP+;-21.04402264934471;55.71805424823558;-21.04402264934471, 55.71805424823558
2016;9740598G;La Réunion;04;La Réunion;La Réunion;28;974;Saint-André;97409;MILLE ROCHES;REP+;-20.969811086466393;55.65037429212305;-20.969811086466393, 55.65037429212305
2017;9740734E;La Réunion;04;La Réunion;La Réunion;28;974;Saint-Denis;97411;FRANCOIS MAHE DE LA BOURDONNAIS;REP+;-20.88769017403551;55.496469583598;-20.88769017403551, 55.496469583598
2017;9740811N;La Réunion;04;La Réunion;La Réunion;28;974;Saint-Pierre;97416;TERRE SAINTE;REP+;-21.34484186897801;55.489435400561725;-21.34484186897801, 55.489435400561725
2018;9760008E;Mayotte;06;Mayotte;Mayotte;43;976;Dzaoudzi;97608;DE BOUENI M TITI;REP;-12.782772969928365;45.2797283642667;-12.782772969928365, 45.2797283642667
2019;9760219J;Mayotte;06;Mayotte;Mayotte;43;976;Mamoudzou;97611;DE M'GOMBANI;REP;-12.780679987606566;45.23170455144827;-12.780679987606566, 45.23170455144827
2016;9760308F;Mayotte;06;Mayotte;Mayotte;43;976;Mamoudzou;97611;OUVOIMOJA;REP;-12.801112092968513;45.21137356716291;-12.801112092968513, 45.21137356716291
2015;0691799F;Auvergne-Rhône-Alpes;84;Rhône;Lyon;10;69;Vénissieux;69259;LOUIS ARAGON;REP;45.69239330968191;4.888603394298302;45.69239330968191, 4.888603394298302
2019;0692578C;Auvergne-Rhône-Alpes;84;Rhône;Lyon;10;69;Lyon 7e  Arrondissement;69387;GABRIEL ROSSET;REP;45.72973324798414;4.840099666064277;45.72973324798414, 4.840099666064277
2016;9730337D;Guyane;03;Guyane;Guyane;33;973;Apatou;97360;MA AIYE;REP+;5.162072787983317;-54.338404329000966;5.162072787983317, -54.338404329000966
2015;0010039M;Auvergne-Rhône-Alpes;84;Ain;Lyon;10;01;Saint-Rambert-en-Bugey;01384;DE L'ALBARINE;REP;45.9415465823527;5.431010941578425;45.9415465823527, 5.431010941578425
2019;0010987T;Auvergne-Rhône-Alpes;84;Ain;Lyon;10;01;Arbent;01014;JEAN ROSTAND;REP;46.27230385805938;5.671932224901918;46.27230385805938, 5.671932224901918
2016;0170077S;Nouvelle-Aquitaine;75;Charente-Maritime;Poitiers;13;17;La Rochelle;17300;PIERRE MENDES FRANCE;REP+;46.1692133008575;-1.1787166669195002;46.1692133008575, -1.1787166669195002
2018;0171117X;Nouvelle-Aquitaine;75;Charente-Maritime;Poitiers;13;17;La Rochelle;17300;FABRE D EGLANTINE;REP;46.15199513206427;-1.116581317457312;46.15199513206427, -1.116581317457312
2015;0690249W;Auvergne-Rhône-Alpes;84;Rhône;Lyon;10;69;Vaulx-en-Velin;69256;PIERRE VALDO;REP+;45.77954488342978;4.9295411995665726;45.77954488342978, 4.9295411995665726
2018;0790004A;Nouvelle-Aquitaine;75;Deux-Sèvres;Poitiers;13;79;Loretz-d'Argenton;79014;MOLIERE;REP;47.08068748791579;-0.27477000244024463;47.08068748791579, -0.27477000244024463
2019;0131704G;Provence-Alpes-Côte d'Azur;93;Bouches-du-Rhône;Aix-Marseille;02;13;Marseille 15e  Arrondissement;13215;ARTHUR RIMBAUD;REP+;43.34432893263555;5.348482706937176;43.34432893263555, 5.348482706937176
2019;0932726H;Ile-de-France;11;Seine-Saint-Denis;Créteil;24;93;Aubervilliers;93001;MIRIAM MAKEBA;REP+;;;
2015;0691666L;Auvergne-Rhône-Alpes;84;Rhône;Lyon;10;69;Vaulx-en-Velin;69256;AIME CESAIRE;REP+;45.7844854872629;4.915640692767265;45.7844854872629, 4.915640692767265
2016;0691666L;Auvergne-Rhône-Alpes;84;Rhône;Lyon;10;69;Vaulx-en-Velin;69256;AIME CESAIRE;REP+;45.7844854872629;4.915640692767265;45.7844854872629, 4.915640692767265
2017;0691666L;Auvergne-Rhône-Alpes;84;Rhône;Lyon;10;69;Vaulx-en-Velin;69256;AIME CESAIRE;REP+;45.7844854872629;4.915640692767265;45.7844854872629, 4.915640692767265
2015;0380050Y;Auvergne-Rhône-Alpes;84;Isère;Grenoble;08;38;Roussillon;38344;DE L'EDIT;REP;45.368354962382234;4.802908041675792;45.368354962382234, 4.802908041675792
2019;0381780D;Auvergne-Rhône-Alpes;84;Isère;Grenoble;08;38;Grenoble;38185;OLYMPIQUE;REP;45.16173096250118;5.728092999279628;45.16173096250118, 5.728092999279628
2014;0382032C;Auvergne-Rhône-Alpes;84;Isère;Grenoble;08;38;Grenoble;38185;LUCIE AUBRAC GEANTS (LUCIE AUBRAC);REP+;45.16256696245369;5.739678137394584;45.16256696245369, 5.739678137394584
2015;0120622L;Occitanie;76;Aveyron;Toulouse;16;12;Decazeville;12089;P RAMADIER PLUS ANNEXE FIRMI;REP;44.57080240460633;2.255761163216761;44.57080240460633, 2.255761163216761
2017;0131610E;Provence-Alpes-Côte d'Azur;93;Bouches-du-Rhône;Aix-Marseille;02;13;Arles;13004;VINCENT VAN GOGH;REP;43.67943880232301;4.638130116326001;43.67943880232301, 4.638130116326001
2017;0132561N;Provence-Alpes-Côte d'Azur;93;Bouches-du-Rhône;Aix-Marseille;02;13;Marseille  6e  Arrondissement;13206;ANATOLE FRANCE;REP;43.290571860058506;5.37691121784437;43.290571860058506, 5.37691121784437
2015;0132785G;Provence-Alpes-Côte d'Azur;93;Bouches-du-Rhône;Aix-Marseille;02;13;Marseille 15e  Arrondissement;13215;ROSA PARKS;REP+;43.331237259962585;5.365677889611877;43.331237259962585, 5.365677889611877
2015;0311232W;Occitanie;76;Haute-Garonne;Toulouse;16;31;Toulouse;31555;CLAUDE NOUGARO;REP;43.620138320981326;1.4339488463155168;43.620138320981326, 1.4339488463155168
2019;0311232W;Occitanie;76;Haute-Garonne;Toulouse;16;31;Toulouse;31555;CLAUDE NOUGARO;REP;43.620138320981326;1.4339488463155168;43.620138320981326, 1.4339488463155168
2015;0311321T;Occitanie;76;Haute-Garonne;Toulouse;16;31;Toulouse;31555;RAYMOND BADIOU;REP+;43.56977422961038;1.4075291473092462;43.56977422961038, 1.4075291473092462
2018;0740911N;Auvergne-Rhône-Alpes;84;Haute-Savoie;Grenoble;08;74;Cluses;74081;G ANTHONIOZ DE GAULLE;REP;46.06398201824885;6.574563585342877;46.06398201824885, 6.574563585342877
2018;0750575T;Ile-de-France;11;Paris;Paris;01;75;Paris 19e  Arrondissement;75119;SONIA DELAUNAY;REP;48.885939376598216;2.378118607486757;48.885939376598216, 2.378118607486757
2015;0752252R;Ile-de-France;11;Paris;Paris;01;75;Paris 18e  Arrondissement;75118;HECTOR BERLIOZ;REP;48.89580660255976;2.332812845002539;48.89580660255976, 2.332812845002539
2015;0752958H;Ile-de-France;11;Paris;Paris;01;75;Paris 17e  Arrondissement;75117;BORIS VIAN;REP;48.89055340931243;2.304478506272597;48.89055340931243, 2.304478506272597
2019;0753937X;Ile-de-France;11;Paris;Paris;01;75;Paris 13e  Arrondissement;75113;EVARISTE GALOIS;REP;48.81844747170997;2.3583706529199135;48.81844747170997, 2.3583706529199135
2017;0450936Y;Centre-Val de Loire;24;Loiret;Orléans-Tours;18;45;Orléans;45234;JEAN ROSTAND;REP+;47.91707722679191;1.9383127513480436;47.91707722679191, 1.9383127513480436
2016;0951401G;Ile-de-France;11;Val-d'Oise;Versailles;25;95;Cergy;95127;LA JUSTICE;REP;49.04485916757148;2.0626711880873145;49.04485916757148, 2.0626711880873145
2015;0931148T;Ile-de-France;11;Seine-Saint-Denis;Créteil;24;93;La Courneuve;93027;GEORGES POLITZER;REP+;48.93077703057477;2.3994601504794164;48.93077703057477, 2.3994601504794164
2018;0932579Y;Ile-de-France;11;Seine-Saint-Denis;Créteil;24;93;Montreuil;93048;CESARIA EVORA;REP;48.8665853173967;2.460121583402077;48.8665853173967, 2.460121583402077
2019;0940521F;Ile-de-France;11;Val-de-Marne;Créteil;24;94;Créteil;94028;LOUIS PASTEUR;REP;48.78434924334252;2.462168822055753;48.78434924334252, 2.462168822055753
2018;0941231C;Ile-de-France;11;Val-de-Marne;Créteil;24;94;Choisy-le-Roi;94022;HENRI MATISSE;REP;48.759874597767364;2.4096281262319406;48.759874597767364, 2.4096281262319406
2018;0080079T;Grand Est;44;Ardennes;Reims;19;08;Charleville-Mézières;08105;FRED SCAMARONI;REP;49.76579474979848;4.6949726944206205;49.76579474979848, 4.6949726944206205
2019;0080079T;Grand Est;44;Ardennes;Reims;19;08;Charleville-Mézières;08105;FRED SCAMARONI;REP;49.76579474979848;4.6949726944206205;49.76579474979848, 4.6949726944206205
2015;0780032L;Ile-de-France;11;Yvelines;Versailles;25;78;Carrières-sous-Poissy;78123;FLORA TRISTAN;REP;48.937944672222265;2.0218178221809495;48.937944672222265, 2.0218178221809495
2019;0780032L;Ile-de-France;11;Yvelines;Versailles;25;78;Carrières-sous-Poissy;78123;FLORA TRISTAN;REP;48.937944672222265;2.0218178221809495;48.937944672222265, 2.0218178221809495
2019;0911024U;Ile-de-France;11;Essonne;Versailles;25;91;Corbeil-Essonnes;91174;LOUISE MICHEL;REP+;48.591938661897096;2.4796494494491625;48.591938661897096, 2.4796494494491625
2017;0911334F;Ile-de-France;11;Essonne;Versailles;25;91;Les Ulis;91692;AIME CESAIRE;REP;48.68261773835202;2.1631089406648067;48.68261773835202, 2.1631089406648067
2017;0911570M;Ile-de-France;11;Essonne;Versailles;25;91;Corbeil-Essonnes;91174;LEOPOLD SEDAR SENGHOR;REP+;48.615198091949125;2.458096105312862;48.615198091949125, 2.458096105312862
2015;0912196T;Ile-de-France;11;Essonne;Versailles;25;91;Grigny;91286;SONIA DELAUNAY;REP+;48.65298169229743;2.384100172022175;48.65298169229743, 2.384100172022175
2015;0921543C;Ile-de-France;11;Hauts-de-Seine;Versailles;25;92;Villeneuve-la-Garenne;92078;GEORGES POMPIDOU;REP;48.94177266475734;2.3276690551320613;48.94177266475734, 2.3276690551320613
2018;0921778H;Ile-de-France;11;Hauts-de-Seine;Versailles;25;92;Bagneux;92007;JOLIOT CURIE;REP;48.802382299288986;2.3161393300177355;48.802382299288986, 2.3161393300177355
2019;0951138W;Ile-de-France;11;Val-d'Oise;Versailles;25;95;Argenteuil;95018;JEAN-JACQUES ROUSSEAU;REP;48.93638428074362;2.2253448479840645;48.93638428074362, 2.2253448479840645
2019;0951945Y;Ile-de-France;11;Val-d'Oise;Versailles;25;95;Sarcelles;95585;VICTOR HUGO;REP;48.99971518212608;2.3845892396935042;48.99971518212608, 2.3845892396935042
2015;0951993A;Ile-de-France;11;Val-d'Oise;Versailles;25;95;Villiers-le-Bel;95680;MARTIN LUTHER KING;REP+;49.00484489907238;2.385744935988575;49.00484489907238, 2.385744935988575
2018;0952128X;Ile-de-France;11;Val-d'Oise;Versailles;25;95;Goussainville;95280;GEORGES CHARPAK;REP;49.02579621586045;2.4599239966924262;49.02579621586045, 2.4599239966924262
2017;0470677F;Nouvelle-Aquitaine;75;Lot-et-Garonne;Bordeaux;04;47;Agen;47001;DUCOS DU HAURON;REP;44.19488758933929;0.6313271079898402;44.19488758933929, 0.6313271079898402
2017;0501205N;Normandie;28;Manche;Caen;05;50;Cherbourg-en-Cotentin;50129;LES PROVINCES;REP+;49.62796998464379;-1.6298799572344473;49.62796998464379, -1.6298799572344473
2016;0741165P;Auvergne-Rhône-Alpes;84;Haute-Savoie;Grenoble;08;74;Annemasse;74012;MICHEL SERVET;REP;46.1928508756793;6.237465647547288;46.1928508756793, 6.237465647547288
2018;0470049Y;Nouvelle-Aquitaine;75;Lot-et-Garonne;Bordeaux;04;47;Villeneuve-sur-Lot;47323;ANATOLE FRANCE;REP;44.40709634399353;0.7167480383076739;44.40709634399353, 0.7167480383076739
2015;0331895F;Nouvelle-Aquitaine;75;Gironde;Bordeaux;04;33;Lormont;33249;MONTAIGNE;REP+;44.87361365211743;-0.5176515046626512;44.87361365211743, -0.5176515046626512
2016;0593483R;Hauts-de-France;32;Nord;Lille;09;59;Masny;59390;ROBERT DESNOS;REP;50.342317608166105;3.200689310892901;50.342317608166105, 3.200689310892901
2015;0020075W;Hauts-de-France;32;Aisne;Amiens;20;02;Hirson;02381;GEORGES COBAST;REP;49.92307135976976;4.095104935661628;49.92307135976976, 4.095104935661628
2017;0590099M;Hauts-de-France;32;Nord;Lille;09;59;Hautmont;59291;AUGUSTE PERIER;REP;50.24676995709815;3.9168167456239322;50.24676995709815, 3.9168167456239322
2019;0590151U;Hauts-de-France;32;Nord;Lille;09;59;Maubeuge;59392;ERNEST COUTELLE;REP;50.27794945604184;3.9710125709000965;50.27794945604184, 3.9710125709000965
2015;0593667R;Hauts-de-France;32;Nord;Lille;09;59;Roubaix;59512;ROSA PARKS (ALBERT SAMAIN);REP+;50.70142966195706;3.1864633596926426;50.70142966195706, 3.1864633596926426
2019;0594288R;Hauts-de-France;32;Nord;Lille;09;59;Lille;59350;LOUISE MICHEL;REP+;50.60615198573479;3.046264386888319;50.60615198573479, 3.046264386888319
2015;0594389A;Hauts-de-France;32;Nord;Lille;09;59;Roubaix;59512;ANNE FRANK;REP+;50.6940448027289;3.1758006508446877;50.6940448027289, 3.1758006508446877
2017;0594392D;Hauts-de-France;32;Nord;Lille;09;59;Wattrelos;59650;PABLO NERUDA;REP;50.70934262131982;3.2378495967709715;50.70934262131982, 3.2378495967709715
2015;0595169Y;Hauts-de-France;32;Nord;Lille;09;59;Wattrelos;59650;EMILE ZOLA;REP;50.70612400967357;3.2311249191384546;50.70612400967357, 3.2311249191384546
2015;0595337F;Hauts-de-France;32;Nord;Lille;09;59;Le Cateau-Cambrésis;59136;JEAN ROSTAND;REP;50.099125615345045;3.5324148046716264;50.099125615345045, 3.5324148046716264
2017;0620068M;Hauts-de-France;32;Pas-de-Calais;Lille;09;62;Calonne-Ricouart;62194;FREDERIC JOLIOT-CURIE;REP;50.485352478435715;2.4787486346727157;50.485352478435715, 2.4787486346727157
2019;0620170Y;Hauts-de-France;32;Pas-de-Calais;Lille;09;62;Sallaumines;62771;PAUL LANGEVIN;REP+;50.41331768115844;2.862966576074494;50.41331768115844, 2.862966576074494
2019;0622269E;Hauts-de-France;32;Pas-de-Calais;Lille;09;62;Noeux-les-Mines;62617;ANATOLE FRANCE;REP;50.47179839212424;2.6625189557643254;50.47179839212424, 2.6625189557643254
2015;0622273J;Hauts-de-France;32;Pas-de-Calais;Lille;09;62;Calais;62193;LUCIEN VADEZ;REP+;50.95498796438836;1.8989436522359877;50.95498796438836, 1.8989436522359877
2017;0622789V;Hauts-de-France;32;Pas-de-Calais;Lille;09;62;Arras;62041;CHARLES PEGUY;REP;50.30128752249181;2.7505076668006163;50.30128752249181, 2.7505076668006163
2015;0623314R;Hauts-de-France;32;Pas-de-Calais;Lille;09;62;Bruay-la-Buissière;62178;SIMONE SIGNORET;REP;50.48207734088022;2.547271612850223;50.48207734088022, 2.547271612850223
2017;0230507B;Nouvelle-Aquitaine;75;Creuse;Limoges;22;23;Bourganeuf;23030;JEAN PICART LE DOUX;REP;45.95327215447841;1.749399447140099;45.95327215447841, 1.749399447140099
2016;0240055E;Nouvelle-Aquitaine;75;Dordogne;Bordeaux;04;24;Saint Aulaye-Puymangou;24376;DRONNE-DOUBLE;REP;45.199467511818135;0.1338589652677283;45.199467511818135, 0.1338589652677283
2018;0520049W;Grand Est;44;Haute-Marne;Reims;19;52;Saint-Dizier;52448;ANNE FRANK;REP+;48.646994215957285;4.968322464337116;48.646994215957285, 4.968322464337116
2019;0520049W;Grand Est;44;Haute-Marne;Reims;19;52;Saint-Dizier;52448;ANNE FRANK;REP+;48.646994215957285;4.968322464337116;48.646994215957285, 4.968322464337116
2015;0520050X;Grand Est;44;Haute-Marne;Reims;19;52;Saint-Dizier;52448;LUIS ORTIZ;REP;48.63874680882137;4.966642346229084;48.63874680882137, 4.966642346229084
2019;0240037K;Nouvelle-Aquitaine;75;Dordogne;Bordeaux;04;24;Terrasson-Lavilledieu;24547;JULES FERRY;REP;45.13091308470604;1.2987975003631744;45.13091308470604, 1.2987975003631744
2018;0330163Y;Nouvelle-Aquitaine;75;Gironde;Bordeaux;04;33;Sainte-Foy-la-Grande;33402;ELIE FAURE;REP;44.84254478607467;0.20318485316510362;44.84254478607467, 0.20318485316510362
2019;0720797A;Pays de la Loire;52;Sarthe;Nantes;17;72;Le Mans;72181;JOSEPHINE BAKER;REP+;47.97450893691801;0.22124896261441748;47.97450893691801, 0.22124896261441748
2018;0020024R;Hauts-de-France;32;Aisne;Amiens;20;02;Fère-en-Tardenois;02305;ANNE DE MONTMORENCY;REP;49.19890491055798;3.506935476255361;49.19890491055798, 3.506935476255361
2016;0020039G;Hauts-de-France;32;Aisne;Amiens;20;02;Le Nouvion-en-Thiérache;02558;COLBERT QUENTIN;REP;50.01001522140145;3.783744459192513;50.01001522140145, 3.783744459192513
2017;0030030S;Auvergne-Rhône-Alpes;84;Allier;Clermont-Ferrand;06;03;Montluçon;03185;JEAN ZAY;REP+;46.34920418907676;2.5925813819802643;46.34920418907676, 2.5925813819802643
2015;0050452P;Provence-Alpes-Côte d'Azur;93;Hautes-Alpes;Aix-Marseille;02;05;Laragne-Montéglin;05070;HAUTS DE PLAINE (LES);REP;44.31978591392614;5.821638502366248;44.31978591392614, 5.821638502366248
2017;0060799L;Provence-Alpes-Côte d'Azur;93;Alpes-Maritimes;Nice;23;06;Cannes;06029;LES MURIERS;REP;43.55229699285158;6.966836626503489;43.55229699285158, 6.966836626503489
2015;0100905E;Grand Est;44;Aube;Reims;19;10;Romilly-sur-Seine;10323;LE NOYER MARCHAND;REP;48.51832691494622;3.7193732390527847;48.51832691494622, 3.7193732390527847
2017;0131261A;Provence-Alpes-Côte d'Azur;93;Bouches-du-Rhône;Aix-Marseille;02;13;Marseille 13e  Arrondissement;13213;AUGUSTE RENOIR;REP+;43.32773029636164;5.408349520146369;43.32773029636164, 5.408349520146369
2017;0131604Y;Provence-Alpes-Côte d'Azur;93;Bouches-du-Rhône;Aix-Marseille;02;13;Marseille 14e  Arrondissement;13214;HENRI WALLON;REP+;43.31961782388107;5.386181635547058;43.31961782388107, 5.386181635547058
2019;0131604Y;Provence-Alpes-Côte d'Azur;93;Bouches-du-Rhône;Aix-Marseille;02;13;Marseille 14e  Arrondissement;13214;HENRI WALLON;REP+;43.31961782388107;5.386181635547058;43.31961782388107, 5.386181635547058
2018;0131887F;Provence-Alpes-Côte d'Azur;93;Bouches-du-Rhône;Aix-Marseille;02;13;Marseille 15e  Arrondissement;13215;ELSA TRIOLET;REP+;43.37143648119913;5.355300391983345;43.37143648119913, 5.355300391983345
2019;0132164G;Provence-Alpes-Côte d'Azur;93;Bouches-du-Rhône;Aix-Marseille;02;13;Septèmes-les-Vallons;13106;LANGEVIN WALLON;REP;43.3862767999242;5.352698984930238;43.3862767999242, 5.352698984930238
2017;0132322D;Provence-Alpes-Côte d'Azur;93;Bouches-du-Rhône;Aix-Marseille;02;13;Port-de-Bouc;13077;PAUL ELUARD;REP;43.41282157756637;4.992829441665292;43.41282157756637, 4.992829441665292
2016;0132407W;Provence-Alpes-Côte d'Azur;93;Bouches-du-Rhône;Aix-Marseille;02;13;Marseille 15e  Arrondissement;13215;JEAN MOULIN;REP+;43.36446543035339;5.358006751284265;43.36446543035339, 5.358006751284265
2018;0133352Y;Provence-Alpes-Côte d'Azur;93;Bouches-du-Rhône;Aix-Marseille;02;13;Vitrolles;13117;CAMILLE CLAUDEL;REP;43.423374589814806;5.275227694276315;43.423374589814806, 5.275227694276315
2015;0133775H;Provence-Alpes-Côte d'Azur;93;Bouches-du-Rhône;Aix-Marseille;02;13;Marseille 14e  Arrondissement;13214;MARIE LAURENCIN;REP+;43.32037088694167;5.387863339523559;43.32037088694167, 5.387863339523559
2017;0210034Y;Bourgogne-Franche-Comté;27;Côte-d'Or;Dijon;07;21;Montbard;21425;LOUIS PASTEUR;REP;47.634684345909704;4.342102481857795;47.634684345909704, 4.342102481857795
2014;0211225T;Bourgogne-Franche-Comté;27;Côte-d'Or;Dijon;07;21;Chenôve;21166;LE CHAPITRE;REP+;47.29561204768497;5.0035174720635744;47.29561204768497, 5.0035174720635744
2016;0211357L;Bourgogne-Franche-Comté;27;Côte-d'Or;Dijon;07;21;Dijon;21231;JEAN PHILIPPE RAMEAU;REP;47.32280760346612;4.994750769473767;47.32280760346612, 4.994750769473767
2015;0240056F;Nouvelle-Aquitaine;75;Dordogne;Bordeaux;04;24;Vergt;24571;DES TROIS VALLEES;REP;45.02534034616135;0.71291836334078;45.02534034616135, 0.71291836334078
2019;0250056A;Bourgogne-Franche-Comté;27;Doubs;Besançon;03;25;Sochaux;25547;JOUFFROY D'ABBANS;REP;47.512047327798165;6.841445759070088;47.512047327798165, 6.841445759070088
2018;0251080N;Bourgogne-Franche-Comté;27;Doubs;Besançon;03;25;Besançon;25056;DIDEROT;REP+;47.22135259462659;5.971546674758418;47.22135259462659, 5.971546674758418
2017;0271104D;Normandie;28;Eure;Rouen;21;27;Evreux;27229;HENRI DUNANT;REP;49.02970612580809;1.1743432715053135;49.02970612580809, 1.1743432715053135
2018;0271289E;Normandie;28;Eure;Rouen;21;27;Vernon;27681;CERVANTES;REP;49.07508983969381;1.4955232317693752;49.07508983969381, 1.4955232317693752
2018;0300025P;Occitanie;76;Gard;Montpellier;11;30;Nîmes;30189;ROMAIN ROLLAND;REP+;43.84465289564224;4.390213911640572;43.84465289564224, 4.390213911640572
2017;0301014P;Occitanie;76;Gard;Montpellier;11;30;Alès;30007;DENIS DIDEROT;REP;44.132806298096284;4.078730529941349;44.132806298096284, 4.078730529941349
2016;0332285E;Nouvelle-Aquitaine;75;Gironde;Bordeaux;04;33;Bordeaux;33063;JACQUES ELLUL;REP;44.84460328448234;-0.5419703408667669;44.84460328448234, -0.5419703408667669
2015;0381903M;Auvergne-Rhône-Alpes;84;Isère;Grenoble;08;38;Echirolles;38151;JEAN VILAR;REP+;45.156023485753394;5.730742898268143;45.156023485753394, 5.730742898268143
2015;0382174G;Auvergne-Rhône-Alpes;84;Isère;Grenoble;08;38;Bourgoin-Jallieu;38053;SALVADOR ALLENDE;REP;45.611604364730724;5.265984096286077;45.611604364730724, 5.265984096286077
2015;0441613P;Pays de la Loire;52;Loire-Atlantique;Nantes;17;44;Saint-Nazaire;44184;PIERRE NORANGE;REP+;47.26684217386295;-2.245622396356458;47.26684217386295, -2.245622396356458
2015;0441727N;Pays de la Loire;52;Loire-Atlantique;Nantes;17;44;Donges;44052;ARTHUR RIMBAUD;REP;47.321931971539954;-2.073987022294848;47.321931971539954, -2.073987022294848
2016;0490048L;Pays de la Loire;52;Maine-et-Loire;Nantes;17;49;Trélazé;49353;JEAN ROSTAND;REP;47.44934443235111;-0.5000595269804583;47.44934443235111, -0.5000595269804583
2018;0491675E;Pays de la Loire;52;Maine-et-Loire;Nantes;17;49;Cholet;49099;JOACHIM DU BELLAY;REP;47.040265123704096;-0.8862803545470918;47.040265123704096, -0.8862803545470918
2015;0500053L;Normandie;28;Manche;Caen;05;50;Périers;50394;LE FAIRAGE;REP;49.18425879565588;-1.4037451208714196;49.18425879565588, -1.4037451208714196
2016;0500053L;Normandie;28;Manche;Caen;05;50;Périers;50394;LE FAIRAGE;REP;49.18425879565588;-1.4037451208714196;49.18425879565588, -1.4037451208714196
2019;0511251H;Grand Est;44;Marne;Reims;19;51;Reims;51454;JOLIOT-CURIE;REP+;49.23189441163439;4.005971883053289;49.23189441163439, 4.005971883053289
2018;0561348L;Bretagne;53;Morbihan;Rennes;14;56;Vannes;56260;CLISCOUET;REP;47.63862196971081;-2.7747907631781388;47.63862196971081, -2.7747907631781388
2018;0570127D;Grand Est;44;Moselle;Nancy-Metz;12;57;Metz;57463;LES HAUTS DE BLEMONT;REP+;49.118425454510806;6.227211852188134;49.118425454510806, 6.227211852188134
2016;0570318L;Grand Est;44;Moselle;Nancy-Metz;12;57;Uckange;57683;JEAN MOULIN;REP;49.30368416246295;6.146728309488735;49.30368416246295, 6.146728309488735
2017;0572168X;Grand Est;44;Moselle;Nancy-Metz;12;57;Metz;57463;FRANCOIS RABELAIS;REP;49.097480279505874;6.171609145364587;49.097480279505874, 6.171609145364587
2015;0572180K;Grand Est;44;Moselle;Nancy-Metz;12;57;Forbach;57227;PIERRE ADT;REP+;49.17944243921458;6.89271765627171;49.17944243921458, 6.89271765627171
2018;0572183N;Grand Est;44;Moselle;Nancy-Metz;12;57;Puttelange-aux-Lacs;57556;JEAN BAPTISTE EBLE;REP;49.05257108758762;6.925385733218643;49.05257108758762, 6.925385733218643
2017;0572579U;Grand Est;44;Moselle;Nancy-Metz;12;57;Woippy;57751;JULES FERRY;REP+;49.148211624936835;6.168932695830691;49.148211624936835, 6.168932695830691
2017;0572587C;Grand Est;44;Moselle;Nancy-Metz;12;57;Sarreguemines;57631;JEAN JAURES;REP;49.1034470433025;7.049037171190424;49.1034470433025, 7.049037171190424
2018;0572587C;Grand Est;44;Moselle;Nancy-Metz;12;57;Sarreguemines;57631;JEAN JAURES;REP;49.1034470433025;7.049037171190424;49.1034470433025, 7.049037171190424
2015;0580012Y;Bourgogne-Franche-Comté;27;Nièvre;Dijon;07;58;Corbigny;58083;NOEL BERRIER;REP;47.25231365786925;3.6834916025305837;47.25231365786925, 3.6834916025305837
2017;0580542Z;Bourgogne-Franche-Comté;27;Nièvre;Dijon;07;58;Nevers;58194;LES LOGES;REP;46.98487234735318;3.1325588706878866;46.98487234735318, 3.1325588706878866
2019;0601190T;Hauts-de-France;32;Oise;Amiens;20;60;Beauvais;60057;CHARLES FAUQUEUX;REP+;49.41636223062097;2.080824472473269;49.41636223062097, 2.080824472473269
2015;0601718S;Hauts-de-France;32;Oise;Amiens;20;60;Méru;60395;PIERRE MENDES FRANCE;REP;49.23013888034001;2.1407553941368223;49.23013888034001, 2.1407553941368223
2016;0631522M;Auvergne-Rhône-Alpes;84;Puy-de-Dôme;Clermont-Ferrand;06;63;Clermont-Ferrand;63113;ALBERT CAMUS;REP+;45.80771203575575;3.1076621047125155;45.80771203575575, 3.1076621047125155
2015;0660016J;Occitanie;76;Pyrénées-Orientales;Montpellier;11;66;Perpignan;66136;LA GARRIGOLE;REP;42.695044115216405;2.867981849693815;42.695044115216405, 2.867981849693815
2015;0660018L;Occitanie;76;Pyrénées-Orientales;Montpellier;11;66;Perpignan;66136;MADAME DE SEVIGNE;REP+;42.68423084490058;2.886094683581612;42.68423084490058, 2.886094683581612
2019;0660522J;Occitanie;76;Pyrénées-Orientales;Montpellier;11;66;Perpignan;66136;MARCEL PAGNOL;REP+;42.712151441824304;2.8818739650825473;42.712151441824304, 2.8818739650825473
2015;0671508A;Grand Est;44;Bas-Rhin;Strasbourg;15;67;Strasbourg;67482;JACQUES TWINGER;REP;48.58103418153954;7.7055771967708315;48.58103418153954, 7.7055771967708315
2017;0671508A;Grand Est;44;Bas-Rhin;Strasbourg;15;67;Strasbourg;67482;JACQUES TWINGER;REP;48.58103418153954;7.7055771967708315;48.58103418153954, 7.7055771967708315
2017;0671825V;Grand Est;44;Bas-Rhin;Strasbourg;15;67;Strasbourg;67482;FRANCOIS TRUFFAUT;REP+;48.599425421842994;7.696410288760466;48.599425421842994, 7.696410288760466
2019;0680105V;Grand Est;44;Haut-Rhin;Strasbourg;15;68;Mulhouse;68224;KENNEDY;REP+;47.74948473197153;7.333422372433982;47.74948473197153, 7.333422372433982
2017;0681284B;Grand Est;44;Haut-Rhin;Strasbourg;15;68;Mulhouse;68224;WOLF;REP+;47.759547707494136;7.339751196136685;47.759547707494136, 7.339751196136685
2016;0690280E;Auvergne-Rhône-Alpes;84;Rhône;Lyon;10;69;Villeurbanne;69266;LES IRIS;REP;45.769249777900555;4.897808837994051;45.769249777900555, 4.897808837994051
2019;0690280E;Auvergne-Rhône-Alpes;84;Rhône;Lyon;10;69;Villeurbanne;69266;LES IRIS;REP;45.769249777900555;4.897808837994051;45.769249777900555, 4.897808837994051
2016;0692157V;Auvergne-Rhône-Alpes;84;Rhône;Lyon;10;69;Décines-Charpieu;69275;GEORGES BRASSENS;REP;45.76861620167588;4.973113661272758;45.76861620167588, 4.973113661272758
2018;0694296V;Auvergne-Rhône-Alpes;84;Rhône;Lyon;10;69;Villeurbanne;69266;SIMONE LAGRANGE;REP+;45.77926110953106;4.903773214002433;45.77926110953106, 4.903773214002433
2015;0700010F;Bourgogne-Franche-Comté;27;Haute-Saône;Besançon;03;70;Gray;70279;ROME DE L'ISLE;REP;47.43408584446282;5.591295944352352;47.43408584446282, 5.591295944352352
2015;0720081X;Pays de la Loire;52;Sarthe;Nantes;17;72;Le Mans;72181;ALAIN-FOURNIER;REP+;47.98751300802963;0.21532225850621747;47.98751300802963, 0.21532225850621747
2018;0720989J;Pays de la Loire;52;Sarthe;Nantes;17;72;Sablé-sur-Sarthe;72264;SIMONE VEIL (ANJOU);REP;47.831908957860804;-0.3224954408770168;47.831908957860804, -0.3224954408770168
2018;0721224P;Pays de la Loire;52;Sarthe;Nantes;17;72;Allonnes;72003;LE MARIN;REP;47.96392733724327;0.15932837106035438;47.96392733724327, 0.15932837106035438
2019;0730901H;Auvergne-Rhône-Alpes;84;Savoie;Grenoble;08;73;Chambéry;73065;COTE ROUSSE;REP+;45.59073845120884;5.920813637963515;45.59073845120884, 5.920813637963515
2015;0741097R;Auvergne-Rhône-Alpes;84;Haute-Savoie;Grenoble;08;74;Gaillard;74133;JACQUES PREVERT;REP;46.18490603156181;6.21679100398248;46.18490603156181, 6.21679100398248
2016;0741097R;Auvergne-Rhône-Alpes;84;Haute-Savoie;Grenoble;08;74;Gaillard;74133;JACQUES PREVERT;REP;46.18490603156181;6.21679100398248;46.18490603156181, 6.21679100398248
2019;0761696F;Normandie;28;Seine-Maritime;Rouen;21;76;Le Havre;76351;ROMAIN ROLLAND;REP;49.50659105510942;0.15897866444890316;49.50659105510942, 0.15897866444890316
2019;0761777U;Normandie;28;Seine-Maritime;Rouen;21;76;Saint-Etienne-du-Rouvray;76575;LOUISE MICHEL;REP;49.394344125935575;1.0833039510452245;49.394344125935575, 1.0833039510452245
2018;0761780X;Normandie;28;Seine-Maritime;Rouen;21;76;Rouen;76540;GEORGES BRAQUE;REP+;49.451635526235265;1.141275440727884;49.451635526235265, 1.141275440727884
2019;0762089H;Normandie;28;Seine-Maritime;Rouen;21;76;Canteleu;76157;CHARLES GOUNOD;REP;49.45443411486617;1.0324560741068125;49.45443411486617, 1.0324560741068125
2017;0762226G;Normandie;28;Seine-Maritime;Rouen;21;76;Le Havre;76351;THEOPHILE GAUTIER;REP;49.513800837907546;0.09031622324052213;49.513800837907546, 0.09031622324052213
2017;0770019C;Ile-de-France;11;Seine-et-Marne;Créteil;24;77;Dammarie-les-Lys;77152;ROBERT DOISNEAU;REP;48.51906187319006;2.645716399210894;48.51906187319006, 2.645716399210894
2019;0771176K;Ile-de-France;11;Seine-et-Marne;Créteil;24;77;Provins;77379;JULES VERNE;REP;48.545041764496204;3.29091511419333;48.545041764496204, 3.29091511419333
2019;0771841H;Ile-de-France;11;Seine-et-Marne;Créteil;24;77;Noisiel;77337;LE LUZARD;REP;48.846480601359104;2.612890164548638;48.846480601359104, 2.612890164548638
2017;0790027A;Nouvelle-Aquitaine;75;Deux-Sèvres;Poitiers;13;79;Niort;79191;JEAN ZAY;REP;46.31778241401246;-0.4777261248915116;46.31778241401246, -0.4777261248915116
2017;0791002K;Nouvelle-Aquitaine;75;Deux-Sèvres;Poitiers;13;79;Thouars;79329;JEAN ROSTAND;REP;46.973943256506864;-0.18991866628336002;46.973943256506864, -0.18991866628336002
2016;0801485E;Hauts-de-France;32;Somme;Amiens;20;80;Domart-en-Ponthieu;80241;DU VAL DE NIEVRE;REP;50.0770312395959;2.1218710212134195;50.0770312395959, 2.1218710212134195
2015;0830069Z;Provence-Alpes-Côte d'Azur;93;Var;Nice;23;83;Toulon;83137;PIERRE PUGET;REP;43.12750097006582;5.91099373771614;43.12750097006582, 5.91099373771614
2018;0830069Z;Provence-Alpes-Côte d'Azur;93;Var;Nice;23;83;Toulon;83137;PIERRE PUGET;REP;43.12750097006582;5.91099373771614;43.12750097006582, 5.91099373771614
2018;0840108L;Provence-Alpes-Côte d'Azur;93;Vaucluse;Aix-Marseille;02;84;Avignon;84007;ANSELME MATHIEU;REP+;43.93255786917063;4.816839111561336;43.93255786917063, 4.816839111561336
2019;0840114T;Provence-Alpes-Côte d'Azur;93;Vaucluse;Aix-Marseille;02;84;Carpentras;84031;FRANCOIS RASPAIL;REP;44.06582477802571;5.05331555441208;44.06582477802571, 5.05331555441208
2015;0850015E;Pays de la Loire;52;Vendée;Nantes;17;85;L'Ile-d'Yeu;85113;LES SICARDIERES;REP;46.71655063718814;-2.351836664729886;46.71655063718814, -2.351836664729886
2015;0860799B;Nouvelle-Aquitaine;75;Vienne;Poitiers;13;86;Buxerolles;86041;JULES VERNE;REP;46.59564864186777;0.35677895038977986;46.59564864186777, 0.35677895038977986
2018;0880045W;Grand Est;44;Vosges;Nancy-Metz;12;88;Rambervillers;88367;ALPHONSE CYTERE;REP;48.35301560900074;6.636642405074547;48.35301560900074, 6.636642405074547
2016;0880151L;Grand Est;44;Vosges;Nancy-Metz;12;88;Saint-Dié-des-Vosges;88413;VAUTRIN LUD;REP;48.296113043988306;6.950038652905892;48.296113043988306, 6.950038652905892
2015;0881145S;Grand Est;44;Vosges;Nancy-Metz;12;88;Charmes;88090;MAURICE BARRES;REP;48.36773262718728;6.289646442392442;48.36773262718728, 6.289646442392442
2015;0890024T;Bourgogne-Franche-Comté;27;Yonne;Dijon;07;89;Saint-Florentin;89345;MARCEL AYME;REP;48.00107366411931;3.7248371184034577;48.00107366411931, 3.7248371184034577
2016;0890024T;Bourgogne-Franche-Comté;27;Yonne;Dijon;07;89;Saint-Florentin;89345;MARCEL AYME;REP;48.00107366411931;3.7248371184034577;48.00107366411931, 3.7248371184034577
2018;0930865K;Ile-de-France;11;Seine-Saint-Denis;Créteil;24;93;Saint-Denis;93066;JEAN LURCAT;REP+;48.935717664980714;2.3798522365084533;48.935717664980714, 2.3798522365084533
2016;0930897V;Ile-de-France;11;Seine-Saint-Denis;Créteil;24;93;Sevran;93071;PAUL PAINLEVE;REP+;48.938987974425515;2.5111801328054666;48.938987974425515, 2.5111801328054666
2019;0931207G;Ile-de-France;11;Seine-Saint-Denis;Créteil;24;93;Epinay-sur-Seine;93031;EVARISTE GALOIS;REP;48.95057657431454;2.320167067619104;48.95057657431454, 2.320167067619104
2019;0931211L;Ile-de-France;11;Seine-Saint-Denis;Créteil;24;93;Montreuil;93048;MARAIS DE VILLIERS;REP;48.869498945464485;2.4337996250056544;48.869498945464485, 2.4337996250056544
2017;0931221X;Ile-de-France;11;Seine-Saint-Denis;Créteil;24;93;Clichy-sous-Bois;93014;LOUISE MICHEL;REP+;48.907316488005385;2.533836070325916;48.907316488005385, 2.533836070325916
2018;0931221X;Ile-de-France;11;Seine-Saint-Denis;Créteil;24;93;Clichy-sous-Bois;93014;LOUISE MICHEL;REP+;48.907316488005385;2.533836070325916;48.907316488005385, 2.533836070325916
2019;0931232J;Ile-de-France;11;Seine-Saint-Denis;Créteil;24;93;Saint-Denis;93066;HENRI BARBUSSE;REP;48.939638730713206;2.3772882388315026;48.939638730713206, 2.3772882388315026
2019;0931433C;Ile-de-France;11;Seine-Saint-Denis;Créteil;24;93;Le Blanc-Mesnil;93007;DESCARTES;REP;48.94956810009261;2.4439654710169867;48.94956810009261, 2.4439654710169867
2017;0931489N;Ile-de-France;11;Seine-Saint-Denis;Créteil;24;93;Saint-Denis;93066;FEDERICO GARCIA LORCA;REP+;48.924394743649856;2.3727720012393645;48.924394743649856, 2.3727720012393645
2019;0931490P;Ile-de-France;11;Seine-Saint-Denis;Créteil;24;93;Saint-Denis;93066;LA COURTILLE;REP+;48.93995854397324;2.3822643367142105;48.93995854397324, 2.3822643367142105
2017;0931607S;Ile-de-France;11;Seine-Saint-Denis;Créteil;24;93;Villepinte;93078;JEAN JAURES;REP;48.94914142828419;2.5511504388427246;48.94914142828419, 2.5511504388427246
2018;0931612X;Ile-de-France;11;Seine-Saint-Denis;Créteil;24;93;Bondy;93010;JEAN ZAY;REP+;48.91080413353783;2.481372219549891;48.91080413353783, 2.481372219549891
2015;0931710D;Ile-de-France;11;Seine-Saint-Denis;Créteil;24;93;Noisy-le-Sec;93053;OLYMPE DE GOUGES;REP;48.88785137229671;2.469514062223836;48.88785137229671, 2.469514062223836
2018;0932262D;Ile-de-France;11;Seine-Saint-Denis;Créteil;24;93;Sevran;93071;DE LA PLEIADE;REP;48.94846764832858;2.5378348716546046;48.94846764832858, 2.5378348716546046
2015;0932272P;Ile-de-France;11;Seine-Saint-Denis;Créteil;24;93;Aubervilliers;93001;ROSA LUXEMBURG;REP+;48.91487715211166;2.3744299078797684;48.91487715211166, 2.3744299078797684
2016;0940581W;Ile-de-France;11;Val-de-Marne;Créteil;24;94;Chevilly-Larue;94021;JEAN MOULIN;REP;48.774311108658466;2.354999677462201;48.774311108658466, 2.354999677462201
2018;0941015T;Ile-de-France;11;Val-de-Marne;Créteil;24;94;Champigny-sur-Marne;94017;WILLY RONIS;REP;48.825481863315396;2.522608593185134;48.825481863315396, 2.522608593185134
2016;0941029H;Ile-de-France;11;Val-de-Marne;Créteil;24;94;Vitry-sur-Seine;94081;JULES VALLES;REP;48.77514272401906;2.402137046623073;48.77514272401906, 2.402137046623073
2015;0941036R;Ile-de-France;11;Val-de-Marne;Créteil;24;94;Villejuif;94076;KARL MARX;REP;48.78452529677661;2.360607511461567;48.78452529677661, 2.360607511461567
2019;0941095E;Ile-de-France;11;Val-de-Marne;Créteil;24;94;Bonneuil-sur-Marne;94011;PAUL ELUARD;REP;48.76711521908772;2.482621750494879;48.76711521908772, 2.482621750494879
2015;0941099J;Ile-de-France;11;Val-de-Marne;Créteil;24;94;Gentilly;94037;ROSA PARKS;REP;48.81370212196632;2.3457206277302776;48.81370212196632, 2.3457206277302776
2016;0941224V;Ile-de-France;11;Val-de-Marne;Créteil;24;94;Vitry-sur-Seine;94081;FRANCOIS RABELAIS;REP;48.78078831738193;2.391801312818068;48.78078831738193, 2.391801312818068
2018;6200084X;Corse;94;Corse-du-Sud;Corse;27;2A;Ajaccio;2A004;DU STILETTU (LES PADULE);REP;41.935690374984034;8.738529098703887;41.935690374984034, 8.738529098703887
2019;9720028Y;Martinique;02;Martinique;Martinique;31;972;Le Marigot;97216;EUGENE MONA;REP;14.822176114487469;-61.02806296226077;14.822176114487469, -61.02806296226077
2017;9720412R;Martinique;02;Martinique;Martinique;31;972;Fort-de-France;97209;FERNAND DONATIEN (DILLON1) (FERNAND DONATIEN);REP;14.607765650070418;-61.045149684746704;14.607765650070418, -61.045149684746704
2019;9720446C;Martinique;02;Martinique;Martinique;31;972;Saint-Pierre;97225;LOUIS DELGRES;REP+;14.74812418796093;-61.176966190469834;14.74812418796093, -61.176966190469834
2014;9720708M;Martinique;02;Martinique;Martinique;31;972;Fort-de-France;97209;DILLON 2;REP+;14.608342177998733;-61.04299157210716;14.608342177998733, -61.04299157210716
2019;9730020J;Guyane;03;Guyane;Guyane;33;973;Cayenne;97302;AUXENCE CONTOUT;REP+;4.938098189471638;-52.32086178385031;4.938098189471638, -52.32086178385031
2019;9730218Z;Guyane;03;Guyane;Guyane;33;973;Matoury;97307;LISE OPHION;REP+;4.889986953284008;-52.34284231738637;4.889986953284008, -52.34284231738637
2017;9730306V;Guyane;03;Guyane;Guyane;33;973;Kourou;97304;OMEBA TOBO;REP+;5.174062908158315;-52.65128999571834;5.174062908158315, -52.65128999571834
2016;9730329V;Guyane;03;Guyane;Guyane;33;973;Saint-Laurent-du-Maroni;97311;PAUL JEAN-LOUIS;REP+;5.485693337955278;-54.01555594103458;5.485693337955278, -54.01555594103458
2017;9730381B;Guyane;03;Guyane;Guyane;33;973;Papaichton;97362;CAPITAINE CHARLES TAFANIER;REP+;3.8129691359868465;-54.14644631667771;3.8129691359868465, -54.14644631667771
2015;9740094J;La Réunion;04;La Réunion;La Réunion;28;974;Sainte-Suzanne;97420;HIPPOLYTE FOUCQUE;REP;-20.902041563275315;55.59914376045121;-20.902041563275315, 55.59914376045121
2017;9740094J;La Réunion;04;La Réunion;La Réunion;28;974;Sainte-Suzanne;97420;HIPPOLYTE FOUCQUE;REP;-20.902041563275315;55.59914376045121;-20.902041563275315, 55.59914376045121
2017;9740599H;La Réunion;04;La Réunion;La Réunion;28;974;Saint-André;97409;JOSEPH BEDIER;REP;-20.95768851859893;55.64865098673106;-20.95768851859893, 55.64865098673106
2014;9740734E;La Réunion;04;La Réunion;La Réunion;28;974;Saint-Denis;97411;FRANCOIS MAHE DE LA BOURDONNAIS;REP+;-20.88769017403551;55.496469583598;-20.88769017403551, 55.496469583598
2019;9740734E;La Réunion;04;La Réunion;La Réunion;28;974;Saint-Denis;97411;FRANCOIS MAHE DE LA BOURDONNAIS;REP+;-20.88769017403551;55.496469583598;-20.88769017403551, 55.496469583598
2016;9740811N;La Réunion;04;La Réunion;La Réunion;28;974;Saint-Pierre;97416;TERRE SAINTE;REP+;-21.34484186897801;55.489435400561725;-21.34484186897801, 55.489435400561725
2014;9741049X;La Réunion;04;La Réunion;La Réunion;28;974;Saint-Pierre;97416;HENRI MATISSE;REP+;-21.300362249653773;55.44781216296305;-21.300362249653773, 55.44781216296305
2015;9760119A;Mayotte;06;Mayotte;Mayotte;43;976;Chiconi;97605;ALI HALIDI;REP+;-12.83013686973122;45.11289069359982;-12.83013686973122, 45.11289069359982
2016;9760119A;Mayotte;06;Mayotte;Mayotte;43;976;Chiconi;97605;ALI HALIDI;REP+;-12.83013686973122;45.11289069359982;-12.83013686973122, 45.11289069359982
2017;9760119A;Mayotte;06;Mayotte;Mayotte;43;976;Chiconi;97605;ALI HALIDI;REP+;-12.83013686973122;45.11289069359982;-12.83013686973122, 45.11289069359982
2018;0071156U;Auvergne-Rhône-Alpes;84;Ardèche;Grenoble;08;07;Annonay;07010;LES PERRIERES;REP;45.251692609672645;4.676279698777128;45.251692609672645, 4.676279698777128
2018;0840051Z;Provence-Alpes-Côte d'Azur;93;Vaucluse;Aix-Marseille;02;84;Avignon;84007;JEAN BRUNET;REP+;43.94730404454069;4.839435972321937;43.94730404454069, 4.839435972321937
2018;0931144N;Ile-de-France;11;Seine-Saint-Denis;Créteil;24;93;Saint-Ouen-sur-Seine;93070;MICHELET;REP;48.904489198600174;2.3462929511105863;48.904489198600174, 2.3462929511105863
2017;0931202B;Ile-de-France;11;Seine-Saint-Denis;Créteil;24;93;Drancy;93029;LIBERTE;REP;48.91398000565638;2.4500203291017235;48.91398000565638, 2.4500203291017235
2019;0931217T;Ile-de-France;11;Seine-Saint-Denis;Créteil;24;93;Pantin;93055;IRENE ET FREDERIC JOLIOT CURIE;REP;48.891493456116365;2.405537720869992;48.891493456116365, 2.405537720869992
2015;0931226C;Ile-de-France;11;Seine-Saint-Denis;Créteil;24;93;Stains;93072;PABLO NERUDA;REP;48.96339796596268;2.389629814254687;48.96339796596268, 2.389629814254687
2016;0931232J;Ile-de-France;11;Seine-Saint-Denis;Créteil;24;93;Saint-Denis;93066;HENRI BARBUSSE;REP;48.939638730713206;2.3772882388315026;48.939638730713206, 2.3772882388315026
2017;0931377S;Ile-de-France;11;Seine-Saint-Denis;Créteil;24;93;Drancy;93029;JORISSEN;REP;48.91646597239605;2.4698404916640575;48.91646597239605, 2.4698404916640575
2017;0931546A;Ile-de-France;11;Seine-Saint-Denis;Créteil;24;93;Montfermeil;93047;JEAN JAURES;REP;48.89782782415864;2.560430122723383;48.89782782415864, 2.560430122723383
2017;0931711E;Ile-de-France;11;Seine-Saint-Denis;Créteil;24;93;Bondy;93010;JEAN RENOIR;REP;48.90325053266919;2.4736555288214475;48.90325053266919, 2.4736555288214475
2016;0932334G;Ile-de-France;11;Seine-Saint-Denis;Créteil;24;93;Villetaneuse;93079;LUCIE AUBRAC;REP;48.95982624690362;2.3529539355141846;48.95982624690362, 2.3529539355141846
2019;0940551N;Ile-de-France;11;Val-de-Marne;Créteil;24;94;L'Haÿ-les-Roses;94038;EUGENE CHEVREUL;REP;48.775328025244704;2.3399556085930624;48.775328025244704, 2.3399556085930624
2017;0940787V;Ile-de-France;11;Val-de-Marne;Créteil;24;94;Chennevières-sur-Marne;94019;NICOLAS BOILEAU;REP;48.80526018792715;2.554708812976008;48.80526018792715, 2.554708812976008
2019;0940787V;Ile-de-France;11;Val-de-Marne;Créteil;24;94;Chennevières-sur-Marne;94019;NICOLAS BOILEAU;REP;48.80526018792715;2.554708812976008;48.80526018792715, 2.554708812976008
2016;0941095E;Ile-de-France;11;Val-de-Marne;Créteil;24;94;Bonneuil-sur-Marne;94011;PAUL ELUARD;REP;48.76711521908772;2.482621750494879;48.76711521908772, 2.482621750494879
2019;0941602F;Ile-de-France;11;Val-de-Marne;Créteil;24;94;Villeneuve-le-Roi;94077;GEORGES BRASSENS;REP;48.73010482366989;2.4276668637645056;48.73010482366989, 2.4276668637645056
2017;7200012A;Corse;94;Haute-Corse;Corse;27;2B;Bastia;2B033;SAINT-JOSEPH;REP+;42.68975143638491;9.446075294377218;42.68975143638491, 9.446075294377218
2016;7200160L;Corse;94;Haute-Corse;Corse;27;2B;Penta-di-Casinca;2B207;LA CASINCA HENRI TOMASI;REP;42.445543833308676;9.524839397438077;42.445543833308676, 9.524839397438077
2016;9710026B;Guadeloupe;01;Guadeloupe;Guadeloupe;32;971;Bouillante;97106;FONTAINES BOUILLANTES;REP;16.14245385751594;-61.76601245036771;16.14245385751594, -61.76601245036771
2015;9710041T;Guadeloupe;01;Guadeloupe;Guadeloupe;32;971;Baillif;97104;JEAN JAURES ( JEAN JAURES);REP+;16.01802026178037;-61.7440780236232;16.01802026178037, -61.7440780236232
2015;9710073C;Guadeloupe;01;Guadeloupe;Guadeloupe;32;971;Pointe-à-Pitre;97120;SADI CARNOT;REP;16.238894757955624;-61.53764046574976;16.238894757955624, -61.53764046574976
2018;9710710V;Guadeloupe;01;Guadeloupe;Guadeloupe;32;971;Les Abymes;97101;ALEXANDRE ISAAC;REP;16.27885123063387;-61.50644991428947;16.27885123063387, -61.50644991428947
2014;9711087E;TOM et Collectivités territoriales;00;Saint-Martin;Guadeloupe;32;978;Saint-Martin;97801;QUARTIER D'ORLEANS;REP+;18.063951850030257;-63.03501933380796;18.063951850030257, -63.03501933380796
2017;9720028Y;Martinique;02;Martinique;Martinique;31;972;Le Marigot;97216;EUGENE MONA;REP;14.822176114487469;-61.02806296226077;14.822176114487469, -61.02806296226077
2019;9720708M;Martinique;02;Martinique;Martinique;31;972;Fort-de-France;97209;DILLON 2;REP+;14.608342177998733;-61.04299157210716;14.608342177998733, -61.04299157210716
2019;9730145V;Guyane;03;Guyane;Guyane;33;973;Sinnamary;97312;ELIE CASTOR;REP+;5.381882952492943;-52.954835727086;5.381882952492943, -52.954835727086
2015;9730193X;Guyane;03;Guyane;Guyane;33;973;Maripasoula;97353;GRAN MAN DIFOU;REP+;3.6443175439358924;-54.03658476290652;3.6443175439358924, -54.03658476290652
2018;9730206L;Guyane;03;Guyane;Guyane;33;973;Macouria;97305;JUST HYASINE;REP+;5.013046629746198;-52.478160569505384;5.013046629746198, -52.478160569505384
2016;9730247F;Guyane;03;Guyane;Guyane;33;973;Cayenne;97302;JUSTIN CATAYEE;REP+;4.9176399313382335;-52.30855955893174;4.9176399313382335, -52.30855955893174
2015;9730248G;Guyane;03;Guyane;Guyane;33;973;Saint-Laurent-du-Maroni;97311;ALBERT LONDRES;REP+;5.472848285109702;-54.03119775434427;5.472848285109702, -54.03119775434427
2017;9730307W;Guyane;03;Guyane;Guyane;33;973;Matoury;97307;CONCORDE - MAURICE DUMESNIL;REP+;4.835132727125779;-52.35116917250092;4.835132727125779, -52.35116917250092
2017;9730348R;Guyane;03;Guyane;Guyane;33;973;Saint-Laurent-du-Maroni;97311;LEODATE VOLMAR;REP+;5.482568479589605;-54.03874387598244;5.482568479589605, -54.03874387598244
2017;9730370P;Guyane;03;Guyane;Guyane;33;973;Remire-Montjoly;97309;REEBERG NERON;REP+;4.894415080837417;-52.279063458238966;4.894415080837417, -52.279063458238966
2015;9730374U;Guyane;03;Guyane;Guyane;33;973;Macouria;97305;ANTOINE SYLVERE FELIX;REP+;4.927894589065533;-52.41104460419332;4.927894589065533, -52.41104460419332
2017;9730394R;Guyane;03;Guyane;Guyane;33;973;Saint-Laurent-du-Maroni;97311;ARSENE BOUYER D'ANGOMA;REP+;5.4803393568405285;-54.0334947558977;5.4803393568405285, -54.0334947558977
2018;9730451C;Guyane;03;Guyane;Guyane;33;973;Camopi;97356;PAUL SUITMAN;REP+;3.164719609368303;-52.33643724001295;3.164719609368303, -52.33643724001295
2017;9740022F;La Réunion;04;La Réunion;La Réunion;28;974;Sainte-Marie;97418;ADRIEN CERNEAU;REP;-20.895126339271858;55.552644305846776;-20.895126339271858, 55.552644305846776
2016;9740035V;La Réunion;04;La Réunion;La Réunion;28;974;Saint-Paul;97415;CELIMENE GAUDIEUX;REP+;-21.083910692542105;55.268093917686514;-21.083910692542105, 55.268093917686514
2017;9740572D;La Réunion;04;La Réunion;La Réunion;28;974;Saint-Denis;97411;LES DEUX CANONS;REP+;-20.891663373488605;55.47650708149796;-20.891663373488605, 55.47650708149796
2016;9740596E;La Réunion;04;La Réunion;La Réunion;28;974;Saint-Paul;97415;ANTOINE SOUBOU;REP;-20.999956635355037;55.280169312090436;-20.999956635355037, 55.280169312090436
2018;9740651P;La Réunion;04;La Réunion;La Réunion;28;974;Salazie;97421;AUGUSTE LACAUSSADE;REP;-21.034577255420814;55.533818601218364;-21.034577255420814, 55.533818601218364
2018;9741189Z;La Réunion;04;La Réunion;La Réunion;28;974;Saint-Louis;97414;JEAN LAFOSSE;REP+;-21.269082247106468;55.40068377565656;-21.269082247106468, 55.40068377565656
2017;9741190A;La Réunion;04;La Réunion;La Réunion;28;974;Saint-Paul;97415;DE PLATEAU CAILLOU;REP;-21.020351864256753;55.26660983694418;-21.020351864256753, 55.26660983694418
2019;9741261C;La Réunion;04;La Réunion;La Réunion;28;974;Saint-André;97409;TERRAIN FAYARD;REP;-20.947105739520563;55.65727305141787;-20.947105739520563, 55.65727305141787
2019;9741313J;La Réunion;04;La Réunion;La Réunion;28;974;Le Port;97407;JEAN LE TOULLEC;REP+;-20.94883740406977;55.30661891580256;-20.94883740406977, 55.30661891580256
2015;9760094Y;Mayotte;06;Mayotte;Mayotte;43;976;Bandraboua;97602;BAKARI KUSU (DE DZOUMOGNE);REP;-12.71860722083926;45.109735152264555;-12.71860722083926, 45.109735152264555
2015;9760166B;Mayotte;06;Mayotte;Mayotte;43;976;Kani-Kéli;97609;DES YLANGS YLANGS (DE KANI-KELI);REP;-12.95664040511923;45.10510859047596;-12.95664040511923, 45.10510859047596
2016;9760244L;Mayotte;06;Mayotte;Mayotte;43;976;Koungou;97610;FREDERIC D'ACHERY;REP;-12.735749290053134;45.2049713779938;-12.735749290053134, 45.2049713779938
2017;0801616X;Hauts-de-France;32;Somme;Amiens;20;80;Amiens;80021;GUY MARESCHAL;REP+;49.870864563152736;2.3281177436464473;49.870864563152736, 2.3281177436464473
2016;0830953K;Provence-Alpes-Côte d'Azur;93;Var;Nice;23;83;Toulon;83137;PEIRESC;REP;43.124410625407464;5.934668706237845;43.124410625407464, 5.934668706237845
2015;0840114T;Provence-Alpes-Côte d'Azur;93;Vaucluse;Aix-Marseille;02;84;Carpentras;84031;FRANCOIS RASPAIL;REP;44.06582477802571;5.05331555441208;44.06582477802571, 5.05331555441208
2015;0840970Y;Provence-Alpes-Côte d'Azur;93;Vaucluse;Aix-Marseille;02;84;Avignon;84007;GERARD PHILIPE;REP+;43.94366208933906;4.845185449360624;43.94366208933906, 4.845185449360624
2016;0850014D;Pays de la Loire;52;Vendée;Nantes;17;85;L'Ile-d'Elle;85111;GOLFE DES PICTONS;REP;46.32884357303001;-0.9506047439452553;46.32884357303001, -0.9506047439452553
2015;0850067L;Pays de la Loire;52;Vendée;Nantes;17;85;Fontenay-le-Comte;85092;ANDRE TIRAQUEAU;REP;46.4631193324006;-0.7787078071032101;46.4631193324006, -0.7787078071032101
2018;0880151L;Grand Est;44;Vosges;Nancy-Metz;12;88;Saint-Dié-des-Vosges;88413;VAUTRIN LUD;REP;48.296113043988306;6.950038652905892;48.296113043988306, 6.950038652905892
2017;0881101U;Grand Est;44;Vosges;Nancy-Metz;12;88;Senones;88451;ANDRE MALRAUX;REP;48.39437881987966;6.972607436662062;48.39437881987966, 6.972607436662062
2019;6200040Z;Corse;94;Corse-du-Sud;Corse;27;2A;Porto-Vecchio;2A247;LÉON BOUJOT;REP;41.601237849961116;9.271343066636177;41.601237849961116, 9.271343066636177
2017;7200027S;Corse;94;Haute-Corse;Corse;27;2B;Luri;2B152;COLLEGE DU CAP;REP;42.896770400839365;9.405052355895318;42.896770400839365, 9.405052355895318
2019;9710073C;Guadeloupe;01;Guadeloupe;Guadeloupe;32;971;Pointe-à-Pitre;97120;SADI CARNOT;REP;16.238894757955624;-61.53764046574976;16.238894757955624, -61.53764046574976
2018;9730091L;Guyane;03;Guyane;Guyane;33;973;Cayenne;97302;PAUL KAPEL;REP+;4.928757216084589;-52.32316802705945;4.928757216084589, -52.32316802705945
2018;9730219A;Guyane;03;Guyane;Guyane;33;973;Iracoubo;97303;FERDINAND MADELEINE;REP+;5.475681181472741;-53.21181434691961;5.475681181472741, -53.21181434691961
2019;9730219A;Guyane;03;Guyane;Guyane;33;973;Iracoubo;97303;FERDINAND MADELEINE;REP+;5.475681181472741;-53.21181434691961;5.475681181472741, -53.21181434691961
2014;9730329V;Guyane;03;Guyane;Guyane;33;973;Saint-Laurent-du-Maroni;97311;PAUL JEAN-LOUIS;REP+;5.485693337955278;-54.01555594103458;5.485693337955278, -54.01555594103458
2019;9740094J;La Réunion;04;La Réunion;La Réunion;28;974;Sainte-Suzanne;97420;HIPPOLYTE FOUCQUE;REP;-20.902041563275315;55.59914376045121;-20.902041563275315, 55.59914376045121
2018;9740598G;La Réunion;04;La Réunion;La Réunion;28;974;Saint-André;97409;MILLE ROCHES;REP+;-20.969811086466393;55.65037429212305;-20.969811086466393, 55.65037429212305
2019;9740618D;La Réunion;04;La Réunion;La Réunion;28;974;Saint-Denis;97411;LES ALIZES;REP;-20.899458360412943;55.4854607777731;-20.899458360412943, 55.4854607777731
2017;9740703W;La Réunion;04;La Réunion;La Réunion;28;974;Saint-André;97409;CAMBUSTON;REP+;-20.928536902324367;55.64621069259988;-20.928536902324367, 55.64621069259988
2015;9740812P;La Réunion;04;La Réunion;La Réunion;28;974;Le Port;97407;L'OASIS;REP+;-20.94261322516108;55.29947470015649;-20.94261322516108, 55.29947470015649
2017;9740812P;La Réunion;04;La Réunion;La Réunion;28;974;Le Port;97407;L'OASIS;REP+;-20.94261322516108;55.29947470015649;-20.94261322516108, 55.29947470015649
2019;9740812P;La Réunion;04;La Réunion;La Réunion;28;974;Le Port;97407;L'OASIS;REP+;-20.94261322516108;55.29947470015649;-20.94261322516108, 55.29947470015649
2015;9741045T;La Réunion;04;La Réunion;La Réunion;28;974;Le Port;97407;TITAN;REP+;-20.942751622332008;55.29099837265944;-20.942751622332008, 55.29099837265944
2017;9741313J;La Réunion;04;La Réunion;La Réunion;28;974;Le Port;97407;JEAN LE TOULLEC;REP+;-20.94883740406977;55.30661891580256;-20.94883740406977, 55.30661891580256
2018;9760042S;Mayotte;06;Mayotte;Mayotte;43;976;Chirongui;97606;MARCEL HENRY;REP;-12.934883011040357;45.15055543950539;-12.934883011040357, 45.15055543950539
2017;9760368W;Mayotte;06;Mayotte;Mayotte;43;976;Mamoudzou;97611;DE KWALE;REP;-12.807939293185237;45.201122611733304;-12.807939293185237, 45.201122611733304
2017;0691730F;Auvergne-Rhône-Alpes;84;Rhône;Lyon;10;69;Vénissieux;69259;PAUL ELUARD;REP+;45.7001179349781;4.86965578916794;45.7001179349781, 4.86965578916794
2019;0694295U;Auvergne-Rhône-Alpes;84;Rhône;Lyon;10;69;Lyon 8e  Arrondissement;69388;ALICE GUY;REP;45.73678159289949;4.865034004039976;45.73678159289949, 4.865034004039976
2019;0860876K;Nouvelle-Aquitaine;75;Vienne;Poitiers;13;86;Châtellerault;86066;GEORGE SAND;REP+;46.80522819603858;0.5476560930490292;46.80522819603858, 0.5476560930490292
2018;0291087Z;Bretagne;53;Finistère;Rennes;14;29;Quimper;29232;MAX JACOB;REP;47.98751825049506;-4.131380514595773;47.98751825049506, -4.131380514595773
2017;0350052S;Bretagne;53;Ille-et-Vilaine;Rennes;14;35;Val-Couesnon;35004;PIERRE PERRIN;REP;48.42378227657473;-1.4746630756537267;48.42378227657473, -1.4746630756537267
2018;0931429Y;Ile-de-France;11;Seine-Saint-Denis;Créteil;24;93;La Courneuve;93027;JEAN VILAR;REP+;48.92211216446413;2.384882067943852;48.92211216446413, 2.384882067943852
2016;0931978V;Ile-de-France;11;Seine-Saint-Denis;Créteil;24;93;Noisy-le-Grand;93051;VICTOR HUGO;REP;48.837928725771405;2.5566627344585777;48.837928725771405, 2.5566627344585777
2018;0932310F;Ile-de-France;11;Seine-Saint-Denis;Créteil;24;93;Aulnay-sous-Bois;93005;CHRISTINE DE PISAN;REP;48.94775691453297;2.494528421283935;48.94775691453297, 2.494528421283935
2017;0940003T;Ile-de-France;11;Val-de-Marne;Créteil;24;94;Créteil;94028;AMEDEE LAPLACE;REP;48.780804159789454;2.468276499660144;48.780804159789454, 2.468276499660144
2018;0940749D;Ile-de-France;11;Val-de-Marne;Créteil;24;94;Villeneuve-Saint-Georges;94078;ROLAND GARROS;REP;48.75220891136596;2.4501575068370314;48.75220891136596, 2.4501575068370314
2015;0780255D;Ile-de-France;11;Yvelines;Versailles;25;78;Limay;78335;ALBERT THIERRY;REP;48.99785973231533;1.7480590529897597;48.99785973231533, 1.7480590529897597
2019;0780255D;Ile-de-France;11;Yvelines;Versailles;25;78;Limay;78335;ALBERT THIERRY;REP;48.99785973231533;1.7480590529897597;48.99785973231533, 1.7480590529897597
2019;0780514K;Ile-de-France;11;Yvelines;Versailles;25;78;Trappes;78621;LE VILLAGE;REP;48.7809686921288;1.9960568403721615;48.7809686921288, 1.9960568403721615
2017;0911402E;Ile-de-France;11;Essonne;Versailles;25;91;Etampes;91223;DE GUINETTE;REP;48.43661602297895;2.144665889682547;48.43661602297895, 2.144665889682547
2018;0921168V;Ile-de-France;11;Hauts-de-Seine;Versailles;25;92;Bagneux;92007;ROMAIN ROLLAND;REP;48.792019015055104;2.3005350340987216;48.792019015055104, 2.3005350340987216
2017;0921180H;Ile-de-France;11;Hauts-de-Seine;Versailles;25;92;Châtenay-Malabry;92019;MASARYK;REP;48.76255272797497;2.263949132983106;48.76255272797497, 2.263949132983106
2016;0921394R;Ile-de-France;11;Hauts-de-Seine;Versailles;25;92;Nanterre;92050;ANDRE DOUCET;REP;48.89967802721201;2.196295965382897;48.89967802721201, 2.196295965382897
2019;0950023J;Ile-de-France;11;Val-d'Oise;Versailles;25;95;Garges-lès-Gonesse;95268;HENRI WALLON;REP+;48.967648082901526;2.399471302782061;48.967648082901526, 2.399471302782061
2019;0950887Y;Ile-de-France;11;Val-d'Oise;Versailles;25;95;Bezons;95063;GABRIEL PERI;REP;48.930469763305666;2.206134767896357;48.930469763305666, 2.206134767896357
2016;0950900M;Ile-de-France;11;Val-d'Oise;Versailles;25;95;Sarcelles;95585;ANATOLE FRANCE;REP;48.9815698925184;2.3873056196756326;48.9815698925184, 2.3873056196756326
2018;0950900M;Ile-de-France;11;Val-d'Oise;Versailles;25;95;Sarcelles;95585;ANATOLE FRANCE;REP;48.9815698925184;2.3873056196756326;48.9815698925184, 2.3873056196756326
2017;0950934Z;Ile-de-France;11;Val-d'Oise;Versailles;25;95;Persan;95487;GEORGES BRASSENS;REP;49.15482334680485;2.2734415238155288;49.15482334680485, 2.2734415238155288
2017;0951800R;Ile-de-France;11;Val-d'Oise;Versailles;25;95;Montigny-lès-Cormeilles;95424;LOUIS ARAGON;REP;48.995034608465424;2.203997643313393;48.995034608465424, 2.203997643313393
2015;0951921X;Ile-de-France;11;Val-d'Oise;Versailles;25;95;Goussainville;95280;MICHEL DE MONTAIGNE;REP;49.02854585324489;2.454131677249793;49.02854585324489, 2.454131677249793
2015;0400010U;Nouvelle-Aquitaine;75;Landes;Bordeaux;04;40;Gabarret;40102;JULES FERRY;REP;43.98527944545262;0.006111135857639554;43.98527944545262, 0.006111135857639554
2017;0741165P;Auvergne-Rhône-Alpes;84;Haute-Savoie;Grenoble;08;74;Annemasse;74012;MICHEL SERVET;REP;46.1928508756793;6.237465647547288;46.1928508756793, 6.237465647547288
2017;9730173A;Guyane;03;Guyane;Guyane;33;973;Saint-Georges;97308;CHLORE CONSTANT (CHLORE CONSTANT );REP+;3.8907540586772145;-51.80157660124413;3.8907540586772145, -51.80157660124413
2015;0760083C;Normandie;28;Seine-Maritime;Rouen;21;76;Oissel;76484;JEAN CHARCOT;REP;49.357936376211995;1.0949990861388395;49.357936376211995, 1.0949990861388395
2018;0593185S;Hauts-de-France;32;Nord;Lille;09;59;Sin-le-Noble;59569;ANATOLE FRANCE;REP;50.361329331555964;3.114949443162363;50.361329331555964, 3.114949443162363
2017;0593664M;Hauts-de-France;32;Nord;Lille;09;59;Dunkerque;59183;LUCIE AUBRAC;REP+;51.02206577461727;2.3564601592025523;51.02206577461727, 2.3564601592025523
2018;0594303G;Hauts-de-France;32;Nord;Lille;09;59;Quiévrechain;59484;JEHAN FROISSART;REP;50.40095513807872;3.6577933972314653;50.40095513807872, 3.6577933972314653
2017;0594394F;Hauts-de-France;32;Nord;Lille;09;59;Tourcoing;59599;MARIE CURIE;REP;50.71886900017118;3.1545458984294146;50.71886900017118, 3.1545458984294146
2018;0594632P;Hauts-de-France;32;Nord;Lille;09;59;Hem;59299;RAYMOND DEVOS (RAYMOND DEVOS );REP;50.66115030363756;3.1877820191313746;50.66115030363756, 3.1877820191313746
2018;0595169Y;Hauts-de-France;32;Nord;Lille;09;59;Wattrelos;59650;EMILE ZOLA;REP;50.70612400967357;3.2311249191384546;50.70612400967357, 3.2311249191384546
2014;0595190W;Hauts-de-France;32;Nord;Lille;09;59;Douai;59178;GAYANT;REP+;50.40191279357779;3.1245508692857875;50.40191279357779, 3.1245508692857875
2017;0620170Y;Hauts-de-France;32;Pas-de-Calais;Lille;09;62;Sallaumines;62771;PAUL LANGEVIN;REP+;50.41331768115844;2.862966576074494;50.41331768115844, 2.862966576074494
2015;0622094P;Hauts-de-France;32;Pas-de-Calais;Lille;09;62;Aire-sur-la-Lys;62014;JEAN JAURES;REP;50.635453031824476;2.400608035658177;50.635453031824476, 2.400608035658177
2019;0622095R;Hauts-de-France;32;Pas-de-Calais;Lille;09;62;Le Portel;62667;JEAN MOULIN;REP;50.708256638880755;1.5845012577566218;50.708256638880755, 1.5845012577566218
2016;0622239X;Hauts-de-France;32;Pas-de-Calais;Lille;09;62;Libercourt;62907;JEAN DE SAINT AUBERT;REP;50.48105884300051;3.01635525630253;50.48105884300051, 3.01635525630253
2015;0622261W;Hauts-de-France;32;Pas-de-Calais;Lille;09;62;Frévent;62361;PIERRE CUALLACCI;REP;50.27638953962339;2.2847019206027017;50.27638953962339, 2.2847019206027017
2016;0622572J;Hauts-de-France;32;Pas-de-Calais;Lille;09;62;Etaples;62318;JEAN JAURES;REP;50.5200401784929;1.64235871377373;50.5200401784929, 1.64235871377373
2017;0622576N;Hauts-de-France;32;Pas-de-Calais;Lille;09;62;Calais;62193;VAUBAN;REP+;50.948289307754465;1.833167567249563;50.948289307754465, 1.833167567249563
2018;0240055E;Nouvelle-Aquitaine;75;Dordogne;Bordeaux;04;24;Saint Aulaye-Puymangou;24376;DRONNE-DOUBLE;REP;45.199467511818135;0.1338589652677283;45.199467511818135, 0.1338589652677283
2016;0330140Y;Nouvelle-Aquitaine;75;Gironde;Bordeaux;04;33;Bordeaux;33063;GRAND PARC;REP;44.85653876581499;-0.5827966597472354;44.85653876581499, -0.5827966597472354
2016;0511470W;Grand Est;44;Marne;Reims;19;51;Reims;51454;MARYSE BASTIE;REP;49.269844606696644;4.044868054804895;49.269844606696644, 4.044868054804895
2016;0520050X;Grand Est;44;Haute-Marne;Reims;19;52;Saint-Dizier;52448;LUIS ORTIZ;REP;48.63874680882137;4.966642346229084;48.63874680882137, 4.966642346229084
2017;0020030X;Hauts-de-France;32;Aisne;Amiens;20;02;Guise;02361;CAMILLE DESMOULINS;REP;49.904117444645166;3.636139990380132;49.904117444645166, 3.636139990380132
2019;0021826Z;Hauts-de-France;32;Aisne;Amiens;20;02;Château-Thierry;02168;JEAN ROSTAND;REP;49.05871287531667;3.383813868598672;49.05871287531667, 3.383813868598672
2017;0601821D;Hauts-de-France;32;Oise;Amiens;20;60;Villers-Saint-Paul;60684;EMILE LAMBERT;REP;49.2921490830136;2.4906223657773796;49.2921490830136, 2.4906223657773796
2018;0061279H;Provence-Alpes-Côte d'Azur;93;Alpes-Maritimes;Nice;23;06;Cannes;06029;LES VALLERGUES;REP;43.55869508171123;7.010839675556695;43.55869508171123, 7.010839675556695
2015;0080949N;Grand Est;44;Ardennes;Reims;19;08;Revin;08363;GEORGE SAND;REP;49.93458688259741;4.646499964728705;49.93458688259741, 4.646499964728705
2017;0131260Z;Provence-Alpes-Côte d'Azur;93;Bouches-du-Rhône;Aix-Marseille;02;13;Marseille 13e  Arrondissement;13213;EDMOND ROSTAND;REP+;43.3285229352973;5.408321004299624;43.3285229352973, 5.408321004299624
2019;0132313U;Provence-Alpes-Côte d'Azur;93;Bouches-du-Rhône;Aix-Marseille;02;13;Marseille 13e  Arrondissement;13213;STEPHANE MALLARME;REP+;43.330958835404665;5.43018344762998;43.330958835404665, 5.43018344762998
2019;0132404T;Provence-Alpes-Côte d'Azur;93;Bouches-du-Rhône;Aix-Marseille;02;13;Marseille 14e  Arrondissement;13214;CLAIR SOLEIL;REP+;43.32354905418095;5.385893227377723;43.32354905418095, 5.385893227377723
2017;0133788X;Provence-Alpes-Côte d'Azur;93;Bouches-du-Rhône;Aix-Marseille;02;13;Marseille  2e  Arrondissement;13202;JEAN CLAUDE IZZO;REP+;43.30735309691616;5.369271084312032;43.30735309691616, 5.369271084312032
2019;0251599C;Bourgogne-Franche-Comté;27;Doubs;Besançon;03;25;Valentigney;25580;LES BRUYERES;REP;47.45420213424987;6.829897618916385;47.45420213424987, 6.829897618916385
2019;0260978X;Auvergne-Rhône-Alpes;84;Drôme;Grenoble;08;26;Valence;26362;MARCEL PAGNOL;REP;44.94406935795195;4.924562529719764;44.94406935795195, 4.924562529719764
2018;0271176G;Normandie;28;Eure;Rouen;21;27;Evreux;27229;JULES MICHELET;REP+;49.00870915262467;1.1652686631221014;49.00870915262467, 1.1652686631221014
2019;0300062E;Occitanie;76;Gard;Montpellier;11;30;Nîmes;30189;CAPOUCHINE;REP;43.82248252069544;4.356961233237671;43.82248252069544, 4.356961233237671
2016;0341364Y;Occitanie;76;Hérault;Montpellier;11;34;Montpellier;34172;GERARD PHILIPE;REP;43.59734336560839;3.8844132992149993;43.59734336560839, 3.8844132992149993
2015;0382044R;Auvergne-Rhône-Alpes;84;Isère;Grenoble;08;38;Echirolles;38151;PABLO PICASSO;REP;45.144597782235955;5.697006562520474;45.144597782235955, 5.697006562520474
2015;0400014Y;Nouvelle-Aquitaine;75;Landes;Bordeaux;04;40;Labouheyre;40134;FELIX ARNAUDIN;REP;44.200663516399544;-0.9158835487359339;44.200663516399544, -0.9158835487359339
2019;0400014Y;Nouvelle-Aquitaine;75;Landes;Bordeaux;04;40;Labouheyre;40134;FELIX ARNAUDIN;REP;44.200663516399544;-0.9158835487359339;44.200663516399544, -0.9158835487359339
2015;0440013A;Pays de la Loire;52;Loire-Atlantique;Nantes;17;44;Guémené-Penfao;44067;BELLEVUE;REP;47.62733300657911;-1.8193342985376002;47.62733300657911, -1.8193342985376002
2017;0511214T;Grand Est;44;Marne;Reims;19;51;Reims;51454;TROIS FONTAINES;REP;49.27653804770413;4.01000843095502;49.27653804770413, 4.01000843095502
2015;0511251H;Grand Est;44;Marne;Reims;19;51;Reims;51454;JOLIOT-CURIE;REP+;49.23189441163439;4.005971883053289;49.23189441163439, 4.005971883053289
2016;0550701N;Grand Est;44;Meuse;Nancy-Metz;12;55;Bar-le-Duc;55029;JACQUES PREVERT;REP+;48.77975801911524;5.17028239651293;48.77975801911524, 5.17028239651293
2018;0550701N;Grand Est;44;Meuse;Nancy-Metz;12;55;Bar-le-Duc;55029;JACQUES PREVERT;REP+;48.77975801911524;5.17028239651293;48.77975801911524, 5.17028239651293
2016;0572183N;Grand Est;44;Moselle;Nancy-Metz;12;57;Puttelange-aux-Lacs;57556;JEAN BAPTISTE EBLE;REP;49.05257108758762;6.925385733218643;49.05257108758762, 6.925385733218643
2017;0580599L;Bourgogne-Franche-Comté;27;Nièvre;Dijon;07;58;Nevers;58194;ADAM BILLAUT;REP;47.00647110833798;3.1586051792836987;47.00647110833798, 3.1586051792836987
2016;0600022Y;Hauts-de-France;32;Oise;Amiens;20;60;Creil;60175;GABRIEL HAVEZ;REP+;49.247996126408296;2.4688454243828932;49.247996126408296, 2.4688454243828932
2019;0600022Y;Hauts-de-France;32;Oise;Amiens;20;60;Creil;60175;GABRIEL HAVEZ;REP+;49.247996126408296;2.4688454243828932;49.247996126408296, 2.4688454243828932
2015;0601177D;Hauts-de-France;32;Oise;Amiens;20;60;Creil;60175;JEAN JACQUES ROUSSEAU;REP;49.25038471739708;2.4829012850174195;49.25038471739708, 2.4829012850174195
2016;0720987G;Pays de la Loire;52;Sarthe;Nantes;17;72;Le Mans;72181;COSTA-GAVRAS;REP+;47.99418377976128;0.23195274165646437;47.99418377976128, 0.23195274165646437
2016;0761739C;Normandie;28;Seine-Maritime;Rouen;21;76;Le Havre;76351;DESCARTES;REP+;49.51941332089026;0.1088750141114374;49.51941332089026, 0.1088750141114374
2015;0771070V;Ile-de-France;11;Seine-et-Marne;Créteil;24;77;Melun;77288;FREDERIC CHOPIN;REP;48.55243324813736;2.6408622210764015;48.55243324813736, 2.6408622210764015
2018;0771621U;Ile-de-France;11;Seine-et-Marne;Créteil;24;77;Nemours;77333;HONORE DE BALZAC;REP;48.26279125027707;2.714643292821289;48.26279125027707, 2.714643292821289
2015;0800036E;Hauts-de-France;32;Somme;Amiens;20;80;Ham;80410;VICTOR HUGO;REP;49.752855233178884;3.0784831064953435;49.752855233178884, 3.0784831064953435
2016;0801487G;Hauts-de-France;32;Somme;Amiens;20;80;Flixecourt;80318;ALFRED MANESSIER;REP;50.01002374966968;2.0777483079370413;50.01002374966968, 2.0777483079370413
2019;0830953K;Provence-Alpes-Côte d'Azur;93;Var;Nice;23;83;Toulon;83137;PEIRESC;REP;43.124410625407464;5.934668706237845;43.124410625407464, 5.934668706237845
2019;0840970Y;Provence-Alpes-Côte d'Azur;93;Vaucluse;Aix-Marseille;02;84;Avignon;84007;GERARD PHILIPE;REP+;43.94366208933906;4.845185449360624;43.94366208933906, 4.845185449360624
2015;0880045W;Grand Est;44;Vosges;Nancy-Metz;12;88;Rambervillers;88367;ALPHONSE CYTERE;REP;48.35301560900074;6.636642405074547;48.35301560900074, 6.636642405074547
2019;0881099S;Grand Est;44;Vosges;Nancy-Metz;12;88;Saint-Dié-des-Vosges;88413;JOSEPH-JULIEN SOUHAIT;REP;48.281066500528894;6.967291505973852;48.281066500528894, 6.967291505973852
2015;0900295G;Bourgogne-Franche-Comté;27;Territoire de Belfort;Besançon;03;90;Belfort;90010;VAUBAN;REP;47.640149077176154;6.880683440327653;47.640149077176154, 6.880683440327653
2015;0930891N;Ile-de-France;11;Seine-Saint-Denis;Créteil;24;93;Aulnay-sous-Bois;93005;VICTOR HUGO;REP;48.95891590801109;2.4949743743081245;48.95891590801109, 2.4949743743081245
2017;0930891N;Ile-de-France;11;Seine-Saint-Denis;Créteil;24;93;Aulnay-sous-Bois;93005;VICTOR HUGO;REP;48.95891590801109;2.4949743743081245;48.95891590801109, 2.4949743743081245
2019;0931151W;Ile-de-France;11;Seine-Saint-Denis;Créteil;24;93;Montreuil;93048;JEAN MOULIN;REP;48.85870279826701;2.450673356933251;48.85870279826701, 2.450673356933251
2016;0931218U;Ile-de-France;11;Seine-Saint-Denis;Créteil;24;93;Pantin;93055;JEAN LOLIVE;REP+;48.90262340909542;2.3965560549539098;48.90262340909542, 2.3965560549539098
2018;0931223Z;Ile-de-France;11;Seine-Saint-Denis;Créteil;24;93;Pierrefitte-sur-Seine;93059;GUSTAVE COURBET;REP;48.94917843236779;2.362944286139678;48.94917843236779, 2.362944286139678
2017;0931225B;Ile-de-France;11;Seine-Saint-Denis;Créteil;24;93;Stains;93072;JOLIOT CURIE;REP+;48.9565325903814;2.3853256347000116;48.9565325903814, 2.3853256347000116
2017;0931230G;Ile-de-France;11;Seine-Saint-Denis;Créteil;24;93;Saint-Denis;93066;ELSA TRIOLET;REP;48.939437891319834;2.348305472335247;48.939437891319834, 2.348305472335247
2015;0931377S;Ile-de-France;11;Seine-Saint-Denis;Créteil;24;93;Drancy;93029;JORISSEN;REP;48.91646597239605;2.4698404916640575;48.91646597239605, 2.4698404916640575
2015;0931546A;Ile-de-France;11;Seine-Saint-Denis;Créteil;24;93;Montfermeil;93047;JEAN JAURES;REP;48.89782782415864;2.560430122723383;48.89782782415864, 2.560430122723383
2019;0931612X;Ile-de-France;11;Seine-Saint-Denis;Créteil;24;93;Bondy;93010;JEAN ZAY;REP+;48.91080413353783;2.481372219549891;48.91080413353783, 2.481372219549891
2018;0932261C;Ile-de-France;11;Seine-Saint-Denis;Créteil;24;93;Saint-Ouen-sur-Seine;93070;JOSEPHINE BAKER;REP;48.90591208390695;2.337160701771719;48.90591208390695, 2.337160701771719
2019;0940786U;Ile-de-France;11;Val-de-Marne;Créteil;24;94;Champigny-sur-Marne;94017;LUCIE AUBRAC;REP;48.81900911460025;2.5081796585833844;48.81900911460025, 2.5081796585833844
2019;0941015T;Ile-de-France;11;Val-de-Marne;Créteil;24;94;Champigny-sur-Marne;94017;WILLY RONIS;REP;48.825481863315396;2.522608593185134;48.825481863315396, 2.522608593185134
2016;0941024C;Ile-de-France;11;Val-de-Marne;Créteil;24;94;Maisons-Alfort;94046;JULES FERRY;REP;48.79246922741321;2.434551245936811;48.79246922741321, 2.434551245936811
2016;0941026E;Ile-de-France;11;Val-de-Marne;Créteil;24;94;Ivry-sur-Seine;94041;MOLIERE;REP;48.816559292526925;2.392386447811229;48.816559292526925, 2.392386447811229
2018;0941026E;Ile-de-France;11;Val-de-Marne;Créteil;24;94;Ivry-sur-Seine;94041;MOLIERE;REP;48.816559292526925;2.392386447811229;48.816559292526925, 2.392386447811229
2019;0941029H;Ile-de-France;11;Val-de-Marne;Créteil;24;94;Vitry-sur-Seine;94081;JULES VALLES;REP;48.77514272401906;2.402137046623073;48.77514272401906, 2.402137046623073
2015;0941033M;Ile-de-France;11;Val-de-Marne;Créteil;24;94;Vitry-sur-Seine;94081;JEAN PERRIN;REP;48.79558974328478;2.380065590824601;48.79558974328478, 2.380065590824601
2015;0941034N;Ile-de-France;11;Val-de-Marne;Créteil;24;94;Vitry-sur-Seine;94081;JOSEPH LAKANAL;REP;48.793714454965944;2.383360402437281;48.793714454965944, 2.383360402437281
2017;0941095E;Ile-de-France;11;Val-de-Marne;Créteil;24;94;Bonneuil-sur-Marne;94011;PAUL ELUARD;REP;48.76711521908772;2.482621750494879;48.76711521908772, 2.482621750494879
2019;0941099J;Ile-de-France;11;Val-de-Marne;Créteil;24;94;Gentilly;94037;ROSA PARKS;REP;48.81370212196632;2.3457206277302776;48.81370212196632, 2.3457206277302776
2019;0941296Y;Ile-de-France;11;Val-de-Marne;Créteil;24;94;Fontenay-sous-Bois;94033;JEAN MACE;REP;48.85627637106781;2.4810972403934977;48.85627637106781, 2.4810972403934977
2018;0941478W;Ile-de-France;11;Val-de-Marne;Créteil;24;94;Boissy-Saint-Léger;94004;BLAISE CENDRARS;REP;48.74839234636122;2.5091154586194677;48.74839234636122, 2.5091154586194677
2018;6200041A;Corse;94;Corse-du-Sud;Corse;27;2A;Propriano;2A249;JEAN NICOLI;REP;41.674108399469844;8.900312615770453;41.674108399469844, 8.900312615770453
2018;6200697N;Corse;94;Corse-du-Sud;Corse;27;2A;Porto-Vecchio;2A247;MARIA DE PERETTI;REP;41.577652607028014;9.266886497166388;41.577652607028014, 9.266886497166388
2017;9710033J;Guadeloupe;01;Guadeloupe;Guadeloupe;32;971;La Désirade;97110;MARYSE CONDE;REP;16.304903649327933;-61.068447333229244;16.304903649327933, -61.068447333229244
2017;9710710V;Guadeloupe;01;Guadeloupe;Guadeloupe;32;971;Les Abymes;97101;ALEXANDRE ISAAC;REP;16.27885123063387;-61.50644991428947;16.27885123063387, -61.50644991428947
2018;9720031B;Martinique;02;Martinique;Martinique;31;972;Le Vauclin;97232;DU VAUCLIN;REP+;14.544374150854615;-60.83773965674344;14.544374150854615, -60.83773965674344
2018;9720472F;Martinique;02;Martinique;Martinique;31;972;Basse-Pointe;97203;AIME CESAIRE DE BASSE-POINTE;REP+;14.867990423486788;-61.12004956346709;14.867990423486788, -61.12004956346709
2018;9720495F;Martinique;02;Martinique;Martinique;31;972;Le François;97210;TRIANON;REP+;14.620528937675742;-60.91157033423602;14.620528937675742, -60.91157033423602
2019;9720513A;Martinique;02;Martinique;Martinique;31;972;Sainte-Marie;97228;EMMANUEL SALDES;REP+;14.785477139595768;-60.9989930568565;14.785477139595768, -60.9989930568565
2015;9720842H;Martinique;02;Martinique;Martinique;31;972;Sainte-Marie;97228;MORNE DES ESSES;REP;14.744749591605611;-61.016126631079324;14.744749591605611, -61.016126631079324
2016;9730182K;Guyane;03;Guyane;Guyane;33;973;Matoury;97307;LA CANOPEE;REP+;4.846308746094331;-52.32736208781621;4.846308746094331, -52.32736208781621
2018;9730218Z;Guyane;03;Guyane;Guyane;33;973;Matoury;97307;LISE OPHION;REP+;4.889986953284008;-52.34284231738637;4.889986953284008, -52.34284231738637
2016;9730307W;Guyane;03;Guyane;Guyane;33;973;Matoury;97307;CONCORDE - MAURICE DUMESNIL;REP+;4.835132727125779;-52.35116917250092;4.835132727125779, -52.35116917250092
2014;9730348R;Guyane;03;Guyane;Guyane;33;973;Saint-Laurent-du-Maroni;97311;LEODATE VOLMAR;REP+;5.482568479589605;-54.03874387598244;5.482568479589605, -54.03874387598244
2017;9730374U;Guyane;03;Guyane;Guyane;33;973;Macouria;97305;ANTOINE SYLVERE FELIX;REP+;4.927894589065533;-52.41104460419332;4.927894589065533, -52.41104460419332
2015;9740069G;La Réunion;04;La Réunion;La Réunion;28;974;Saint-Paul;97415;L'ETANG SAINT PAUL;REP;-20.9816255458479;55.28470714701823;-20.9816255458479, 55.28470714701823
2016;9740080U;La Réunion;04;La Réunion;La Réunion;28;974;Saint-Denis;97411;DE  BOURBON (BOURBON);REP+;-20.88489121150576;55.45298365567719;-20.88489121150576, 55.45298365567719
2017;9740080U;La Réunion;04;La Réunion;La Réunion;28;974;Saint-Denis;97411;DE  BOURBON;REP+;-20.88489121150576;55.45298365567719;-20.88489121150576, 55.45298365567719
2018;9740080U;La Réunion;04;La Réunion;La Réunion;28;974;Saint-Denis;97411;DE  BOURBON;REP+;-20.88489121150576;55.45298365567719;-20.88489121150576, 55.45298365567719
2019;9740572D;La Réunion;04;La Réunion;La Réunion;28;974;Saint-Denis;97411;LES DEUX CANONS;REP+;-20.891663373488605;55.47650708149796;-20.891663373488605, 55.47650708149796
2015;9740574F;La Réunion;04;La Réunion;La Réunion;28;974;Saint-Pierre;97416;PAUL HERMANN;REP+;-21.334278368093653;55.46804203609736;-21.334278368093653, 55.46804203609736
2018;9740645H;La Réunion;04;La Réunion;La Réunion;28;974;Saint-Denis;97411;MONTGAILLARD;REP+;-20.90259846929564;55.46854848337027;-20.90259846929564, 55.46854848337027
2015;9740651P;La Réunion;04;La Réunion;La Réunion;28;974;Salazie;97421;AUGUSTE LACAUSSADE;REP;-21.034577255420814;55.533818601218364;-21.034577255420814, 55.533818601218364
2018;9740734E;La Réunion;04;La Réunion;La Réunion;28;974;Saint-Denis;97411;FRANCOIS MAHE DE LA BOURDONNAIS;REP+;-20.88769017403551;55.496469583598;-20.88769017403551, 55.496469583598
2015;9740811N;La Réunion;04;La Réunion;La Réunion;28;974;Saint-Pierre;97416;TERRE SAINTE;REP+;-21.34484186897801;55.489435400561725;-21.34484186897801, 55.489435400561725
2018;9740811N;La Réunion;04;La Réunion;La Réunion;28;974;Saint-Pierre;97416;TERRE SAINTE;REP+;-21.34484186897801;55.489435400561725;-21.34484186897801, 55.489435400561725
2017;9741049X;La Réunion;04;La Réunion;La Réunion;28;974;Saint-Pierre;97416;HENRI MATISSE;REP+;-21.300362249653773;55.44781216296305;-21.300362249653773, 55.44781216296305
2017;9741208V;La Réunion;04;La Réunion;La Réunion;28;974;Saint-Denis;97411;ELIE WIESEL DU CHAUDRON (DU CHAUDRON);REP+;-20.89304065901602;55.484908050865435;-20.89304065901602, 55.484908050865435
2017;9741261C;La Réunion;04;La Réunion;La Réunion;28;974;Saint-André;97409;TERRAIN FAYARD;REP;-20.947105739520563;55.65727305141787;-20.947105739520563, 55.65727305141787
2018;9741386N;La Réunion;04;La Réunion;La Réunion;28;974;Saint-André;97409;CHEMIN MORIN;REP;-20.966294306026278;55.64639715584178;-20.966294306026278, 55.64639715584178
2016;9760042S;Mayotte;06;Mayotte;Mayotte;43;976;Chirongui;97606;MARCEL HENRY;REP;-12.934883011040357;45.15055543950539;-12.934883011040357, 45.15055543950539
2018;9760094Y;Mayotte;06;Mayotte;Mayotte;43;976;Bandraboua;97602;BAKARI KUSU;REP;-12.71860722083926;45.109735152264555;-12.71860722083926, 45.109735152264555
2016;9760368W;Mayotte;06;Mayotte;Mayotte;43;976;Mamoudzou;97611;DE KWALE;REP;-12.807939293185237;45.201122611733304;-12.807939293185237, 45.201122611733304
2018;0860876K;Nouvelle-Aquitaine;75;Vienne;Poitiers;13;86;Châtellerault;86066;GEORGE SAND;REP+;46.80522819603858;0.5476560930490292;46.80522819603858, 0.5476560930490292
2019;0622087G;Hauts-de-France;32;Pas-de-Calais;Lille;09;62;Mazingarbe;62563;BLAISE PASCAL;REP;50.461641880259855;2.71946421178554;50.461641880259855, 2.71946421178554
2014;0622424Y;Hauts-de-France;32;Pas-de-Calais;Lille;09;62;Grenay;62386;LANGEVIN-WALLON;REP+;50.45108257460581;2.7378299038530858;50.45108257460581, 2.7378299038530858
2018;0921631Y;Ile-de-France;11;Hauts-de-Seine;Versailles;25;92;Bagneux;92007;HENRI BARBUSSE;REP;48.7964575392585;2.31779890558426;48.7964575392585, 2.31779890558426
2015;0221037H;Bretagne;53;Côtes-d'Armor;Rennes;14;22;Plémet;22183;LOUIS GUILLOUX;REP;48.1744927931095;-2.596617187978246;48.1744927931095, -2.596617187978246
2018;0221037H;Bretagne;53;Côtes-d'Armor;Rennes;14;22;Plémet;22183;LOUIS GUILLOUX;REP;48.1744927931095;-2.596617187978246;48.1744927931095, -2.596617187978246
2016;0350895H;Bretagne;53;Ille-et-Vilaine;Rennes;14;35;Rennes;35238;ROSA PARKS;REP;48.1212018513474;-1.7146786496809414;48.1212018513474, -1.7146786496809414
2016;0350913C;Bretagne;53;Ille-et-Vilaine;Rennes;14;35;Rennes;35238;CLOTILDE VAUTIER;REP;48.12625632364829;-1.6679336381494778;48.12625632364829, -1.6679336381494778
2018;0380065P;Auvergne-Rhône-Alpes;84;Isère;Grenoble;08;38;Saint-Martin-d'Hères;38421;HENRI WALLON;REP;45.17553965675825;5.764599912225057;45.17553965675825, 5.764599912225057
2019;0380065P;Auvergne-Rhône-Alpes;84;Isère;Grenoble;08;38;Saint-Martin-d'Hères;38421;HENRI WALLON;REP;45.17553965675825;5.764599912225057;45.17553965675825, 5.764599912225057
2018;0810125W;Occitanie;76;Tarn;Toulouse;16;81;Graulhet;81105;LOUIS PASTEUR;REP;43.76015666419012;1.982896841832042;43.76015666419012, 1.982896841832042
2016;0090007J;Occitanie;76;Ariège;Toulouse;16;09;Lavelanet;09160;VICTOR HUGO;REP;42.93989821922662;1.852727372479213;42.93989821922662, 1.852727372479213
2019;0132561N;Provence-Alpes-Côte d'Azur;93;Bouches-du-Rhône;Aix-Marseille;02;13;Marseille  6e  Arrondissement;13206;ANATOLE FRANCE;REP;43.290571860058506;5.37691121784437;43.290571860058506, 5.37691121784437
2018;0132785G;Provence-Alpes-Côte d'Azur;93;Bouches-du-Rhône;Aix-Marseille;02;13;Marseille 15e  Arrondissement;13215;ROSA PARKS;REP+;43.331237259962585;5.365677889611877;43.331237259962585, 5.365677889611877
2015;0740911N;Auvergne-Rhône-Alpes;84;Haute-Savoie;Grenoble;08;74;Cluses;74081;G ANTHONIOZ DE GAULLE;REP;46.06398201824885;6.574563585342877;46.06398201824885, 6.574563585342877
2018;0750478M;Ile-de-France;11;Paris;Paris;01;75;Paris 20e  Arrondissement;75120;JEAN-BAPTISTE CLEMENT;REP;48.869960452798956;2.3893750912220355;48.869960452798956, 2.3893750912220355
2019;0752198G;Ile-de-France;11;Paris;Paris;01;75;Paris 20e  Arrondissement;75120;PIERRE MENDES FRANCE;REP;48.868065878950105;2.4111584550272513;48.868065878950105, 2.4111584550272513
2018;0752695X;Ile-de-France;11;Paris;Paris;01;75;Paris 19e  Arrondissement;75119;GUILLAUME BUDE;REP;48.8768302948285;2.396256349456825;48.8768302948285, 2.396256349456825
2017;0754355B;Ile-de-France;11;Paris;Paris;01;75;Paris 20e  Arrondissement;75120;ROBERT DOISNEAU;REP;48.8670900790929;2.388027815286084;48.8670900790929, 2.388027815286084
2015;0755030K;Ile-de-France;11;Paris;Paris;01;75;Paris 18e  Arrondissement;75118;DANIEL MAYER;REP;48.89315535723955;2.3638739227670578;48.89315535723955, 2.3638739227670578
2018;0180033N;Centre-Val de Loire;24;Cher;Orléans-Tours;18;18;Sancoins;18242;MARGUERITE AUDOUX;REP;46.83492943258112;2.9218655976202235;46.83492943258112, 2.9218655976202235
2016;0280656L;Centre-Val de Loire;24;Eure-et-Loir;Orléans-Tours;18;28;Châteaudun;28088;TOMAS DIVI;REP;48.079107307943175;1.3507761722993146;48.079107307943175, 1.3507761722993146
2019;0281060A;Centre-Val de Loire;24;Eure-et-Loir;Orléans-Tours;18;28;Dreux;28134;MARTIAL TAUGOURDEAU;REP;48.742402080351326;1.3991012716551992;48.742402080351326, 1.3991012716551992
2018;0370791J;Centre-Val de Loire;24;Indre-et-Loire;Orléans-Tours;18;37;Joué-lès-Tours;37122;ARCHE DU LUDE;REP;47.34616946970418;0.6506576577664248;47.34616946970418, 0.6506576577664248
2016;0410793P;Centre-Val de Loire;24;Loir-et-Cher;Orléans-Tours;18;41;Romorantin-Lanthenay;41194;LEONARD DE VINCI;REP;47.351969824664884;1.7471037419235804;47.351969824664884, 1.7471037419235804
2019;0410793P;Centre-Val de Loire;24;Loir-et-Cher;Orléans-Tours;18;41;Romorantin-Lanthenay;41194;LEONARD DE VINCI;REP;47.351969824664884;1.7471037419235804;47.351969824664884, 1.7471037419235804
2016;0450069F;Centre-Val de Loire;24;Loiret;Orléans-Tours;18;45;Saint-Jean-de-la-Ruelle;45285;MAX JACOB;REP;47.9183454443335;1.8783749671300538;47.9183454443335, 1.8783749671300538
2016;0670105A;Grand Est;44;Bas-Rhin;Strasbourg;15;67;Strasbourg;67482;LEZAY MARNESIA;REP+;48.54835318372379;7.74594502892675;48.54835318372379, 7.74594502892675
2018;0761704P;Normandie;28;Seine-Maritime;Rouen;21;76;Fécamp;76259;JULES FERRY;REP;49.755461078651145;0.38232728158670715;49.755461078651145, 0.38232728158670715
2017;0921623P;Ile-de-France;11;Hauts-de-Seine;Versailles;25;92;Clichy;92024;JEAN JAURES;REP;48.90666303930971;2.3072864207664914;48.90666303930971, 2.3072864207664914
2017;0951401G;Ile-de-France;11;Val-d'Oise;Versailles;25;95;Cergy;95127;LA JUSTICE;REP;49.04485916757148;2.0626711880873145;49.04485916757148, 2.0626711880873145
2019;0931143M;Ile-de-France;11;Seine-Saint-Denis;Créteil;24;93;Saint-Ouen-sur-Seine;93070;JEAN JAURES;REP;48.910874237875625;2.3353320313295063;48.910874237875625, 2.3353320313295063
2015;0931147S;Ile-de-France;11;Seine-Saint-Denis;Créteil;24;93;Stains;93072;BARBARA;REP+;48.9516454471708;2.369980113585586;48.9516454471708, 2.369980113585586
2015;0931181D;Ile-de-France;11;Seine-Saint-Denis;Créteil;24;93;Bagnolet;93006;GEORGES POLITZER;REP;48.85988612830851;2.417538463347195;48.85988612830851, 2.417538463347195
2016;0931199Y;Ile-de-France;11;Seine-Saint-Denis;Créteil;24;93;Drancy;93029;ARETHA FRANKLIN (PAUL LANGEVIN);REP;48.924665097725146;2.421689426021853;48.924665097725146, 2.421689426021853
2019;0931229F;Ile-de-France;11;Seine-Saint-Denis;Créteil;24;93;Saint-Denis;93066;FABIEN;REP;48.94371956542853;2.3516580341900717;48.94371956542853, 2.3516580341900717
2019;0932694Y;Ile-de-France;11;Seine-Saint-Denis;Créteil;24;93;Aubervilliers;93001;GISELE HALIMI;REP+;48.90756624981989;2.3837101722908933;48.90756624981989, 2.3837101722908933
2015;0940521F;Ile-de-France;11;Val-de-Marne;Créteil;24;94;Créteil;94028;LOUIS PASTEUR;REP;48.78434924334252;2.462168822055753;48.78434924334252, 2.462168822055753
2017;0940749D;Ile-de-France;11;Val-de-Marne;Créteil;24;94;Villeneuve-Saint-Georges;94078;ROLAND GARROS;REP;48.75220891136596;2.4501575068370314;48.75220891136596, 2.4501575068370314
2016;0780032L;Ile-de-France;11;Yvelines;Versailles;25;78;Carrières-sous-Poissy;78123;FLORA TRISTAN;REP;48.937944672222265;2.0218178221809495;48.937944672222265, 2.0218178221809495
2018;0780180X;Ile-de-France;11;Yvelines;Versailles;25;78;Les Mureaux;78440;JULES VERNE;REP+;48.97948524887258;1.9226146438751084;48.97948524887258, 1.9226146438751084
2019;0780187E;Ile-de-France;11;Yvelines;Versailles;25;78;Trappes;78621;YOURI GAGARINE;REP+;48.774574980095814;1.9800850051779413;48.774574980095814, 1.9800850051779413
2014;0780417E;Ile-de-France;11;Yvelines;Versailles;25;78;Mantes-la-Jolie;78361;PAUL CEZANNE;REP+;49.002288507170185;1.6793112816144413;49.002288507170185, 1.6793112816144413
2017;0780420H;Ile-de-France;11;Yvelines;Versailles;25;78;Plaisir;78490;BLAISE PASCAL;REP;48.82476506766831;1.949271628984812;48.82476506766831, 1.949271628984812
2017;0780572Y;Ile-de-France;11;Yvelines;Versailles;25;78;Les Mureaux;78440;PAUL VERLAINE;REP;48.997252663634264;1.9162272404442955;48.997252663634264, 1.9162272404442955
2019;0781986K;Ile-de-France;11;Yvelines;Versailles;25;78;Chanteloup-les-Vignes;78138;MAGELLAN;REP;48.97079208097478;2.0322546203334193;48.97079208097478, 2.0322546203334193
2019;0911025V;Ile-de-France;11;Essonne;Versailles;25;91;Ris-Orangis;91521;JEAN LURCAT;REP;48.638946236515814;2.4101604483366184;48.638946236515814, 2.4101604483366184
2019;0911036G;Ile-de-France;11;Essonne;Versailles;25;91;Grigny;91286;JEAN VILAR;REP+;48.650293502327806;2.3758860423792143;48.650293502327806, 2.3758860423792143
2015;0921168V;Ile-de-France;11;Hauts-de-Seine;Versailles;25;92;Bagneux;92007;ROMAIN ROLLAND;REP;48.792019015055104;2.3005350340987216;48.792019015055104, 2.3005350340987216
2015;0921589C;Ile-de-France;11;Hauts-de-Seine;Versailles;25;92;Nanterre;92050;EVARISTE GALOIS;REP+;48.88740374784261;2.2203525844504752;48.88740374784261, 2.2203525844504752
2016;0951993A;Ile-de-France;11;Val-d'Oise;Versailles;25;95;Villiers-le-Bel;95680;MARTIN LUTHER KING;REP+;49.00484489907238;2.385744935988575;49.00484489907238, 2.385744935988575
2017;0080068F;Grand Est;44;Ardennes;Reims;19;08;Charleville-Mézières;08105;ROUGET DE LISLE;REP;49.78678776569225;4.716602522892165;49.78678776569225, 4.716602522892165
2019;0240106K;Nouvelle-Aquitaine;75;Dordogne;Bordeaux;04;24;Vélines;24568;OLYMPE DE GOUGES;REP;44.857853807262;0.1095966002992184;44.857853807262, 0.1095966002992184
2019;0251395F;Bourgogne-Franche-Comté;27;Doubs;Besançon;03;25;Montbéliard;25388;LOU BLAZER;REP+;47.498410868834725;6.79110536713418;47.498410868834725, 6.79110536713418
2015;9730173A;Guyane;03;Guyane;Guyane;33;973;Saint-Georges;97308;CHLORE CONSTANT (CHLORE CONSTANT );REP+;3.8907540586772145;-51.80157660124413;3.8907540586772145, -51.80157660124413
2015;0331621H;Nouvelle-Aquitaine;75;Gironde;Bordeaux;04;33;Coutras;33138;HENRI DE NAVARRE;REP;45.04088895820108;-0.11876092864146748;45.04088895820108, -0.11876092864146748
2015;0590131X;Hauts-de-France;32;Nord;Lille;09;59;Lille;59350;JEAN JAURES;REP;50.640952154979885;3.010190722430137;50.640952154979885, 3.010190722430137
2017;0590183D;Hauts-de-France;32;Nord;Lille;09;59;Roubaix;59512;MADAME DE SEVIGNE;REP+;50.693178521110575;3.164916731917064;50.693178521110575, 3.164916731917064
2017;0590200X;Hauts-de-France;32;Nord;Lille;09;59;Dunkerque;59183;ROBESPIERRE;REP;51.03061091688823;2.3519859453729675;51.03061091688823, 2.3519859453729675
2015;0590271Z;Hauts-de-France;32;Nord;Lille;09;59;Lille;59350;PAUL VERLAINE;REP+;50.61075822507696;3.0701328367609584;50.61075822507696, 3.0701328367609584
2018;0593178J;Hauts-de-France;32;Nord;Lille;09;59;Mons-en-Baroeul;59410;FRANCOIS RABELAIS;REP+;50.64172886934788;3.117519053486168;50.64172886934788, 3.117519053486168
2016;0593185S;Hauts-de-France;32;Nord;Lille;09;59;Sin-le-Noble;59569;ANATOLE FRANCE;REP;50.361329331555964;3.114949443162363;50.361329331555964, 3.114949443162363
2016;0593664M;Hauts-de-France;32;Nord;Lille;09;59;Dunkerque;59183;LUCIE AUBRAC;REP+;51.02206577461727;2.3564601592025523;51.02206577461727, 2.3564601592025523
2018;0593667R;Hauts-de-France;32;Nord;Lille;09;59;Roubaix;59512;ROSA PARKS;REP+;50.70142966195706;3.1864633596926426;50.70142966195706, 3.1864633596926426
2018;0594389A;Hauts-de-France;32;Nord;Lille;09;59;Roubaix;59512;ANNE FRANK;REP+;50.6940448027289;3.1758006508446877;50.6940448027289, 3.1758006508446877
2019;0594402P;Hauts-de-France;32;Nord;Lille;09;59;Douai;59178;ANDRE CANIVEZ;REP;50.385567698602465;3.0743791465034573;50.385567698602465, 3.0743791465034573
2018;0594524X;Hauts-de-France;32;Nord;Lille;09;59;Wattignies;59648;JEAN MOULIN;REP;50.59193523668529;3.0459524056141873;50.59193523668529, 3.0459524056141873
2019;0595169Y;Hauts-de-France;32;Nord;Lille;09;59;Wattrelos;59650;EMILE ZOLA;REP;50.70612400967357;3.2311249191384546;50.70612400967357, 3.2311249191384546
2016;0595277R;Hauts-de-France;32;Nord;Lille;09;59;Caudry;59139;JACQUES PREVERT;REP;50.12524216701542;3.421173349740972;50.12524216701542, 3.421173349740972
2018;0596833G;Hauts-de-France;32;Nord;Lille;09;59;Lille;59350;NINA SIMONE;REP+;50.62421657110629;3.044394796238675;50.62421657110629, 3.044394796238675
2016;0620051U;Hauts-de-France;32;Pas-de-Calais;Lille;09;62;Boulogne-sur-Mer;62160;ANGELLIER;REP;50.721100934407204;1.6093851105641255;50.721100934407204, 1.6093851105641255
2018;0620055Y;Hauts-de-France;32;Pas-de-Calais;Lille;09;62;Boulogne-sur-Mer;62160;PAUL LANGEVIN;REP+;50.73372509352722;1.6185558409775755;50.73372509352722, 1.6185558409775755
2017;0620079Z;Hauts-de-France;32;Pas-de-Calais;Lille;09;62;Divion;62270;HENRI WALLON;REP;50.4704255657497;2.4967671858231517;50.4704255657497, 2.4967671858231517
2016;0620170Y;Hauts-de-France;32;Pas-de-Calais;Lille;09;62;Sallaumines;62771;PAUL LANGEVIN;REP+;50.41331768115844;2.862966576074494;50.41331768115844, 2.862966576074494
2017;0622095R;Hauts-de-France;32;Pas-de-Calais;Lille;09;62;Le Portel;62667;JEAN MOULIN;REP;50.708256638880755;1.5845012577566218;50.708256638880755, 1.5845012577566218
2018;0622239X;Hauts-de-France;32;Pas-de-Calais;Lille;09;62;Libercourt;62907;JEAN DE SAINT AUBERT;REP;50.48105884300051;3.01635525630253;50.48105884300051, 3.01635525630253
2017;0622262X;Hauts-de-France;32;Pas-de-Calais;Lille;09;62;Méricourt;62570;HENRI WALLON;REP;50.41020311008424;2.8770975805740813;50.41020311008424, 2.8770975805740813
2018;0622262X;Hauts-de-France;32;Pas-de-Calais;Lille;09;62;Méricourt;62570;HENRI WALLON;REP;50.41020311008424;2.8770975805740813;50.41020311008424, 2.8770975805740813
2019;0622572J;Hauts-de-France;32;Pas-de-Calais;Lille;09;62;Etaples;62318;JEAN JAURES;REP;50.5200401784929;1.64235871377373;50.5200401784929, 1.64235871377373
2016;0622946R;Hauts-de-France;32;Pas-de-Calais;Lille;09;62;Auchy-les-Mines;62051;JOLIOT-CURIE;REP;50.51789053363438;2.7882000741563964;50.51789053363438, 2.7882000741563964
2019;0623313P;Hauts-de-France;32;Pas-de-Calais;Lille;09;62;Auchel;62048;LAVOISIER;REP;50.50690419565359;2.475706251535828;50.50690419565359, 2.475706251535828
2017;9740044E;La Réunion;04;La Réunion;La Réunion;28;974;Sainte-Rose;97419;THERESIEN CADET;REP;-21.154185427843114;55.82577402680936;-21.154185427843114, 55.82577402680936
2015;0240055E;Nouvelle-Aquitaine;75;Dordogne;Bordeaux;04;24;Saint Aulaye-Puymangou;24376;DRONNE-DOUBLE;REP;45.199467511818135;0.1338589652677283;45.199467511818135, 0.1338589652677283
2015;0332082J;Nouvelle-Aquitaine;75;Gironde;Bordeaux;04;33;Bordeaux;33063;EDOUARD VAILLANT;REP;44.86417721399051;-0.5645451466344884;44.86417721399051, -0.5645451466344884
2019;0870072F;Nouvelle-Aquitaine;75;Haute-Vienne;Limoges;22;87;Limoges;87085;ANDRE MAUROIS;REP;45.83550567407413;1.2289869813255776;45.83550567407413, 1.2289869813255776
2016;0020030X;Hauts-de-France;32;Aisne;Amiens;20;02;Guise;02361;CAMILLE DESMOULINS;REP;49.904117444645166;3.636139990380132;49.904117444645166, 3.636139990380132
2016;0020056A;Hauts-de-France;32;Aisne;Amiens;20;02;Saint-Quentin;02691;MARTHE LEFEVRE;REP;49.836627638685336;3.3229754140612915;49.836627638685336, 3.3229754140612915
2018;0020056A;Hauts-de-France;32;Aisne;Amiens;20;02;Saint-Quentin;02691;MARTHE LEFEVRE;REP;49.836627638685336;3.3229754140612915;49.836627638685336, 3.3229754140612915
2018;0070006U;Auvergne-Rhône-Alpes;84;Ardèche;Grenoble;08;07;Bourg-Saint-Andéol;07042;LE LAOUL;REP;44.379869391912045;4.641564051489012;44.379869391912045, 4.641564051489012
2017;0240037K;Nouvelle-Aquitaine;75;Dordogne;Bordeaux;04;24;Terrasson-Lavilledieu;24547;JULES FERRY;REP;45.13091308470604;1.2987975003631744;45.13091308470604, 1.2987975003631744
2015;0330163Y;Nouvelle-Aquitaine;75;Gironde;Bordeaux;04;33;Sainte-Foy-la-Grande;33402;ELIE FAURE;REP;44.84254478607467;0.20318485316510362;44.84254478607467, 0.20318485316510362
2018;0331464M;Nouvelle-Aquitaine;75;Gironde;Bordeaux;04;33;Cenon;33119;JEAN ZAY (JEAN ZAY );REP;44.854269276403016;-0.5131398952893848;44.854269276403016, -0.5131398952893848
2016;0601821D;Hauts-de-France;32;Oise;Amiens;20;60;Villers-Saint-Paul;60684;EMILE LAMBERT;REP;49.2921490830136;2.4906223657773796;49.2921490830136, 2.4906223657773796
2019;0020024R;Hauts-de-France;32;Aisne;Amiens;20;02;Fère-en-Tardenois;02305;ANNE DE MONTMORENCY;REP;49.19890491055798;3.506935476255361;49.19890491055798, 3.506935476255361
2016;0030838V;Auvergne-Rhône-Alpes;84;Allier;Clermont-Ferrand;06;03;Moulins;03190;EMILE GUILLAUMIN;REP;46.5439993014262;3.3373404314432116;46.5439993014262, 3.3373404314432116
2015;0061279H;Provence-Alpes-Côte d'Azur;93;Alpes-Maritimes;Nice;23;06;Cannes;06029;LES VALLERGUES;REP;43.55869508171123;7.010839675556695;43.55869508171123, 7.010839675556695
2019;0061279H;Provence-Alpes-Côte d'Azur;93;Alpes-Maritimes;Nice;23;06;Cannes;06029;LES VALLERGUES;REP;43.55869508171123;7.010839675556695;43.55869508171123, 7.010839675556695
2015;0132204A;Provence-Alpes-Côte d'Azur;93;Bouches-du-Rhône;Aix-Marseille;02;13;Marseille 10e  Arrondissement;13210;PONT DE VIVAUX;REP;43.27705881258553;5.416832831934671;43.27705881258553, 5.416832831934671
2018;0301012M;Occitanie;76;Gard;Montpellier;11;30;La Grand-Combe;30132;LEO LARGUIER;REP;44.21013920279187;4.030355507116725;44.21013920279187, 4.030355507116725
2017;0332189A;Nouvelle-Aquitaine;75;Gironde;Bordeaux;04;33;Floirac;33167;NELSON MANDELA;REP;44.83884912390976;-0.5334017954116679;44.83884912390976, -0.5334017954116679
2014;0340955D;Occitanie;76;Hérault;Montpellier;11;34;Montpellier;34172;SIMONE VEIL (LAS CAZES);REP+;43.618040388401624;3.847926083825106;43.618040388401624, 3.847926083825106
2015;0390924T;Bourgogne-Franche-Comté;27;Jura;Besançon;03;39;Saint-Claude;39478;PRE SAINT SAUVEUR;REP;46.37940063688339;5.868673132601631;46.37940063688339, 5.868673132601631
2016;0421451Z;Auvergne-Rhône-Alpes;84;Loire;Lyon;10;42;Saint-Etienne;42218;MARC SEGUIN;REP+;45.465018037373156;4.408860006920129;45.465018037373156, 4.408860006920129
2016;0421677V;Auvergne-Rhône-Alpes;84;Loire;Lyon;10;42;Saint-Etienne;42218;CLAUDE FAURIEL;REP;45.44300327916703;4.38757888268251;45.44300327916703, 4.38757888268251
2019;0421689H;Auvergne-Rhône-Alpes;84;Loire;Lyon;10;42;La Ricamarie;42183;JULES VALLES;REP+;45.39926867858585;4.366679864046602;45.39926867858585, 4.366679864046602
2016;0440311Z;Pays de la Loire;52;Loire-Atlantique;Nantes;17;44;Saint-Herblain;44162;ERNEST RENAN;REP;47.21455513363384;-1.6136721785401997;47.21455513363384, -1.6136721785401997
2019;0441608J;Pays de la Loire;52;Loire-Atlantique;Nantes;17;44;Nantes;44109;LA DURANTIERE;REP;47.21486590503068;-1.6039867756565513;47.21486590503068, -1.6039867756565513
2015;0490060Z;Pays de la Loire;52;Maine-et-Loire;Nantes;17;49;Angers;49007;JEAN LURCAT;REP+;47.48848486145077;-0.526861448498342;47.48848486145077, -0.526861448498342
2018;0510044W;Grand Est;44;Marne;Reims;19;51;Reims;51454;COLBERT;REP+;49.28297612839761;4.021845641172637;49.28297612839761, 4.021845641172637
2017;0511256N;Grand Est;44;Marne;Reims;19;51;Vitry-le-François;51649;LES INDES;REP;48.728775722054564;4.580522906320076;48.728775722054564, 4.580522906320076
2016;0540088C;Grand Est;44;Meurthe-et-Moselle;Nancy-Metz;12;54;Mont-Saint-Martin;54382;ANATOLE FRANCE;REP;49.54470948030997;5.790352318724787;49.54470948030997, 5.790352318724787
2019;9730130D;Guyane;03;Guyane;Guyane;33;973;Cayenne;97302;EUGENE NONNON;REP+;4.941171010885664;-52.33147172089146;4.941171010885664, -52.33147172089146
2018;9730380A;Guyane;03;Guyane;Guyane;33;973;Grand-Santi;97357;ACHMAT KARTADINAMA;REP+;4.276021244993842;-54.38202331288551;4.276021244993842, -54.38202331288551
2019;9730381B;Guyane;03;Guyane;Guyane;33;973;Papaichton;97362;CAPITAINE CHARLES TAFANIER;REP+;3.8129691359868465;-54.14644631667771;3.8129691359868465, -54.14644631667771
2016;9740069G;La Réunion;04;La Réunion;La Réunion;28;974;Saint-Paul;97415;L'ETANG SAINT PAUL;REP;-20.9816255458479;55.28470714701823;-20.9816255458479, 55.28470714701823
2017;9740091F;La Réunion;04;La Réunion;La Réunion;28;974;Saint-Louis;97414;LECONTE DE LISLE;REP;-21.275000874479407;55.41419252968509;-21.275000874479407, 55.41419252968509
2016;0010039M;Auvergne-Rhône-Alpes;84;Ain;Lyon;10;01;Saint-Rambert-en-Bugey;01384;DE L'ALBARINE;REP;45.9415465823527;5.431010941578425;45.9415465823527, 5.431010941578425
2019;0692336P;Auvergne-Rhône-Alpes;84;Rhône;Lyon;10;69;Vaulx-en-Velin;69256;HENRI BARBUSSE;REP+;45.78561586444178;4.915963140888081;45.78561586444178, 4.915963140888081
2015;0291089B;Bretagne;53;Finistère;Rennes;14;29;Brest;29019;LA FONTAINE MARGOT-KERANROUX (DE KERANROUX);REP;48.38375266123298;-4.540692750735194;48.38375266123298, -4.540692750735194
2018;0350895H;Bretagne;53;Ille-et-Vilaine;Rennes;14;35;Rennes;35238;ROSA PARKS;REP;48.1212018513474;-1.7146786496809414;48.1212018513474, -1.7146786496809414
2019;0350913C;Bretagne;53;Ille-et-Vilaine;Rennes;14;35;Rennes;35238;CLOTILDE VAUTIER;REP;48.12625632364829;-1.6679336381494778;48.12625632364829, -1.6679336381494778
2015;0560020T;Bretagne;53;Morbihan;Rennes;14;56;Josselin;56091;MAX JACOB;REP;47.95977164494284;-2.552341992855388;47.95977164494284, -2.552341992855388
2019;0120622L;Occitanie;76;Aveyron;Toulouse;16;12;Decazeville;12089;P RAMADIER PLUS ANNEXE FIRMI;REP;44.57080240460633;2.255761163216761;44.57080240460633, 2.255761163216761
2019;0132785G;Provence-Alpes-Côte d'Azur;93;Bouches-du-Rhône;Aix-Marseille;02;13;Marseille 15e  Arrondissement;13215;ROSA PARKS;REP+;43.331237259962585;5.365677889611877;43.331237259962585, 5.365677889611877
2019;0750552T;Ile-de-France;11;Paris;Paris;01;75;Paris 20e  Arrondissement;75120;FRANCOISE DOLTO;REP;48.873957017625486;2.386895966702957;48.873957017625486, 2.386895966702957
2015;0751793S;Ile-de-France;11;Paris;Paris;01;75;Paris 18e  Arrondissement;75118;MAURICE UTRILLO;REP+;48.89850972237922;2.344331539254156;48.89850972237922, 2.344331539254156
2016;0752198G;Ile-de-France;11;Paris;Paris;01;75;Paris 20e  Arrondissement;75120;PIERRE MENDES FRANCE;REP;48.868065878950105;2.4111584550272513;48.868065878950105, 2.4111584550272513
2019;0810127Y;Occitanie;76;Tarn;Toulouse;16;81;Mazamet;81163;MARCEL PAGNOL;REP;43.49232759938056;2.368581115529193;43.49232759938056, 2.368581115529193
2017;0931379U;Ile-de-France;11;Seine-Saint-Denis;Créteil;24;93;Aulnay-sous-Bois;93005;PABLO NERUDA;REP+;48.95123050938797;2.51984315770187;48.95123050938797, 2.51984315770187
2016;0281060A;Centre-Val de Loire;24;Eure-et-Loir;Orléans-Tours;18;28;Dreux;28134;MARTIAL TAUGOURDEAU;REP;48.742402080351326;1.3991012716551992;48.742402080351326, 1.3991012716551992
2016;0910049J;Ile-de-France;11;Essonne;Versailles;25;91;Ris-Orangis;91521;ALBERT CAMUS;REP;48.65238645663789;2.4010894641725207;48.65238645663789, 2.4010894641725207
2017;0931143M;Ile-de-France;11;Seine-Saint-Denis;Créteil;24;93;Saint-Ouen-sur-Seine;93070;JEAN JAURES;REP;48.910874237875625;2.3353320313295063;48.910874237875625, 2.3353320313295063
2018;0781618K;Ile-de-France;11;Yvelines;Versailles;25;78;Trappes;78621;GUSTAVE COURBET;REP;48.78494668361262;1.978197191007046;48.78494668361262, 1.978197191007046
2018;0910678T;Ile-de-France;11;Essonne;Versailles;25;91;Sainte-Geneviève-des-Bois;91549;JEAN MACE;REP;48.641146927538486;2.3404266035137584;48.641146927538486, 2.3404266035137584
2019;0911443Z;Ile-de-France;11;Essonne;Versailles;25;91;Corbeil-Essonnes;91174;LA NACELLE;REP;48.59690724041396;2.461336712023124;48.59690724041396, 2.461336712023124
2015;0911570M;Ile-de-France;11;Essonne;Versailles;25;91;Corbeil-Essonnes;91174;LEOPOLD SEDAR SENGHOR;REP+;48.615198091949125;2.458096105312862;48.615198091949125, 2.458096105312862
2015;0921394R;Ile-de-France;11;Hauts-de-Seine;Versailles;25;92;Nanterre;92050;ANDRE DOUCET;REP;48.89967802721201;2.196295965382897;48.89967802721201, 2.196295965382897
2019;0921394R;Ile-de-France;11;Hauts-de-Seine;Versailles;25;92;Nanterre;92050;ANDRE DOUCET;REP;48.89967802721201;2.196295965382897;48.89967802721201, 2.196295965382897
2015;0950023J;Ile-de-France;11;Val-d'Oise;Versailles;25;95;Garges-lès-Gonesse;95268;HENRI WALLON;REP+;48.967648082901526;2.399471302782061;48.967648082901526, 2.399471302782061
2018;0950749Y;Ile-de-France;11;Val-d'Oise;Versailles;25;95;Villiers-le-Bel;95680;SAINT EXUPERY;REP+;49.00082878563883;2.404987844048381;49.00082878563883, 2.404987844048381
2017;0951195H;Ile-de-France;11;Val-d'Oise;Versailles;25;95;Saint-Ouen-l'Aumône;95572;MARCEL PAGNOL;REP;49.03412711777583;2.1148501733564222;49.03412711777583, 2.1148501733564222
2015;0951697D;Ile-de-France;11;Val-d'Oise;Versailles;25;95;Cergy;95127;MOULIN A VENT;REP;49.04770944853642;2.016635619754739;49.04770944853642, 2.016635619754739
2015;0620096T;Hauts-de-France;32;Pas-de-Calais;Lille;09;62;Hénin-Beaumont;62427;JEAN MACE;REP;50.41155165553044;2.938790907188865;50.41155165553044, 2.938790907188865
2019;0620096T;Hauts-de-France;32;Pas-de-Calais;Lille;09;62;Hénin-Beaumont;62427;JEAN MACE;REP;50.41155165553044;2.938790907188865;50.41155165553044, 2.938790907188865
2019;0622094P;Hauts-de-France;32;Pas-de-Calais;Lille;09;62;Aire-sur-la-Lys;62014;JEAN JAURES;REP;50.635453031824476;2.400608035658177;50.635453031824476, 2.400608035658177
2018;0622261W;Hauts-de-France;32;Pas-de-Calais;Lille;09;62;Frévent;62361;PIERRE CUALLACCI;REP;50.27638953962339;2.2847019206027017;50.27638953962339, 2.2847019206027017
2016;0622434J;Hauts-de-France;32;Pas-de-Calais;Lille;09;62;Saint-Martin-Boulogne;62758;ROGER SALENGRO;REP;50.72761762889478;1.6306109980325028;50.72761762889478, 1.6306109980325028
2018;0622793Z;Hauts-de-France;32;Pas-de-Calais;Lille;09;62;Billy-Montigny;62133;DAVID MARCELLE;REP;50.41608045307206;2.9210968226409193;50.41608045307206, 2.9210968226409193
2019;0622799F;Hauts-de-France;32;Pas-de-Calais;Lille;09;62;Lillers;62516;LEO LAGRANGE;REP;50.56703429094058;2.4807923769905678;50.56703429094058, 2.4807923769905678
2018;0511470W;Grand Est;44;Marne;Reims;19;51;Reims;51454;MARYSE BASTIE;REP;49.269844606696644;4.044868054804895;49.269844606696644, 4.044868054804895
2015;0511802G;Grand Est;44;Marne;Reims;19;51;Reims;51454;GEORGES BRAQUE;REP+;49.22324921302735;4.017080105216009;49.22324921302735, 4.017080105216009
2017;0800018K;Hauts-de-France;32;Somme;Amiens;20;80;Amiens;80021;EDOUARD LUCAS;REP;49.89883625002647;2.2682019267376337;49.89883625002647, 2.2682019267376337
2015;0020039G;Hauts-de-France;32;Aisne;Amiens;20;02;Le Nouvion-en-Thiérache;02558;COLBERT QUENTIN;REP;50.01001522140145;3.783744459192513;50.01001522140145, 3.783744459192513
2018;0020072T;Hauts-de-France;32;Aisne;Amiens;20;02;Wassigny;02830;SIMONE VEIL;REP;50.014243097704416;3.5989289862862623;50.014243097704416, 3.5989289862862623
2018;0030010V;Auvergne-Rhône-Alpes;84;Allier;Clermont-Ferrand;06;03;Cusset;03095;MAURICE CONSTANTIN WEYER;REP;46.135967695887906;3.4542086616153114;46.135967695887906, 3.4542086616153114
2018;0050452P;Provence-Alpes-Côte d'Azur;93;Hautes-Alpes;Aix-Marseille;02;05;Laragne-Montéglin;05070;HAUTS DE PLAINE (LES);REP;44.31978591392614;5.821638502366248;44.31978591392614, 5.821638502366248
2018;0080036W;Grand Est;44;Ardennes;Reims;19;08;Nouzonville;08328;JEAN ROGISSART;REP;49.817827897579626;4.74591000737515;49.817827897579626, 4.74591000737515
2018;0131260Z;Provence-Alpes-Côte d'Azur;93;Bouches-du-Rhône;Aix-Marseille;02;13;Marseille 13e  Arrondissement;13213;EDMOND ROSTAND;REP+;43.3285229352973;5.408321004299624;43.3285229352973, 5.408321004299624
2015;0132207D;Provence-Alpes-Côte d'Azur;93;Bouches-du-Rhône;Aix-Marseille;02;13;Marseille 14e  Arrondissement;13214;MASSENET;REP+;43.34236825549508;5.38094224033247;43.34236825549508, 5.38094224033247
2019;0132212J;Provence-Alpes-Côte d'Azur;93;Bouches-du-Rhône;Aix-Marseille;02;13;Port-de-Bouc;13077;FREDERIC MISTRAL;REP+;43.409564143574286;4.977595357233713;43.409564143574286, 4.977595357233713
2018;0132407W;Provence-Alpes-Côte d'Azur;93;Bouches-du-Rhône;Aix-Marseille;02;13;Marseille 15e  Arrondissement;13215;JEAN MOULIN;REP+;43.36446543035339;5.358006751284265;43.36446543035339, 5.358006751284265
2018;0211357L;Bourgogne-Franche-Comté;27;Côte-d'Or;Dijon;07;21;Dijon;21231;JEAN PHILIPPE RAMEAU;REP;47.32280760346612;4.994750769473767;47.32280760346612, 4.994750769473767
2017;0251080N;Bourgogne-Franche-Comté;27;Doubs;Besançon;03;25;Besançon;25056;DIDEROT;REP+;47.22135259462659;5.971546674758418;47.22135259462659, 5.971546674758418
2017;0261086P;Auvergne-Rhône-Alpes;84;Drôme;Grenoble;08;26;Montélimar;26198;EUROPA;REP;44.55758859315047;4.7213033316858635;44.55758859315047, 4.7213033316858635
2015;0271095U;Normandie;28;Eure;Rouen;21;27;Evreux;27229;GEORGES POLITZER;REP;49.00612913745159;1.1473266885808986;49.00612913745159, 1.1473266885808986
2016;0341066Z;Occitanie;76;Hérault;Montpellier;11;34;Béziers;34032;JEAN PERRIN;REP;43.343281958277856;3.2393222329882696;43.343281958277856, 3.2393222329882696
2017;0380013H;Auvergne-Rhône-Alpes;84;Isère;Grenoble;08;38;Le Pont-de-Claix;38317;NELSON MANDELA;REP;45.132686918601145;5.697140547137221;45.132686918601145, 5.697140547137221
2017;0440013A;Pays de la Loire;52;Loire-Atlantique;Nantes;17;44;Guémené-Penfao;44067;BELLEVUE;REP;47.62733300657911;-1.8193342985376002;47.62733300657911, -1.8193342985376002
2019;0441613P;Pays de la Loire;52;Loire-Atlantique;Nantes;17;44;Saint-Nazaire;44184;PIERRE NORANGE;REP+;47.26684217386295;-2.245622396356458;47.26684217386295, -2.245622396356458
2016;0441616T;Pays de la Loire;52;Loire-Atlantique;Nantes;17;44;Trignac;44210;JULIEN LAMBOT;REP;47.30118042819184;-2.1999287150715574;47.30118042819184, -2.1999287150715574
2016;0441727N;Pays de la Loire;52;Loire-Atlantique;Nantes;17;44;Donges;44052;ARTHUR RIMBAUD;REP;47.321931971539954;-2.073987022294848;47.321931971539954, -2.073987022294848
2019;0511108C;Grand Est;44;Marne;Reims;19;51;Reims;51454;PAUL FORT;REP+;49.22701660514032;4.042521472092302;49.22701660514032, 4.042521472092302
2014;0511251H;Grand Est;44;Marne;Reims;19;51;Reims;51454;JOLIOT-CURIE;REP+;49.23189441163439;4.005971883053289;49.23189441163439, 4.005971883053289
2016;0541565H;Grand Est;44;Meurthe-et-Moselle;Nancy-Metz;12;54;Toul;54528;CROIX DE METZ;REP;48.69189997098338;5.8968211819837215;48.69189997098338, 5.8968211819837215
2016;0541578X;Grand Est;44;Meurthe-et-Moselle;Nancy-Metz;12;54;Longlaville;54321;LEODILE BERA (DES TROIS FRONTIERES);REP;49.5273751189283;5.7971874967425086;49.5273751189283, 5.7971874967425086
2017;0572023P;Grand Est;44;Moselle;Nancy-Metz;12;57;Farébersviller;57207;GEORGES HOLDERITH;REP;49.12208238127252;6.876108589476251;49.12208238127252, 6.876108589476251
2016;0610045T;Normandie;28;Orne;Caen;05;61;Vimoutiers;61508;ARLETTE HEE-FERGANT;REP;48.93189473314467;0.19956836658599766;48.93189473314467, 0.19956836658599766
2014;0631199L;Auvergne-Rhône-Alpes;84;Puy-de-Dôme;Clermont-Ferrand;06;63;Clermont-Ferrand;63113;LA CHARME;REP+;45.79772571347159;3.1200387893105104;45.79772571347159, 3.1200387893105104
2017;0660018L;Occitanie;76;Pyrénées-Orientales;Montpellier;11;66;Perpignan;66136;MADAME DE SEVIGNE;REP+;42.68423084490058;2.886094683581612;42.68423084490058, 2.886094683581612
2016;0660049V;Occitanie;76;Pyrénées-Orientales;Montpellier;11;66;Perpignan;66136;JEAN MOULIN;REP;42.69694673118712;2.8995619248123874;42.69694673118712, 2.8995619248123874
2018;0660049V;Occitanie;76;Pyrénées-Orientales;Montpellier;11;66;Perpignan;66136;JEAN MOULIN;REP;42.69694673118712;2.8995619248123874;42.69694673118712, 2.8995619248123874
2018;0670065G;Grand Est;44;Bas-Rhin;Strasbourg;15;67;Schiltigheim;67447;LECLERC;REP;48.60901321848323;7.731105515288078;48.60901321848323, 7.731105515288078
2019;0671590P;Grand Est;44;Bas-Rhin;Strasbourg;15;67;Strasbourg;67482;SOPHIE GERMAIN;REP;48.60107038309423;7.719251489407021;48.60107038309423, 7.719251489407021
2019;0671822S;Grand Est;44;Bas-Rhin;Strasbourg;15;67;Bischheim;67043;LAMARTINE;REP;48.61387052227367;7.737823568239101;48.61387052227367, 7.737823568239101
2019;0681127F;Grand Est;44;Haut-Rhin;Strasbourg;15;68;Mulhouse;68224;BOURTZWILLER;REP+;47.77571580591898;7.332873619439134;47.77571580591898, 7.332873619439134
2019;0681284B;Grand Est;44;Haut-Rhin;Strasbourg;15;68;Mulhouse;68224;WOLF;REP+;47.759547707494136;7.339751196136685;47.759547707494136, 7.339751196136685
2018;0681395X;Grand Est;44;Haut-Rhin;Strasbourg;15;68;Mulhouse;68224;FRANCOIS VILLON;REP+;47.7515702700849;7.311868560445728;47.7515702700849, 7.311868560445728
2016;0691645N;Auvergne-Rhône-Alpes;84;Rhône;Lyon;10;69;Villefranche-sur-Saône;69264;FAUBERT;REP;45.99138221737275;4.721831195837468;45.99138221737275, 4.721831195837468
2018;0691664J;Auvergne-Rhône-Alpes;84;Rhône;Lyon;10;69;Villeurbanne;69266;JEAN JAURES;REP;45.75683997114565;4.883419686521346;45.75683997114565, 4.883419686521346
2019;0700010F;Bourgogne-Franche-Comté;27;Haute-Saône;Besançon;03;70;Gray;70279;ROME DE L'ISLE;REP;47.43408584446282;5.591295944352352;47.43408584446282, 5.591295944352352
2015;0710534V;Bourgogne-Franche-Comté;27;Saône-et-Loire;Dijon;07;71;Mâcon;71270;ROBERT SCHUMAN;REP;46.319927834942426;4.836662552758503;46.319927834942426, 4.836662552758503
2019;0711294W;Bourgogne-Franche-Comté;27;Saône-et-Loire;Dijon;07;71;Autun;71014;DU VALLON;REP;46.96006954450102;4.307666548085999;46.96006954450102, 4.307666548085999
2018;0720902P;Pays de la Loire;52;Sarthe;Nantes;17;72;Le Mans;72181;PIERRE GILLES DE GENNES (MAROC HUCHEPIE);REP;47.96815808257968;0.1988030040115398;47.96815808257968, 0.1988030040115398
2016;0760017F;Normandie;28;Seine-Maritime;Rouen;21;76;Canteleu;76157;LE CEDRE;REP;49.44163509236727;1.0285413912543704;49.44163509236727, 1.0285413912543704
2017;0761739C;Normandie;28;Seine-Maritime;Rouen;21;76;Le Havre;76351;DESCARTES;REP+;49.51941332089026;0.1088750141114374;49.51941332089026, 0.1088750141114374
2017;0761745J;Normandie;28;Seine-Maritime;Rouen;21;76;Rouen;76540;CAMILLE CLAUDEL;REP;49.42928741250463;1.0891656628493005;49.42928741250463, 1.0891656628493005
2016;0761777U;Normandie;28;Seine-Maritime;Rouen;21;76;Saint-Etienne-du-Rouvray;76575;LOUISE MICHEL;REP;49.394344125935575;1.0833039510452245;49.394344125935575, 1.0833039510452245
2018;0762089H;Normandie;28;Seine-Maritime;Rouen;21;76;Canteleu;76157;CHARLES GOUNOD;REP;49.45443411486617;1.0324560741068125;49.45443411486617, 1.0324560741068125
2016;0762127Z;Normandie;28;Seine-Maritime;Rouen;21;76;Le Havre;76351;HENRI WALLON;REP+;49.522224770000655;0.11605646683317473;49.522224770000655, 0.11605646683317473
2018;0771337K;Ile-de-France;11;Seine-et-Marne;Créteil;24;77;Le Mée-sur-Seine;77285;ELSA TRIOLET;REP;48.54481857106592;2.634709424078541;48.54481857106592, 2.634709424078541
2017;0771420A;Ile-de-France;11;Seine-et-Marne;Créteil;24;77;Meaux;77284;BEAUMARCHAIS;REP;48.948223844510835;2.912188865176466;48.948223844510835, 2.912188865176466
2018;0860723U;Nouvelle-Aquitaine;75;Vienne;Poitiers;13;86;Poitiers;86194;PIERRE DE RONSARD;REP;46.569223242735816;0.34996530967685624;46.569223242735816, 0.34996530967685624
2018;0860799B;Nouvelle-Aquitaine;75;Vienne;Poitiers;13;86;Buxerolles;86041;JULES VERNE;REP;46.59564864186777;0.35677895038977986;46.59564864186777, 0.35677895038977986
2015;0890017K;Bourgogne-Franche-Comté;27;Yonne;Dijon;07;89;Migennes;89257;PAUL FOURREY;REP;47.96481702820786;3.5177534841722395;47.96481702820786, 3.5177534841722395
2017;9760180S;Mayotte;06;Mayotte;Mayotte;43;976;Sada;97616;MARIAMA SALIM (DE SADA);REP;-12.84623856047754;45.10398884992696;-12.84623856047754, 45.10398884992696
2018;9760308F;Mayotte;06;Mayotte;Mayotte;43;976;Mamoudzou;97611;OUVOIMOJA;REP;-12.801112092968513;45.21137356716291;-12.801112092968513, 45.21137356716291
2018;9760379H;Mayotte;06;Mayotte;Mayotte;43;976;Bouéni;97604;DE BOUENI;REP;-12.90677444198812;45.078550556707576;-12.90677444198812, 45.078550556707576
2017;0331462K;Nouvelle-Aquitaine;75;Gironde;Bordeaux;04;33;Bordeaux;33063;FRANCISCO GOYA;REP;44.83433606051566;-0.5771063716112431;44.83433606051566, -0.5771063716112431
2018;0340836Z;Occitanie;76;Hérault;Montpellier;11;34;Béziers;34032;PAUL RIQUET;REP+;43.34503046125156;3.2190910269912676;43.34503046125156, 3.2190910269912676
2019;0340996Y;Occitanie;76;Hérault;Montpellier;11;34;Montpellier;34172;LES ESCHOLIERS DE LA MOSSON;REP+;43.63373903555031;3.821653282796258;43.63373903555031, 3.821653282796258
2017;0341364Y;Occitanie;76;Hérault;Montpellier;11;34;Montpellier;34172;GERARD PHILIPE;REP;43.59734336560839;3.8844132992149993;43.59734336560839, 3.8844132992149993
2016;0530484N;Pays de la Loire;52;Mayenne;Nantes;17;53;Laval;53130;ALAIN GERBAULT;REP+;48.06138756076098;-0.7481131760913879;48.06138756076098, -0.7481131760913879
2018;0541565H;Grand Est;44;Meurthe-et-Moselle;Nancy-Metz;12;54;Toul;54528;CROIX DE METZ;REP;48.69189997098338;5.8968211819837215;48.69189997098338, 5.8968211819837215
2018;0572017H;Grand Est;44;Moselle;Nancy-Metz;12;57;Moyeuvre-Grande;57491;JEAN BURGER;REP;49.25361348386031;6.031542222732361;49.25361348386031, 6.031542222732361
2016;0680105V;Grand Est;44;Haut-Rhin;Strasbourg;15;68;Mulhouse;68224;KENNEDY;REP+;47.74948473197153;7.333422372433982;47.74948473197153, 7.333422372433982
2015;0710536X;Bourgogne-Franche-Comté;27;Saône-et-Loire;Dijon;07;71;Chalon-sur-Saône;71076;JACQUES PREVERT;REP;46.81310830971988;4.845740006274551;46.81310830971988, 4.845740006274551
2019;0761739C;Normandie;28;Seine-Maritime;Rouen;21;76;Le Havre;76351;DESCARTES;REP+;49.51941332089026;0.1088750141114374;49.51941332089026, 0.1088750141114374
2018;0761949F;Normandie;28;Seine-Maritime;Rouen;21;76;Le Petit-Quevilly;76498;FERNAND LEGER;REP;49.42858130082447;1.0649233061333692;49.42858130082447, 1.0649233061333692
2015;0762133F;Normandie;28;Seine-Maritime;Rouen;21;76;Saint-Etienne-du-Rouvray;76575;PABLO PICASSO;REP;49.37870843212924;1.10480465339136;49.37870843212924, 1.10480465339136
2016;0762919K;Normandie;28;Seine-Maritime;Rouen;21;76;Caudebec-lès-Elbeuf;76165;JACQUES-YVES COUSTEAU;REP;49.27731739680282;1.0242361608065944;49.27731739680282, 1.0242361608065944
2018;0771029A;Ile-de-France;11;Seine-et-Marne;Créteil;24;77;Meaux;77284;HENRI DUNANT;REP+;48.94575695819722;2.898224073484964;48.94575695819722, 2.898224073484964
2018;0771476L;Ile-de-France;11;Seine-et-Marne;Créteil;24;77;Dammarie-les-Lys;77152;GEORGES POLITZER;REP;48.52140592920995;2.6417260228126995;48.52140592920995, 2.6417260228126995
2015;0881099S;Grand Est;44;Vosges;Nancy-Metz;12;88;Saint-Dié-des-Vosges;88413;JOSEPH-JULIEN SOUHAIT;REP;48.281066500528894;6.967291505973852;48.281066500528894, 6.967291505973852
2017;0890977D;Bourgogne-Franche-Comté;27;Yonne;Dijon;07;89;Migennes;89257;JACQUES PREVERT;REP;47.96944641087473;3.505749801639799;47.96944641087473, 3.505749801639799
2015;0931788N;Ile-de-France;11;Seine-Saint-Denis;Créteil;24;93;Bondy;93010;HENRI SELLIER;REP;48.900813017871066;2.4923120346503396;48.900813017871066, 2.4923120346503396
2019;0931788N;Ile-de-France;11;Seine-Saint-Denis;Créteil;24;93;Bondy;93010;HENRI SELLIER;REP;48.900813017871066;2.4923120346503396;48.900813017871066, 2.4923120346503396
2015;0940792A;Ile-de-France;11;Val-de-Marne;Créteil;24;94;Villeneuve-Saint-Georges;94078;JULES FERRY;REP+;48.73208699336739;2.450007650514465;48.73208699336739, 2.450007650514465
2016;0941296Y;Ile-de-France;11;Val-de-Marne;Créteil;24;94;Fontenay-sous-Bois;94033;JEAN MACE;REP;48.85627637106781;2.4810972403934977;48.85627637106781, 2.4810972403934977
2015;9720472F;Martinique;02;Martinique;Martinique;31;972;Basse-Pointe;97203;AIME CESAIRE DE BASSE-POINTE;REP+;14.867990423486788;-61.12004956346709;14.867990423486788, -61.12004956346709
2018;9720842H;Martinique;02;Martinique;Martinique;31;972;Sainte-Marie;97228;MORNE DES ESSES;REP;14.744749591605611;-61.016126631079324;14.744749591605611, -61.016126631079324
2019;9730091L;Guyane;03;Guyane;Guyane;33;973;Cayenne;97302;PAUL KAPEL;REP+;4.928757216084589;-52.32316802705945;4.928757216084589, -52.32316802705945
2018;9730307W;Guyane;03;Guyane;Guyane;33;973;Matoury;97307;CONCORDE - MAURICE DUMESNIL;REP+;4.835132727125779;-52.35116917250092;4.835132727125779, -52.35116917250092
2018;0340031Z;Occitanie;76;Hérault;Montpellier;11;34;Lunel;34145;FREDERIC MISTRAL;REP;43.671938083423754;4.1239600014324616;43.671938083423754, 4.1239600014324616
2016;0131704G;Provence-Alpes-Côte d'Azur;93;Bouches-du-Rhône;Aix-Marseille;02;13;Marseille 15e  Arrondissement;13215;ARTHUR RIMBAUD;REP+;43.34432893263555;5.348482706937176;43.34432893263555, 5.348482706937176
2018;0291089B;Bretagne;53;Finistère;Rennes;14;29;Brest;29019;LA FONTAINE MARGOT-KERANROUX;REP;48.38375266123298;-4.540692750735194;48.38375266123298, -4.540692750735194
2019;0560020T;Bretagne;53;Morbihan;Rennes;14;56;Josselin;56091;MAX JACOB;REP;47.95977164494284;-2.552341992855388;47.95977164494284, -2.552341992855388
2016;0311112R;Occitanie;76;Haute-Garonne;Toulouse;16;31;Toulouse;31555;HENRI DE TOULOUSE-LAUTREC;REP;43.62964810118352;1.4407054970957724;43.62964810118352, 1.4407054970957724
2017;0311630D;Occitanie;76;Haute-Garonne;Toulouse;16;31;Toulouse;31555;STENDHAL;REP+;43.57809202706454;1.4106443515965383;43.57809202706454, 1.4106443515965383
2016;0311321T;Occitanie;76;Haute-Garonne;Toulouse;16;31;Toulouse;31555;RAYMOND BADIOU;REP+;43.56977422961038;1.4075291473092462;43.56977422961038, 1.4075291473092462
2018;0421688G;Auvergne-Rhône-Alpes;84;Loire;Lyon;10;42;Saint-Chamond;42207;JEAN ROSTAND;REP+;45.478983219139735;4.536360987619161;45.478983219139735, 4.536360987619161
2018;0750552T;Ile-de-France;11;Paris;Paris;01;75;Paris 20e  Arrondissement;75120;FRANCOISE DOLTO;REP;48.873957017625486;2.386895966702957;48.873957017625486, 2.386895966702957
2015;0750575T;Ile-de-France;11;Paris;Paris;01;75;Paris 19e  Arrondissement;75119;SONIA DELAUNAY;REP;48.885939376598216;2.378118607486757;48.885939376598216, 2.378118607486757
2017;0752544H;Ile-de-France;11;Paris;Paris;01;75;Paris 14e  Arrondissement;75114;FRANCOIS VILLON;REP;48.82633823074932;2.3058051533120643;48.82633823074932, 2.3058051533120643
2018;0752544H;Ile-de-France;11;Paris;Paris;01;75;Paris 14e  Arrondissement;75114;FRANCOIS VILLON;REP;48.82633823074932;2.3058051533120643;48.82633823074932, 2.3058051533120643
2015;0752695X;Ile-de-France;11;Paris;Paris;01;75;Paris 19e  Arrondissement;75119;GUILLAUME BUDE;REP;48.8768302948285;2.396256349456825;48.8768302948285, 2.396256349456825
2019;0754355B;Ile-de-France;11;Paris;Paris;01;75;Paris 20e  Arrondissement;75120;ROBERT DOISNEAU;REP;48.8670900790929;2.388027815286084;48.8670900790929, 2.388027815286084
2019;0180033N;Centre-Val de Loire;24;Cher;Orléans-Tours;18;18;Sancoins;18242;MARGUERITE AUDOUX;REP;46.83492943258112;2.9218655976202235;46.83492943258112, 2.9218655976202235
2019;0360541T;Centre-Val de Loire;24;Indre;Orléans-Tours;18;36;Châteauroux;36044;ROSA PARKS;REP+;46.80038434473314;1.7056685945180377;46.80038434473314, 1.7056685945180377
2015;0370791J;Centre-Val de Loire;24;Indre-et-Loire;Orléans-Tours;18;37;Joué-lès-Tours;37122;ARCHE DU LUDE;REP;47.34616946970418;0.6506576577664248;47.34616946970418, 0.6506576577664248
2018;0450789N;Centre-Val de Loire;24;Loiret;Orléans-Tours;18;45;Montargis;45208;LE GRAND CLOS;REP;47.999177571696144;2.7404888555112725;47.999177571696144, 2.7404888555112725
2015;9741346V;La Réunion;04;La Réunion;La Réunion;28;974;Saint-Pierre;97416;LIGNE DES BAMBOUS;REP;-21.297981146652237;55.49373179682299;-21.297981146652237, 55.49373179682299
2016;9741346V;La Réunion;04;La Réunion;La Réunion;28;974;Saint-Pierre;97416;LIGNE DES BAMBOUS;REP;-21.297981146652237;55.49373179682299;-21.297981146652237, 55.49373179682299
2019;9741346V;La Réunion;04;La Réunion;La Réunion;28;974;Saint-Pierre;97416;LIGNE DES BAMBOUS;REP;-21.297981146652237;55.49373179682299;-21.297981146652237, 55.49373179682299
2016;0930611J;Ile-de-France;11;Seine-Saint-Denis;Créteil;24;93;Le Blanc-Mesnil;93007;NELSON MANDELA;REP;48.94803458237947;2.4608380346264607;48.94803458237947, 2.4608380346264607
2019;0931199Y;Ile-de-France;11;Seine-Saint-Denis;Créteil;24;93;Drancy;93029;ARETHA FRANKLIN;REP;48.924665097725146;2.421689426021853;48.924665097725146, 2.421689426021853
2017;0931200Z;Ile-de-France;11;Seine-Saint-Denis;Créteil;24;93;Drancy;93029;PIERRE SEMARD;REP;48.9263675407058;2.4362391933808563;48.9263675407058, 2.4362391933808563
2019;0932310F;Ile-de-France;11;Seine-Saint-Denis;Créteil;24;93;Aulnay-sous-Bois;93005;CHRISTINE DE PISAN;REP;48.94775691453297;2.494528421283935;48.94775691453297, 2.494528421283935
2018;0781108F;Ile-de-France;11;Yvelines;Versailles;25;78;Chanteloup-les-Vignes;78138;RENE CASSIN;REP+;48.973991194250964;2.030958769778826;48.973991194250964, 2.030958769778826
2018;0910776Z;Ile-de-France;11;Essonne;Versailles;25;91;Vigneux-sur-Seine;91657;PAUL ELUARD;REP;48.703297383583454;2.418351480369723;48.703297383583454, 2.418351480369723
2018;0911042N;Ile-de-France;11;Essonne;Versailles;25;91;Sainte-Geneviève-des-Bois;91549;PAUL ELUARD;REP;48.63681102826605;2.344627521432902;48.63681102826605, 2.344627521432902
2015;0911865H;Ile-de-France;11;Essonne;Versailles;25;91;Evry-Courcouronnes;91228;PAUL ELUARD;REP;48.62304584134616;2.4429485467828793;48.62304584134616, 2.4429485467828793
2018;0921940J;Ile-de-France;11;Hauts-de-Seine;Versailles;25;92;Nanterre;92050;PAUL ELUARD;REP;48.89341657186662;2.222682130375174;48.89341657186662, 2.222682130375174
2019;0950039B;Ile-de-France;11;Val-d'Oise;Versailles;25;95;Saint-Ouen-l'Aumône;95572;LE PARC;REP;49.0404350389989;2.1111767643498416;49.0404350389989, 2.1111767643498416
2018;0951195H;Ile-de-France;11;Val-d'Oise;Versailles;25;95;Saint-Ouen-l'Aumône;95572;MARCEL PAGNOL;REP;49.03412711777583;2.1148501733564222;49.03412711777583, 2.1148501733564222
2019;0951356H;Ile-de-France;11;Val-d'Oise;Versailles;25;95;Argenteuil;95018;LUCIE AUBRAC;REP;48.95359895553779;2.230860343204731;48.95359895553779, 2.230860343204731
2016;0951920W;Ile-de-France;11;Val-d'Oise;Versailles;25;95;Gonesse;95277;FRANCOIS TRUFFAUT;REP;49.00527237047365;2.4240806717234;49.00527237047365, 2.4240806717234
2017;0840716X;Provence-Alpes-Côte d'Azur;93;Vaucluse;Aix-Marseille;02;84;Valréas;84138;VALLIS AERIA;REP;44.387896326262734;5.005314177299518;44.387896326262734, 5.005314177299518
2015;0500083U;Normandie;28;Manche;Caen;05;50;Villedieu-les-Poêles-Rouffigny;50639;LE DINANDIER;REP;48.84097589041527;-1.2171494143847557;48.84097589041527, -1.2171494143847557
2019;0610057F;Normandie;28;Orne;Caen;05;61;Flers;61169;JEAN MONNET;REP;48.74029567015151;-0.570083082053775;48.74029567015151, -0.570083082053775
2016;0470049Y;Nouvelle-Aquitaine;75;Lot-et-Garonne;Bordeaux;04;47;Villeneuve-sur-Lot;47323;ANATOLE FRANCE;REP;44.40709634399353;0.7167480383076739;44.40709634399353, 0.7167480383076739
2016;9730173A;Guyane;03;Guyane;Guyane;33;973;Saint-Georges;97308;CHLORE CONSTANT (CHLORE CONSTANT );REP+;3.8907540586772145;-51.80157660124413;3.8907540586772145, -51.80157660124413
2015;0331891B;Nouvelle-Aquitaine;75;Gironde;Bordeaux;04;33;Lesparre-Médoc;33240;LES LESQUES;REP;45.299778351907634;-0.9264684515393479;45.299778351907634, -0.9264684515393479
2016;0760083C;Normandie;28;Seine-Maritime;Rouen;21;76;Oissel;76484;JEAN CHARCOT;REP;49.357936376211995;1.0949990861388395;49.357936376211995, 1.0949990861388395
2017;0590006L;Hauts-de-France;32;Nord;Lille;09;59;Anzin;59014;JULES FERRY;REP;50.3735744949741;3.5049390523421833;50.3735744949741, 3.5049390523421833
2017;0590088A;Hauts-de-France;32;Nord;Lille;09;59;Grande-Synthe;59271;JULES VERNE;REP+;51.020127902647296;2.3046996668512616;51.020127902647296, 2.3046996668512616
2018;0590099M;Hauts-de-France;32;Nord;Lille;09;59;Hautmont;59291;AUGUSTE PERIER;REP;50.24676995709815;3.9168167456239322;50.24676995709815, 3.9168167456239322
2016;0590190L;Hauts-de-France;32;Nord;Lille;09;59;Roubaix;59512;JEAN-BAPTISTE LEBAS;REP+;50.6810181463498;3.18306554680389;50.6810181463498, 3.18306554680389
2016;0593178J;Hauts-de-France;32;Nord;Lille;09;59;Mons-en-Baroeul;59410;FRANCOIS RABELAIS;REP+;50.64172886934788;3.117519053486168;50.64172886934788, 3.117519053486168
2019;0593235W;Hauts-de-France;32;Nord;Lille;09;59;Lille;59350;BORIS VIAN;REP+;50.63057677002072;3.0941272674390845;50.63057677002072, 3.0941272674390845
2016;0593482P;Hauts-de-France;32;Nord;Lille;09;59;Lallaing;59327;FREDERIC JOLIOT-CURIE;REP;50.38278262102924;3.172527691977889;50.38278262102924, 3.172527691977889
2019;0594299C;Hauts-de-France;32;Nord;Lille;09;59;Denain;59172;TURGOT;REP+;50.330725874412636;3.395437553989738;50.330725874412636, 3.395437553989738
2017;0594303G;Hauts-de-France;32;Nord;Lille;09;59;Quiévrechain;59484;JEHAN FROISSART;REP;50.40095513807872;3.6577933972314653;50.40095513807872, 3.6577933972314653
2016;0594309N;Hauts-de-France;32;Nord;Lille;09;59;Hautmont;59291;PIERRE DE RONSARD;REP+;50.25368550287511;3.901210935768795;50.25368550287511, 3.901210935768795
2019;0594418G;Hauts-de-France;32;Nord;Lille;09;59;Jeumont;59324;CHARLES DE GAULLE;REP;50.30307795955962;4.090247306355392;50.30307795955962, 4.090247306355392
2016;0594634S;Hauts-de-France;32;Nord;Lille;09;59;Roubaix;59512;THEODORE MONOD;REP+;50.67211692083564;3.1825854232379704;50.67211692083564, 3.1825854232379704
2017;0595169Y;Hauts-de-France;32;Nord;Lille;09;59;Wattrelos;59650;EMILE ZOLA;REP;50.70612400967357;3.2311249191384546;50.70612400967357, 3.2311249191384546
2018;0595782P;Hauts-de-France;32;Nord;Lille;09;59;Grande-Synthe;59271;DU MOULIN;REP+;51.01131527401728;2.3041700698011334;51.01131527401728, 2.3041700698011334
2017;0620158K;Hauts-de-France;32;Pas-de-Calais;Lille;09;62;Rouvroy;62724;PAUL LANGEVIN;REP;50.405160193236966;2.9051386111781663;50.405160193236966, 2.9051386111781663
2017;0620180J;Hauts-de-France;32;Pas-de-Calais;Lille;09;62;Wingles;62895;LEON BLUM;REP;50.495571858346906;2.8643441870297437;50.495571858346906, 2.8643441870297437
2017;0622098U;Hauts-de-France;32;Pas-de-Calais;Lille;09;62;Fouquières-lès-Lens;62351;EMILE ZOLA;REP;50.427735063962416;2.9166223973810306;50.427735063962416, 2.9166223973810306
2018;0622098U;Hauts-de-France;32;Pas-de-Calais;Lille;09;62;Fouquières-lès-Lens;62351;EMILE ZOLA;REP;50.427735063962416;2.9166223973810306;50.427735063962416, 2.9166223973810306
2017;0622791X;Hauts-de-France;32;Pas-de-Calais;Lille;09;62;Harnes;62413;VICTOR HUGO;REP;50.45054797978168;2.901046306449288;50.45054797978168, 2.901046306449288
2015;0622793Z;Hauts-de-France;32;Pas-de-Calais;Lille;09;62;Billy-Montigny;62133;DAVID MARCELLE;REP;50.41608045307206;2.9210968226409193;50.41608045307206, 2.9210968226409193
2018;0190635M;Nouvelle-Aquitaine;75;Corrèze;Limoges;22;19;Brive-la-Gaillarde;19031;JEAN MOULIN;REP+;45.15626735822778;1.4938825781595693;45.15626735822778, 1.4938825781595693
2019;0190635M;Nouvelle-Aquitaine;75;Corrèze;Limoges;22;19;Brive-la-Gaillarde;19031;JEAN MOULIN;REP+;45.15626735822778;1.4938825781595693;45.15626735822778, 1.4938825781595693
2017;0331619F;Nouvelle-Aquitaine;75;Gironde;Bordeaux;04;33;Lormont;33249;GEORGES LAPIERRE;REP+;44.87439740292492;-0.5224067411379382;44.87439740292492, -0.5224067411379382
2017;0332082J;Nouvelle-Aquitaine;75;Gironde;Bordeaux;04;33;Bordeaux;33063;EDOUARD VAILLANT;REP;44.86417721399051;-0.5645451466344884;44.86417721399051, -0.5645451466344884
2018;0470102F;Nouvelle-Aquitaine;75;Lot-et-Garonne;Bordeaux;04;47;Sainte-Livrade-sur-Lot;47252;PAUL FROMENT;REP;44.402859301269956;0.5990460074059903;44.402859301269956, 0.5990460074059903
2019;0470104H;Nouvelle-Aquitaine;75;Lot-et-Garonne;Bordeaux;04;47;Tonneins;47310;GERMILLAC;REP;44.39250131333742;0.31839566525100993;44.39250131333742, 0.31839566525100993
2016;0870072F;Nouvelle-Aquitaine;75;Haute-Vienne;Limoges;22;87;Limoges;87085;ANDRE MAUROIS;REP;45.83550567407413;1.2289869813255776;45.83550567407413, 1.2289869813255776
2017;0870117E;Nouvelle-Aquitaine;75;Haute-Vienne;Limoges;22;87;Limoges;87085;ALBERT CALMETTE;REP;45.828926286928976;1.2245352814067116;45.828926286928976, 1.2245352814067116
2016;0870960W;Nouvelle-Aquitaine;75;Haute-Vienne;Limoges;22;87;Limoges;87085;FIRMIN ROZ;REP;45.86728699051221;1.2906644253978063;45.86728699051221, 1.2906644253978063
2018;0330103H;Nouvelle-Aquitaine;75;Gironde;Bordeaux;04;33;Pauillac;33314;PIERRE DE BELLEYME;REP;45.20176659918781;-0.7512280667390121;45.20176659918781, -0.7512280667390121
2019;0800018K;Hauts-de-France;32;Somme;Amiens;20;80;Amiens;80021;EDOUARD LUCAS;REP;49.89883625002647;2.2682019267376337;49.89883625002647, 2.2682019267376337
2017;0800019L;Hauts-de-France;32;Somme;Amiens;20;80;Amiens;80021;CESAR FRANCK;REP+;49.91195538606679;2.3106435053940633;49.91195538606679, 2.3106435053940633
2015;0020007X;Hauts-de-France;32;Aisne;Amiens;20;02;Bohain-en-Vermandois;02095;HENRI MATISSE;REP+;49.985103348276716;3.4561271827721325;49.985103348276716, 3.4561271827721325
2017;0020055Z;Hauts-de-France;32;Aisne;Amiens;20;02;Saint-Quentin;02691;GABRIEL HANOTAUX;REP;49.86071884832814;3.273621537678239;49.86071884832814, 3.273621537678239
2019;0040055N;Provence-Alpes-Côte d'Azur;93;Alpes-de-Haute-Provence;Aix-Marseille;02;04;Manosque;04112;JEAN GIONO;REP;43.82531251715252;5.776499993006937;43.82531251715252, 5.776499993006937
2015;0061131X;Provence-Alpes-Côte d'Azur;93;Alpes-Maritimes;Nice;23;06;Nice;06088;MAURICE JAUBERT;REP+;43.73776984518716;7.299917624320843;43.73776984518716, 7.299917624320843
2015;0080036W;Grand Est;44;Ardennes;Reims;19;08;Nouzonville;08328;JEAN ROGISSART;REP;49.817827897579626;4.74591000737515;49.817827897579626, 4.74591000737515
2016;0080036W;Grand Est;44;Ardennes;Reims;19;08;Nouzonville;08328;JEAN ROGISSART;REP;49.817827897579626;4.74591000737515;49.817827897579626, 4.74591000737515
2018;0080949N;Grand Est;44;Ardennes;Reims;19;08;Revin;08363;GEORGE SAND;REP;49.93458688259741;4.646499964728705;49.93458688259741, 4.646499964728705
2018;0100038M;Grand Est;44;Aube;Reims;19;10;Troyes;10387;LES JACOBINS;REP;48.29606319748688;4.079776955215974;48.29606319748688, 4.079776955215974
2017;0110068P;Occitanie;76;Aude;Montpellier;11;11;Narbonne;11262;GEORGES BRASSENS;REP;43.18619491616579;2.9742537468546484;43.18619491616579, 2.9742537468546484
2019;0130007M;Provence-Alpes-Côte d'Azur;93;Bouches-du-Rhône;Aix-Marseille;02;13;Aix-en-Provence;13001;JAS DE BOUFFAN;REP;43.52563802605482;5.420918688465994;43.52563802605482, 5.420918688465994
2016;0132007L;Provence-Alpes-Côte d'Azur;93;Bouches-du-Rhône;Aix-Marseille;02;13;Saint-Victoret;13102;JACQUES PREVERT;REP;43.41697231810928;5.231344038358879;43.41697231810928, 5.231344038358879
2015;0132164G;Provence-Alpes-Côte d'Azur;93;Bouches-du-Rhône;Aix-Marseille;02;13;Septèmes-les-Vallons;13106;LANGEVIN WALLON;REP;43.3862767999242;5.352698984930238;43.3862767999242, 5.352698984930238
2019;0132407W;Provence-Alpes-Côte d'Azur;93;Bouches-du-Rhône;Aix-Marseille;02;13;Marseille 15e  Arrondissement;13215;JEAN MOULIN;REP+;43.36446543035339;5.358006751284265;43.36446543035339, 5.358006751284265
2015;0141257R;Normandie;28;Calvados;Caen;05;14;Isigny-sur-Mer;14342;DU VAL D'AURE;REP;49.31870397951404;-1.104999863147956;49.31870397951404, -1.104999863147956
2018;0212102W;Bourgogne-Franche-Comté;27;Côte-d'Or;Dijon;07;21;Dijon;21231;CHAMPOLLION;REP;47.331506115773834;5.0715664091030215;47.331506115773834, 5.0715664091030215
2016;0271513Y;Normandie;28;Eure;Rouen;21;27;Val-de-Reuil;27701;PIERRE MENDES-FRANCE;REP;49.2731084614969;1.2178103849369835;49.2731084614969, 1.2178103849369835
2019;0331462K;Nouvelle-Aquitaine;75;Gironde;Bordeaux;04;33;Bordeaux;33063;FRANCISCO GOYA;REP;44.83433606051566;-0.5771063716112431;44.83433606051566, -0.5771063716112431
2015;0340955D;Occitanie;76;Hérault;Montpellier;11;34;Montpellier;34172;SIMONE VEIL (LAS CAZES);REP+;43.618040388401624;3.847926083825106;43.618040388401624, 3.847926083825106
2017;0340955D;Occitanie;76;Hérault;Montpellier;11;34;Montpellier;34172;SIMONE VEIL;REP+;43.618040388401624;3.847926083825106;43.618040388401624, 3.847926083825106
2019;0341065Y;Occitanie;76;Hérault;Montpellier;11;34;Sète;34301;JEAN MOULIN;REP+;43.415364595237705;3.6710787993542855;43.415364595237705, 3.6710787993542855
2015;0380013H;Auvergne-Rhône-Alpes;84;Isère;Grenoble;08;38;Le Pont-de-Claix;38317;NELSON MANDELA;REP;45.132686918601145;5.697140547137221;45.132686918601145, 5.697140547137221
2017;0440311Z;Pays de la Loire;52;Loire-Atlantique;Nantes;17;44;Saint-Herblain;44162;ERNEST RENAN;REP;47.21455513363384;-1.6136721785401997;47.21455513363384, -1.6136721785401997
2019;0440311Z;Pays de la Loire;52;Loire-Atlantique;Nantes;17;44;Saint-Herblain;44162;ERNEST RENAN;REP;47.21455513363384;-1.6136721785401997;47.21455513363384, -1.6136721785401997
2019;0572690P;Grand Est;44;Moselle;Nancy-Metz;12;57;Creutzwald;57160;JACQUES-YVES COUSTEAU;REP;49.20940022425659;6.710939100806769;49.20940022425659, 6.710939100806769
2016;0573269U;Grand Est;44;Moselle;Nancy-Metz;12;57;Fameck;57206;CHARLES DE GAULLE;REP;49.30239963596309;6.116210568501709;49.30239963596309, 6.116210568501709
2016;0660016J;Occitanie;76;Pyrénées-Orientales;Montpellier;11;66;Perpignan;66136;LA GARRIGOLE;REP;42.695044115216405;2.867981849693815;42.695044115216405, 2.867981849693815
2018;0660016J;Occitanie;76;Pyrénées-Orientales;Montpellier;11;66;Perpignan;66136;LA GARRIGOLE;REP;42.695044115216405;2.867981849693815;42.695044115216405, 2.867981849693815
2018;0672130B;Grand Est;44;Bas-Rhin;Strasbourg;15;67;Bischwiller;67046;ANDRE MAUROIS;REP;48.778940303095645;7.847541941802114;48.778940303095645, 7.847541941802114
2018;0672459J;Grand Est;44;Bas-Rhin;Strasbourg;15;67;Strasbourg;67482;ERASME;REP+;48.591899888580684;7.700796166355622;48.591899888580684, 7.700796166355622
2015;0772056S;Ile-de-France;11;Seine-et-Marne;Créteil;24;77;Le Mée-sur-Seine;77285;JEAN DE LA FONTAINE;REP;48.54378921926637;2.6242374643895214;48.54378921926637, 2.6242374643895214
2018;0840033E;Provence-Alpes-Côte d'Azur;93;Vaucluse;Aix-Marseille;02;84;Sorgues;84129;VOLTAIRE;REP;44.00953101963995;4.874862345856605;44.00953101963995, 4.874862345856605
2015;0840699D;Provence-Alpes-Côte d'Azur;93;Vaucluse;Aix-Marseille;02;84;Bollène;84019;PAUL ELUARD;REP;44.275511517716396;4.745288125657382;44.275511517716396, 4.745288125657382
2017;0840699D;Provence-Alpes-Côte d'Azur;93;Vaucluse;Aix-Marseille;02;84;Bollène;84019;PAUL ELUARD;REP;44.275511517716396;4.745288125657382;44.275511517716396, 4.745288125657382
2019;0890980G;Bourgogne-Franche-Comté;27;Yonne;Dijon;07;89;Tonnerre;89418;ABEL MINARD;REP;47.863079174723275;3.987936178730635;47.863079174723275, 3.987936178730635
2017;0900295G;Bourgogne-Franche-Comté;27;Territoire de Belfort;Besançon;03;90;Belfort;90010;VAUBAN;REP;47.640149077176154;6.880683440327653;47.640149077176154, 6.880683440327653
2017;0931226C;Ile-de-France;11;Seine-Saint-Denis;Créteil;24;93;Stains;93072;PABLO NERUDA;REP;48.96339796596268;2.389629814254687;48.96339796596268, 2.389629814254687
2018;0931709C;Ile-de-France;11;Seine-Saint-Denis;Créteil;24;93;Aubervilliers;93001;HENRI WALLON;REP+;48.91197743782545;2.3884673657201105;48.91197743782545, 2.3884673657201105
2019;0931711E;Ile-de-France;11;Seine-Saint-Denis;Créteil;24;93;Bondy;93010;JEAN RENOIR;REP;48.90325053266919;2.4736555288214475;48.90325053266919, 2.4736555288214475
2018;9710026B;Guadeloupe;01;Guadeloupe;Guadeloupe;32;971;Bouillante;97106;FONTAINES BOUILLANTES;REP;16.14245385751594;-61.76601245036771;16.14245385751594, -61.76601245036771
2019;9720445B;Martinique;02;Martinique;Martinique;31;972;Le Lorrain;97214;HUBERT NERO (HUBERT NERO );REP+;14.831133808787202;-61.05604594792374;14.831133808787202, -61.05604594792374
2016;9720708M;Martinique;02;Martinique;Martinique;31;972;Fort-de-France;97209;DILLON 2;REP+;14.608342177998733;-61.04299157210716;14.608342177998733, -61.04299157210716
2019;0160113L;Nouvelle-Aquitaine;75;Charente;Poitiers;13;16;Angoulême;16015;MICHELLE PALLET;REP+;45.65023713721452;0.12969672338718286;45.65023713721452, 0.12969672338718286
2017;0330064R;Nouvelle-Aquitaine;75;Gironde;Bordeaux;04;33;Castillon-la-Bataille;33108;ALIENOR D AQUITAINE;REP;44.85105553271757;-0.050614821083837136;44.85105553271757, -0.050614821083837136
2017;0280924C;Centre-Val de Loire;24;Eure-et-Loir;Orléans-Tours;18;28;Nogent-le-Rotrou;28280;PIERRE BROSSOLETTE;REP;48.324188698636085;0.7992509438265312;48.324188698636085, 0.7992509438265312
2018;0280924C;Centre-Val de Loire;24;Eure-et-Loir;Orléans-Tours;18;28;Nogent-le-Rotrou;28280;PIERRE BROSSOLETTE;REP;48.324188698636085;0.7992509438265312;48.324188698636085, 0.7992509438265312
2017;0381604M;Auvergne-Rhône-Alpes;84;Isère;Grenoble;08;38;Grenoble;38185;VERCORS;REP;45.17716263584228;5.743447818869533;45.17716263584228, 5.743447818869533
2016;0120622L;Occitanie;76;Aveyron;Toulouse;16;12;Decazeville;12089;P RAMADIER PLUS ANNEXE FIRMI;REP;44.57080240460633;2.255761163216761;44.57080240460633, 2.255761163216761
2017;0310086A;Occitanie;76;Haute-Garonne;Toulouse;16;31;Toulouse;31555;GEORGE SAND;REP+;43.58810544764736;1.4087277975725379;43.58810544764736, 1.4087277975725379
2018;0752196E;Ile-de-France;11;Paris;Paris;01;75;Paris 18e  Arrondissement;75118;MARX DORMOY;REP;48.88849618531902;2.359696353257164;48.88849618531902, 2.359696353257164
2015;0753937X;Ile-de-France;11;Paris;Paris;01;75;Paris 13e  Arrondissement;75113;EVARISTE GALOIS;REP;48.81844747170997;2.3583706529199135;48.81844747170997, 2.3583706529199135
2016;0755030K;Ile-de-France;11;Paris;Paris;01;75;Paris 18e  Arrondissement;75118;DANIEL MAYER;REP;48.89315535723955;2.3638739227670578;48.89315535723955, 2.3638739227670578
2016;0931379U;Ile-de-France;11;Seine-Saint-Denis;Créteil;24;93;Aulnay-sous-Bois;93005;PABLO NERUDA;REP+;48.95123050938797;2.51984315770187;48.95123050938797, 2.51984315770187
2017;0280865N;Centre-Val de Loire;24;Eure-et-Loir;Orléans-Tours;18;28;Dreux;28134;LOUIS ARMAND;REP+;48.73835319249141;1.353549589956368;48.73835319249141, 1.353549589956368
2019;0410003F;Centre-Val de Loire;24;Loir-et-Cher;Orléans-Tours;18;41;Blois;41018;BLOIS-BEGON;REP+;47.59353381039191;1.307996813734156;47.59353381039191, 1.307996813734156
2016;0931147S;Ile-de-France;11;Seine-Saint-Denis;Créteil;24;93;Stains;93072;BARBARA;REP+;48.9516454471708;2.369980113585586;48.9516454471708, 2.369980113585586
2015;0931429Y;Ile-de-France;11;Seine-Saint-Denis;Créteil;24;93;La Courneuve;93027;JEAN VILAR;REP+;48.92211216446413;2.384882067943852;48.92211216446413, 2.384882067943852
2015;0941042X;Ile-de-France;11;Val-de-Marne;Créteil;24;94;Orly;94054;DORVAL;REP;48.74391539369027;2.3970831856294303;48.74391539369027, 2.3970831856294303
2018;0840758T;Provence-Alpes-Côte d'Azur;93;Vaucluse;Aix-Marseille;02;84;Avignon;84007;FREDERIC MISTRAL;REP;43.946129241418305;4.7998681470359825;43.946129241418305, 4.7998681470359825
2017;0020039G;Hauts-de-France;32;Aisne;Amiens;20;02;Le Nouvion-en-Thiérache;02558;COLBERT QUENTIN;REP;50.01001522140145;3.783744459192513;50.01001522140145, 3.783744459192513
2017;0021492L;Hauts-de-France;32;Aisne;Amiens;20;02;Soissons;02722;GERARD PHILIPE;REP+;49.37219655136736;3.3058392298789374;49.37219655136736, 3.3058392298789374
2017;0030838V;Auvergne-Rhône-Alpes;84;Allier;Clermont-Ferrand;06;03;Moulins;03190;EMILE GUILLAUMIN;REP;46.5439993014262;3.3373404314432116;46.5439993014262, 3.3373404314432116
2016;0050452P;Provence-Alpes-Côte d'Azur;93;Hautes-Alpes;Aix-Marseille;02;05;Laragne-Montéglin;05070;HAUTS DE PLAINE (LES);REP;44.31978591392614;5.821638502366248;44.31978591392614, 5.821638502366248
2017;0061131X;Provence-Alpes-Côte d'Azur;93;Alpes-Maritimes;Nice;23;06;Nice;06088;MAURICE JAUBERT;REP+;43.73776984518716;7.299917624320843;43.73776984518716, 7.299917624320843
2016;0131701D;Provence-Alpes-Côte d'Azur;93;Bouches-du-Rhône;Aix-Marseille;02;13;Gardanne;13041;GABRIEL PERI;REP;43.453259711214656;5.470128580643114;43.453259711214656, 5.470128580643114
2019;0132207D;Provence-Alpes-Côte d'Azur;93;Bouches-du-Rhône;Aix-Marseille;02;13;Marseille 14e  Arrondissement;13214;MASSENET;REP+;43.34236825549508;5.38094224033247;43.34236825549508, 5.38094224033247
2019;0132403S;Provence-Alpes-Côte d'Azur;93;Bouches-du-Rhône;Aix-Marseille;02;13;Marseille 11e  Arrondissement;13211;FRANCOIS VILLON;REP;43.28540727567788;5.46249939516656;43.28540727567788, 5.46249939516656
2016;0141137K;Normandie;28;Calvados;Caen;05;14;Colombelles;14167;HENRI SELLIER;REP;49.205632386022586;-0.3001688522838891;49.205632386022586, -0.3001688522838891
2019;0160100X;Nouvelle-Aquitaine;75;Charente;Poitiers;13;16;Soyaux;16374;ROMAIN ROLLAND;REP+;45.64885648253459;0.19017191749505458;45.64885648253459, 0.19017191749505458
2018;0210034Y;Bourgogne-Franche-Comté;27;Côte-d'Or;Dijon;07;21;Montbard;21425;LOUIS PASTEUR;REP;47.634684345909704;4.342102481857795;47.634684345909704, 4.342102481857795
2018;0260029R;Auvergne-Rhône-Alpes;84;Drôme;Grenoble;08;26;Saint-Rambert-d'Albon;26325;FERNAND BERTHON;REP;45.291770635159686;4.817747218823353;45.291770635159686, 4.817747218823353
2015;0261086P;Auvergne-Rhône-Alpes;84;Drôme;Grenoble;08;26;Montélimar;26198;EUROPA;REP;44.55758859315047;4.7213033316858635;44.55758859315047, 4.7213033316858635
2016;0271398Y;Normandie;28;Eure;Rouen;21;27;Louviers;27375;LES FOUGERES;REP;49.21189789214124;1.1537173898769217;49.21189789214124, 1.1537173898769217
2017;0301012M;Occitanie;76;Gard;Montpellier;11;30;La Grand-Combe;30132;LEO LARGUIER;REP;44.21013920279187;4.030355507116725;44.21013920279187, 4.030355507116725
2019;0332285E;Nouvelle-Aquitaine;75;Gironde;Bordeaux;04;33;Bordeaux;33063;JACQUES ELLUL;REP;44.84460328448234;-0.5419703408667669;44.84460328448234, -0.5419703408667669
2017;0341066Z;Occitanie;76;Hérault;Montpellier;11;34;Béziers;34032;JEAN PERRIN;REP;43.343281958277856;3.2393222329882696;43.343281958277856, 3.2393222329882696
2017;0421852K;Auvergne-Rhône-Alpes;84;Loire;Lyon;10;42;Mably;42127;LOUIS ARAGON;REP;46.081430408142595;4.0733649377455485;46.081430408142595, 4.0733649377455485
2014;0440309X;Pays de la Loire;52;Loire-Atlantique;Nantes;17;44;Nantes;44109;ROSA PARKS;REP+;47.23090407177339;-1.5917089409660616;47.23090407177339, -1.5917089409660616
2017;0440536U;Pays de la Loire;52;Loire-Atlantique;Nantes;17;44;Nantes;44109;SOPHIE GERMAIN;REP+;47.214925766511755;-1.5361600679820884;47.214925766511755, -1.5361600679820884
2018;0490060Z;Pays de la Loire;52;Maine-et-Loire;Nantes;17;49;Angers;49007;JEAN LURCAT;REP+;47.48848486145077;-0.526861448498342;47.48848486145077, -0.526861448498342
2016;0520822L;Grand Est;44;Haute-Marne;Reims;19;52;Joinville;52250;CRESSOT;REP;48.4417157960928;5.153097596469146;48.4417157960928, 5.153097596469146
2019;0540088C;Grand Est;44;Meurthe-et-Moselle;Nancy-Metz;12;54;Mont-Saint-Martin;54382;ANATOLE FRANCE;REP;49.54470948030997;5.790352318724787;49.54470948030997, 5.790352318724787
2018;0541469D;Grand Est;44;Meurthe-et-Moselle;Nancy-Metz;12;54;Laxou;54304;LA FONTAINE;REP+;48.69846278531934;6.134792562369573;48.69846278531934, 6.134792562369573
2015;0541471F;Grand Est;44;Meurthe-et-Moselle;Nancy-Metz;12;54;Joeuf;54280;MAURICE BARRES;REP;49.231297312517356;6.017072613423467;49.231297312517356, 6.017072613423467
2017;0572493A;Grand Est;44;Moselle;Nancy-Metz;12;57;Petite-Rosselle;57537;LOUIS ARMAND;REP;49.20993548164225;6.850061765488757;49.20993548164225, 6.850061765488757
2014;0572579U;Grand Est;44;Moselle;Nancy-Metz;12;57;Woippy;57751;JULES FERRY;REP+;49.148211624936835;6.168932695830691;49.148211624936835, 6.168932695830691
2016;0580542Z;Bourgogne-Franche-Comté;27;Nièvre;Dijon;07;58;Nevers;58194;LES LOGES;REP;46.98487234735318;3.1325588706878866;46.98487234735318, 3.1325588706878866
2017;0601297J;Hauts-de-France;32;Oise;Amiens;20;60;Noyon;60471;LOUIS PASTEUR;REP;49.58549250764419;3.015309560553724;49.58549250764419, 3.015309560553724
2018;0611026J;Normandie;28;Orne;Caen;05;61;Alençon;61001;LOUISE MICHEL;REP+;48.41269321117825;0.09501263047424259;48.41269321117825, 0.09501263047424259
2016;0671691Z;Grand Est;44;Bas-Rhin;Strasbourg;15;67;Strasbourg;67482;STOCKFELD;REP;48.53822962103565;7.763942488940324;48.53822962103565, 7.763942488940324
2019;0691664J;Auvergne-Rhône-Alpes;84;Rhône;Lyon;10;69;Villeurbanne;69266;JEAN JAURES;REP;45.75683997114565;4.883419686521346;45.75683997114565, 4.883419686521346
2017;0700010F;Bourgogne-Franche-Comté;27;Haute-Saône;Besançon;03;70;Gray;70279;ROME DE L'ISLE;REP;47.43408584446282;5.591295944352352;47.43408584446282, 5.591295944352352
2018;0700010F;Bourgogne-Franche-Comté;27;Haute-Saône;Besançon;03;70;Gray;70279;ROME DE L'ISLE;REP;47.43408584446282;5.591295944352352;47.43408584446282, 5.591295944352352
2016;0741139L;Auvergne-Rhône-Alpes;84;Haute-Savoie;Grenoble;08;74;Scionzier;74264;JEAN JACQUES GALLAY;REP;46.06842108335853;6.5382277639335395;46.06842108335853, 6.5382277639335395
2019;0741139L;Auvergne-Rhône-Alpes;84;Haute-Savoie;Grenoble;08;74;Scionzier;74264;JEAN JACQUES GALLAY;REP;46.06842108335853;6.5382277639335395;46.06842108335853, 6.5382277639335395
2015;0760026R;Normandie;28;Seine-Maritime;Rouen;21;76;Dieppe;76217;CLAUDE DELVINCOURT;REP;49.90711519029852;1.068356388364917;49.90711519029852, 1.068356388364917
2018;0761781Y;Normandie;28;Seine-Maritime;Rouen;21;76;Le Havre;76351;JEAN MOULIN;REP;49.51327104019697;0.12233513421113726;49.51327104019697, 0.12233513421113726
2017;0762080Y;Normandie;28;Seine-Maritime;Rouen;21;76;Grand-Couronne;76319;HENRI MATISSE;REP;49.35028153464623;1.0011191422067272;49.35028153464623, 1.0011191422067272
2016;0762089H;Normandie;28;Seine-Maritime;Rouen;21;76;Canteleu;76157;CHARLES GOUNOD;REP;49.45443411486617;1.0324560741068125;49.45443411486617, 1.0324560741068125
2017;0762089H;Normandie;28;Seine-Maritime;Rouen;21;76;Canteleu;76157;CHARLES GOUNOD;REP;49.45443411486617;1.0324560741068125;49.45443411486617, 1.0324560741068125
2016;0762132E;Normandie;28;Seine-Maritime;Rouen;21;76;Saint-Etienne-du-Rouvray;76575;ROBESPIERRE;REP+;49.39654910603693;1.067786265207497;49.39654910603693, 1.067786265207497
2019;0770019C;Ile-de-France;11;Seine-et-Marne;Créteil;24;77;Dammarie-les-Lys;77152;ROBERT DOISNEAU;REP;48.51906187319006;2.645716399210894;48.51906187319006, 2.645716399210894
2016;0771070V;Ile-de-France;11;Seine-et-Marne;Créteil;24;77;Melun;77288;FREDERIC CHOPIN;REP;48.55243324813736;2.6408622210764015;48.55243324813736, 2.6408622210764015
2017;0771172F;Ile-de-France;11;Seine-et-Marne;Créteil;24;77;Meaux;77284;ALBERT CAMUS;REP+;48.947678338570476;2.9090223532539734;48.947678338570476, 2.9090223532539734
2015;0790027A;Nouvelle-Aquitaine;75;Deux-Sèvres;Poitiers;13;79;Niort;79191;JEAN ZAY;REP;46.31778241401246;-0.4777261248915116;46.31778241401246, -0.4777261248915116
2019;0840051Z;Provence-Alpes-Côte d'Azur;93;Vaucluse;Aix-Marseille;02;84;Avignon;84007;JEAN BRUNET;REP+;43.94730404454069;4.839435972321937;43.94730404454069, 4.839435972321937
2017;0941015T;Ile-de-France;11;Val-de-Marne;Créteil;24;94;Champigny-sur-Marne;94017;WILLY RONIS;REP;48.825481863315396;2.522608593185134;48.825481863315396, 2.522608593185134
2015;0941092B;Ile-de-France;11;Val-de-Marne;Créteil;24;94;Champigny-sur-Marne;94017;ELSA TRIOLET;REP+;48.80386987137369;2.550655155565295;48.80386987137369, 2.550655155565295
2018;7200012A;Corse;94;Haute-Corse;Corse;27;2B;Bastia;2B033;SAINT-JOSEPH;REP+;42.68975143638491;9.446075294377218;42.68975143638491, 9.446075294377218
2015;9710032H;Guadeloupe;01;Guadeloupe;Guadeloupe;32;971;Capesterre-de-Marie-Galante;97108;NELSON MANDELA;REP;15.893081147335705;-61.221971918068895;15.893081147335705, -61.221971918068895
2019;9710041T;Guadeloupe;01;Guadeloupe;Guadeloupe;32;971;Baillif;97104;JEAN JAURES ( JEAN JAURES);REP+;16.01802026178037;-61.7440780236232;16.01802026178037, -61.7440780236232
2019;9720016K;Martinique;02;Martinique;Martinique;31;972;Le Morne-Rouge;97218;CHRISTIANE EDA-PIERRE;REP;14.772528165922022;-61.13435418440334;14.772528165922022, -61.13435418440334
2019;9720412R;Martinique;02;Martinique;Martinique;31;972;Fort-de-France;97209;FERNAND DONATIEN (DILLON1);REP;14.607765650070418;-61.045149684746704;14.607765650070418, -61.045149684746704
2016;9730218Z;Guyane;03;Guyane;Guyane;33;973;Matoury;97307;LISE OPHION;REP+;4.889986953284008;-52.34284231738637;4.889986953284008, -52.34284231738637
2016;9730348R;Guyane;03;Guyane;Guyane;33;973;Saint-Laurent-du-Maroni;97311;LEODATE VOLMAR;REP+;5.482568479589605;-54.03874387598244;5.482568479589605, -54.03874387598244
2019;9740035V;La Réunion;04;La Réunion;La Réunion;28;974;Saint-Paul;97415;CELIMENE GAUDIEUX;REP+;-21.083910692542105;55.268093917686514;-21.083910692542105, 55.268093917686514
2016;9740037X;La Réunion;04;La Réunion;La Réunion;28;974;La Plaine-des-Palmistes;97406;GASTON CROCHET;REP;-21.137251329103904;55.627256812899724;-21.137251329103904, 55.627256812899724
2017;9740096L;La Réunion;04;La Réunion;La Réunion;28;974;Cilaos;97424;ALSACE CORRE;REP;-21.134631473721967;55.47329595269721;-21.134631473721967, 55.47329595269721
2016;9740576H;La Réunion;04;La Réunion;La Réunion;28;974;Saint-Pierre;97416;LES TAMARINS;REP+;-21.337413045429642;55.476615280343914;-21.337413045429642, 55.476615280343914
2019;9740598G;La Réunion;04;La Réunion;La Réunion;28;974;Saint-André;97409;MILLE ROCHES;REP+;-20.969811086466393;55.65037429212305;-20.969811086466393, 55.65037429212305
2015;9740599H;La Réunion;04;La Réunion;La Réunion;28;974;Saint-André;97409;JOSEPH BEDIER;REP;-20.95768851859893;55.64865098673106;-20.95768851859893, 55.64865098673106
2019;9760094Y;Mayotte;06;Mayotte;Mayotte;43;976;Bandraboua;97602;BAKARI KUSU;REP;-12.71860722083926;45.109735152264555;-12.71860722083926, 45.109735152264555
2016;9760162X;Mayotte;06;Mayotte;Mayotte;43;976;Mamoudzou;97611;DE KAWENI 1;REP+;-12.780679987606566;45.23170455144827;-12.780679987606566, 45.23170455144827
2016;9760230W;Mayotte;06;Mayotte;Mayotte;43;976;Mtsamboro;97612;DE MTSAMBORO;REP+;-12.685719968279543;45.07615387544766;-12.685719968279543, 45.07615387544766
2018;9760368W;Mayotte;06;Mayotte;Mayotte;43;976;Mamoudzou;97611;DE KWALE;REP;-12.807939293185237;45.201122611733304;-12.807939293185237, 45.201122611733304
2019;0691669P;Auvergne-Rhône-Alpes;84;Rhône;Lyon;10;69;Lyon 8e  Arrondissement;69388;VICTOR GRIGNARD;REP;45.72483542490782;4.882624068636099;45.72483542490782, 4.882624068636099
2016;0692703N;Auvergne-Rhône-Alpes;84;Rhône;Lyon;10;69;Lyon 9e  Arrondissement;69389;JEAN DE VERRAZANE;REP;45.77380400957952;4.8045964124717155;45.77380400957952, 4.8045964124717155
2015;0622907Y;Hauts-de-France;32;Pas-de-Calais;Lille;09;62;Saint-Omer;62765;DE LA MORINIE;REP+;50.7477357425642;2.26844856344591;50.7477357425642, 2.26844856344591
2019;0291087Z;Bretagne;53;Finistère;Rennes;14;29;Quimper;29232;MAX JACOB;REP;47.98751825049506;-4.131380514595773;47.98751825049506, -4.131380514595773
2014;0350963G;Bretagne;53;Ille-et-Vilaine;Rennes;14;35;Rennes;35238;DES HAUTES OURMES;REP+;48.08946760007525;-1.64941146931163;48.08946760007525, -1.64941146931163
2019;0560071Y;Bretagne;53;Morbihan;Rennes;14;56;Lorient;56121;JEAN LE COUTALLER;REP;47.762890451665484;-3.380117358648323;47.762890451665484, -3.380117358648323
2016;0280924C;Centre-Val de Loire;24;Eure-et-Loir;Orléans-Tours;18;28;Nogent-le-Rotrou;28280;PIERRE BROSSOLETTE;REP;48.324188698636085;0.7992509438265312;48.324188698636085, 0.7992509438265312
2015;0380065P;Auvergne-Rhône-Alpes;84;Isère;Grenoble;08;38;Saint-Martin-d'Hères;38421;HENRI WALLON;REP;45.17553965675825;5.764599912225057;45.17553965675825, 5.764599912225057
2019;0810126X;Occitanie;76;Tarn;Toulouse;16;81;Mazamet;81163;JEAN-LOUIS ETIENNE;REP;43.5050146298112;2.382168508451101;43.5050146298112, 2.382168508451101
2018;0421486M;Auvergne-Rhône-Alpes;84;Loire;Lyon;10;42;Saint-Chamond;42207;PIERRE JOANNON;REP;45.463128735495296;4.509869703970299;45.463128735495296, 4.509869703970299
2016;0751707Y;Ile-de-France;11;Paris;Paris;01;75;Paris 19e  Arrondissement;75119;EDOUARD PAILLERON;REP;48.88124786463433;2.37869142490499;48.88124786463433, 2.37869142490499
2015;0753939Z;Ile-de-France;11;Paris;Paris;01;75;Paris 20e  Arrondissement;75120;JEAN PERRIN;REP;48.856849443620476;2.4111884491790505;48.856849443620476, 2.4111884491790505
2018;0810127Y;Occitanie;76;Tarn;Toulouse;16;81;Mazamet;81163;MARCEL PAGNOL;REP;43.49232759938056;2.368581115529193;43.49232759938056, 2.368581115529193
2015;0511254L;Grand Est;44;Marne;Reims;19;51;Reims;51454;FRANCOIS LEGROS;REP;49.236645796922964;4.011475373896371;49.236645796922964, 4.011475373896371
2015;0670105A;Grand Est;44;Bas-Rhin;Strasbourg;15;67;Strasbourg;67482;LEZAY MARNESIA;REP+;48.54835318372379;7.74594502892675;48.54835318372379, 7.74594502892675
2019;0761704P;Normandie;28;Seine-Maritime;Rouen;21;76;Fécamp;76259;JULES FERRY;REP;49.755461078651145;0.38232728158670715;49.755461078651145, 0.38232728158670715
2017;9740027L;La Réunion;04;La Réunion;La Réunion;28;974;Saint-Pierre;97416;RAVINE DES CABRIS;REP;-21.28709280736552;55.46196888765782;-21.28709280736552, 55.46196888765782
2015;0940749D;Ile-de-France;11;Val-de-Marne;Créteil;24;94;Villeneuve-Saint-Georges;94078;ROLAND GARROS;REP;48.75220891136596;2.4501575068370314;48.75220891136596, 2.4501575068370314
2017;0050452P;Provence-Alpes-Côte d'Azur;93;Hautes-Alpes;Aix-Marseille;02;05;Laragne-Montéglin;05070;HAUTS DE PLAINE (LES);REP;44.31978591392614;5.821638502366248;44.31978591392614, 5.821638502366248
2019;0060799L;Provence-Alpes-Côte d'Azur;93;Alpes-Maritimes;Nice;23;06;Cannes;06029;LES MURIERS;REP;43.55229699285158;6.966836626503489;43.55229699285158, 6.966836626503489
2015;0061001F;Provence-Alpes-Côte d'Azur;93;Alpes-Maritimes;Nice;23;06;Nice;06088;NUCERA LOUIS;REP+;43.723616833422604;7.289075797273389;43.723616833422604, 7.289075797273389
2019;0261091V;Auvergne-Rhône-Alpes;84;Drôme;Grenoble;08;26;Romans-sur-Isère;26281;ALBERT TRIBOULET;REP;45.04522509946785;5.056999384307703;45.04522509946785, 5.056999384307703
2015;0271104D;Normandie;28;Eure;Rouen;21;27;Evreux;27229;HENRI DUNANT;REP;49.02970612580809;1.1743432715053135;49.02970612580809, 1.1743432715053135
2017;0271513Y;Normandie;28;Eure;Rouen;21;27;Val-de-Reuil;27701;PIERRE MENDES-FRANCE;REP;49.2731084614969;1.2178103849369835;49.2731084614969, 1.2178103849369835
2018;0300062E;Occitanie;76;Gard;Montpellier;11;30;Nîmes;30189;CAPOUCHINE;REP;43.82248252069544;4.356961233237671;43.82248252069544, 4.356961233237671
2017;0320584L;Occitanie;76;Gers;Toulouse;16;32;Auch;32013;MARIE SK ODOWSKA-CURIE (D'ARTAGNAN);REP;43.635972233297586;0.596960331102503;43.635972233297586, 0.596960331102503
2018;0332189A;Nouvelle-Aquitaine;75;Gironde;Bordeaux;04;33;Floirac;33167;NELSON MANDELA;REP;44.83884912390976;-0.5334017954116679;44.83884912390976, -0.5334017954116679
2016;0340955D;Occitanie;76;Hérault;Montpellier;11;34;Montpellier;34172;SIMONE VEIL (LAS CAZES);REP+;43.618040388401624;3.847926083825106;43.618040388401624, 3.847926083825106
2018;0660012E;Occitanie;76;Pyrénées-Orientales;Montpellier;11;66;Perpignan;66136;JOSEPH SEBASTIEN PONS;REP+;42.71974142892545;2.8917514513546663;42.71974142892545, 2.8917514513546663
2019;0670065G;Grand Est;44;Bas-Rhin;Strasbourg;15;67;Schiltigheim;67447;LECLERC;REP;48.60901321848323;7.731105515288078;48.60901321848323, 7.731105515288078
2018;0671691Z;Grand Est;44;Bas-Rhin;Strasbourg;15;67;Strasbourg;67482;STOCKFELD;REP;48.53822962103565;7.763942488940324;48.53822962103565, 7.763942488940324
2017;0681127F;Grand Est;44;Haut-Rhin;Strasbourg;15;68;Mulhouse;68224;BOURTZWILLER;REP+;47.77571580591898;7.332873619439134;47.77571580591898, 7.332873619439134
2017;0681395X;Grand Est;44;Haut-Rhin;Strasbourg;15;68;Mulhouse;68224;FRANCOIS VILLON;REP+;47.7515702700849;7.311868560445728;47.7515702700849, 7.311868560445728
2016;0720885W;Pays de la Loire;52;Sarthe;Nantes;17;72;Le Mans;72181;LE RONCERAY;REP+;47.968636973522486;0.20992591135461458;47.968636973522486, 0.20992591135461458
2017;0720987G;Pays de la Loire;52;Sarthe;Nantes;17;72;Le Mans;72181;COSTA-GAVRAS;REP+;47.99418377976128;0.23195274165646437;47.99418377976128, 0.23195274165646437
2017;0720989J;Pays de la Loire;52;Sarthe;Nantes;17;72;Sablé-sur-Sarthe;72264;SIMONE VEIL (ANJOU);REP;47.831908957860804;-0.3224954408770168;47.831908957860804, -0.3224954408770168
2015;0730904L;Auvergne-Rhône-Alpes;84;Savoie;Grenoble;08;73;Albertville;73011;COMBE DE SAVOIE;REP;45.665984194235634;6.3715972519623705;45.665984194235634, 6.3715972519623705
2017;0730904L;Auvergne-Rhône-Alpes;84;Savoie;Grenoble;08;73;Albertville;73011;COMBE DE SAVOIE;REP;45.665984194235634;6.3715972519623705;45.665984194235634, 6.3715972519623705
2016;0760100W;Normandie;28;Seine-Maritime;Rouen;21;76;Rouen;76540;BOIELDIEU;REP+;49.458343592360514;1.1329414071576054;49.458343592360514, 1.1329414071576054
2015;0761647C;Normandie;28;Seine-Maritime;Rouen;21;76;Saint-Etienne-du-Rouvray;76575;PAUL ELUARD;REP;49.390803287807294;1.1003915511788311;49.390803287807294, 1.1003915511788311
2019;0761697G;Normandie;28;Seine-Maritime;Rouen;21;76;Le Havre;76351;CLAUDE BERNARD;REP;49.51790170463411;0.10515033243260277;49.51790170463411, 0.10515033243260277
2019;0761698H;Normandie;28;Seine-Maritime;Rouen;21;76;Le Havre;76351;GERARD PHILIPE;REP;49.496910107205935;0.13827363002900778;49.496910107205935, 0.13827363002900778
2016;0761737A;Normandie;28;Seine-Maritime;Rouen;21;76;Le Petit-Quevilly;76498;DENIS DIDEROT;REP;49.42158540796852;1.0586284827858308;49.42158540796852, 1.0586284827858308
2019;0761949F;Normandie;28;Seine-Maritime;Rouen;21;76;Le Petit-Quevilly;76498;FERNAND LEGER;REP;49.42858130082447;1.0649233061333692;49.42858130082447, 1.0649233061333692
2017;0761954L;Normandie;28;Seine-Maritime;Rouen;21;76;Gonfreville-l'Orcher;76305;GUSTAVE COURBET;REP;49.507302017213476;0.23305471421860752;49.507302017213476, 0.23305471421860752
2018;0762459K;Normandie;28;Seine-Maritime;Rouen;21;76;Elbeuf;76231;NELSON MANDELA;REP+;49.2815418565957;1.0070565223231869;49.2815418565957, 1.0070565223231869
2015;0770019C;Ile-de-France;11;Seine-et-Marne;Créteil;24;77;Dammarie-les-Lys;77152;ROBERT DOISNEAU;REP;48.51906187319006;2.645716399210894;48.51906187319006, 2.645716399210894
2019;0770033T;Ile-de-France;11;Seine-et-Marne;Créteil;24;77;Melun;77288;LES CAPUCINS;REP+;48.552090058093846;2.661565970793356;48.552090058093846, 2.661565970793356
2016;0931144N;Ile-de-France;11;Seine-Saint-Denis;Créteil;24;93;Saint-Ouen-sur-Seine;93070;MICHELET;REP;48.904489198600174;2.3462929511105863;48.904489198600174, 2.3462929511105863
2015;0931190N;Ile-de-France;11;Seine-Saint-Denis;Créteil;24;93;Sevran;93071;EVARISTE GALOIS;REP+;48.944038020987506;2.5204706538929478;48.944038020987506, 2.5204706538929478
2015;0931204D;Ile-de-France;11;Seine-Saint-Denis;Créteil;24;93;Le Blanc-Mesnil;93007;MARCEL CACHIN;REP;48.9243323624784;2.466264005139547;48.9243323624784, 2.466264005139547
2015;0931207G;Ile-de-France;11;Seine-Saint-Denis;Créteil;24;93;Epinay-sur-Seine;93031;EVARISTE GALOIS;REP;48.95057657431454;2.320167067619104;48.95057657431454, 2.320167067619104
2017;0931211L;Ile-de-France;11;Seine-Saint-Denis;Créteil;24;93;Montreuil;93048;MARAIS DE VILLIERS;REP;48.869498945464485;2.4337996250056544;48.869498945464485, 2.4337996250056544
2016;0931216S;Ile-de-France;11;Seine-Saint-Denis;Créteil;24;93;Pantin;93055;JEAN JAURES;REP+;48.915478477507996;2.411462515764594;48.915478477507996, 2.411462515764594
2019;0931220W;Ile-de-France;11;Seine-Saint-Denis;Créteil;24;93;Bagnolet;93006;TRAVAIL LANGEVIN;REP;48.87519110272875;2.4240575533915782;48.87519110272875, 2.4240575533915782
2015;0941478W;Ile-de-France;11;Val-de-Marne;Créteil;24;94;Boissy-Saint-Léger;94004;BLAISE CENDRARS;REP;48.74839234636122;2.5091154586194677;48.74839234636122, 2.5091154586194677
2019;7200012A;Corse;94;Haute-Corse;Corse;27;2B;Bastia;2B033;SAINT-JOSEPH;REP+;42.68975143638491;9.446075294377218;42.68975143638491, 9.446075294377218
2017;9710406P;Guadeloupe;01;Guadeloupe;Guadeloupe;32;971;Capesterre-Belle-Eau;97107;GERMAIN SAINT-RUF;REP;16.05083977821544;-61.56215411925296;16.05083977821544, -61.56215411925296
2019;9720007A;Martinique;02;Martinique;Martinique;31;972;Fort-de-France;97209;AIME CESAIRE DE FORT-DE-FRANCE;REP+;14.611496649837498;-61.071914909301285;14.611496649837498, -61.071914909301285
2019;9720083H;Martinique;02;Martinique;Martinique;31;972;Le Lamentin;97213;PETIT MANOIR;REP;14.613349961691995;-60.998551035046624;14.613349961691995, -60.998551035046624
2015;9720447D;Martinique;02;Martinique;Martinique;31;972;Le Marin;97217;GERARD CAFE;REP;14.471266294635074;-60.862968514055495;14.471266294635074, -60.862968514055495
2019;9730192W;Guyane;03;Guyane;Guyane;33;973;Mana;97306;LEO OTHILY;REP+;5.671095326127401;-53.779319137273006;5.671095326127401, -53.779319137273006
2015;9730348R;Guyane;03;Guyane;Guyane;33;973;Saint-Laurent-du-Maroni;97311;LEODATE VOLMAR;REP+;5.482568479589605;-54.03874387598244;5.482568479589605, -54.03874387598244
2018;9740576H;La Réunion;04;La Réunion;La Réunion;28;974;Saint-Pierre;97416;LES TAMARINS;REP+;-21.337413045429642;55.476615280343914;-21.337413045429642, 55.476615280343914
2017;9741047V;La Réunion;04;La Réunion;La Réunion;28;974;Saint-Joseph;97412;LA MARINE;REP;-21.376096444884944;55.6671178093607;-21.376096444884944, 55.6671178093607
2016;9840332N;TOM et Collectivités territoriales;00;Polynésie Française;Polynésie Française;41;987;Rangiroa;98740;DE RANGIROA;REP+;;;
2017;0692340U;Auvergne-Rhône-Alpes;84;Rhône;Lyon;10;69;Lyon 8e  Arrondissement;69388;HENRI LONGCHAMBON;REP+;45.72632303906099;4.8744875515093415;45.72632303906099, 4.8744875515093415
2018;0692703N;Auvergne-Rhône-Alpes;84;Rhône;Lyon;10;69;Lyon 9e  Arrondissement;69389;JEAN DE VERRAZANE;REP;45.77380400957952;4.8045964124717155;45.77380400957952, 4.8045964124717155
2017;0860876K;Nouvelle-Aquitaine;75;Vienne;Poitiers;13;86;Châtellerault;86066;GEORGE SAND;REP+;46.80522819603858;0.5476560930490292;46.80522819603858, 0.5476560930490292
2018;9730483M;Guyane;03;Guyane;Guyane;33;973;Kourou;97304;JOSEPH HO TEN YOU;REP+;5.158375788005646;-52.64275224461112;5.158375788005646, -52.64275224461112
2017;0921631Y;Ile-de-France;11;Hauts-de-Seine;Versailles;25;92;Bagneux;92007;HENRI BARBUSSE;REP;48.7964575392585;2.31779890558426;48.7964575392585, 2.31779890558426
2017;0691793Z;Auvergne-Rhône-Alpes;84;Rhône;Lyon;10;69;Vaulx-en-Velin;69256;JACQUES DUCLOS;REP+;45.755099015967275;4.923594655598949;45.755099015967275, 4.923594655598949
2016;0311718Z;Occitanie;76;Haute-Garonne;Toulouse;16;31;Toulouse;31555;NICOLAS VAUQUELIN;REP;43.58260086861771;1.4012136416218584;43.58260086861771, 1.4012136416218584
2017;0311718Z;Occitanie;76;Haute-Garonne;Toulouse;16;31;Toulouse;31555;NICOLAS VAUQUELIN;REP;43.58260086861771;1.4012136416218584;43.58260086861771, 1.4012136416218584
2017;0380050Y;Auvergne-Rhône-Alpes;84;Isère;Grenoble;08;38;Roussillon;38344;DE L'EDIT;REP;45.368354962382234;4.802908041675792;45.368354962382234, 4.802908041675792
2016;0650034J;Occitanie;76;Hautes-Pyrénées;Toulouse;16;65;Tarbes;65440;PAUL ELUARD;REP;43.243534972159864;0.0582513971968151;43.243534972159864, 0.0582513971968151
2017;0820017Y;Occitanie;76;Tarn-et-Garonne;Toulouse;16;82;Moissac;82112;FRANCOIS MITTERRAND;REP;44.1028627464127;1.0912714615717178;44.1028627464127, 1.0912714615717178
2018;0311321T;Occitanie;76;Haute-Garonne;Toulouse;16;31;Toulouse;31555;RAYMOND BADIOU;REP+;43.56977422961038;1.4075291473092462;43.56977422961038, 1.4075291473092462
2015;0421486M;Auvergne-Rhône-Alpes;84;Loire;Lyon;10;42;Saint-Chamond;42207;PIERRE JOANNON;REP;45.463128735495296;4.509869703970299;45.463128735495296, 4.509869703970299
2016;0601524F;Hauts-de-France;32;Oise;Amiens;20;60;Compiègne;60159;ANDRE MALRAUX;REP+;49.39849707216046;2.795551223185853;49.39849707216046, 2.795551223185853
2018;0281060A;Centre-Val de Loire;24;Eure-et-Loir;Orléans-Tours;18;28;Dreux;28134;MARTIAL TAUGOURDEAU;REP;48.742402080351326;1.3991012716551992;48.742402080351326, 1.3991012716551992
2018;0370766G;Centre-Val de Loire;24;Indre-et-Loire;Orléans-Tours;18;37;Saint-Pierre-des-Corps;37233;JACQUES DECOUR;REP+;47.39415854305077;0.7222934821433079;47.39415854305077, 0.7222934821433079
2017;0451070U;Centre-Val de Loire;24;Loiret;Orléans-Tours;18;45;Orléans;45234;MONTESQUIEU;REP;47.833157346585494;1.9364235104271923;47.833157346585494, 1.9364235104271923
2019;0271286B;Normandie;28;Eure;Rouen;21;27;Val-de-Reuil;27701;ALPHONSE ALLAIS;REP+;49.27441537372215;1.2126090888503258;49.27441537372215, 1.2126090888503258
2018;0931143M;Ile-de-France;11;Seine-Saint-Denis;Créteil;24;93;Saint-Ouen-sur-Seine;93070;JEAN JAURES;REP;48.910874237875625;2.3353320313295063;48.910874237875625, 2.3353320313295063
2018;0941042X;Ile-de-France;11;Val-de-Marne;Créteil;24;94;Orly;94054;DORVAL;REP;48.74391539369027;2.3970831856294303;48.74391539369027, 2.3970831856294303
2018;0780420H;Ile-de-France;11;Yvelines;Versailles;25;78;Plaisir;78490;BLAISE PASCAL;REP;48.82476506766831;1.949271628984812;48.82476506766831, 1.949271628984812
2016;0781986K;Ile-de-France;11;Yvelines;Versailles;25;78;Chanteloup-les-Vignes;78138;MAGELLAN;REP;48.97079208097478;2.0322546203334193;48.97079208097478, 2.0322546203334193
2017;0910056S;Ile-de-France;11;Essonne;Versailles;25;91;Viry-Châtillon;91687;OLIVIER DE SERRES;REP;48.65643875494793;2.3685082299338918;48.65643875494793, 2.3685082299338918
2018;0911334F;Ile-de-France;11;Essonne;Versailles;25;91;Les Ulis;91692;AIME CESAIRE;REP;48.68261773835202;2.1631089406648067;48.68261773835202, 2.1631089406648067
2019;0911402E;Ile-de-France;11;Essonne;Versailles;25;91;Etampes;91223;DE GUINETTE;REP;48.43661602297895;2.144665889682547;48.43661602297895, 2.144665889682547
2015;0911729K;Ile-de-France;11;Essonne;Versailles;25;91;Evry-Courcouronnes;91228;LES PYRAMIDES;REP+;48.63442827843204;2.431692112699378;48.63442827843204, 2.431692112699378
2019;0920592U;Ile-de-France;11;Hauts-de-Seine;Versailles;25;92;Colombes;92025;MOULIN JOLY;REP;48.92818035945525;2.2431414753562584;48.92818035945525, 2.2431414753562584
2017;0950026M;Ile-de-France;11;Val-d'Oise;Versailles;25;95;Goussainville;95280;MAXIMILIEN DE ROBESPIERRE;REP;49.03241256335687;2.454761114690216;49.03241256335687, 2.454761114690216
2017;0950723V;Ile-de-France;11;Val-d'Oise;Versailles;25;95;Sarcelles;95585;JEAN LURCAT;REP+;48.97494224382957;2.379570051801814;48.97494224382957, 2.379570051801814
2019;0951195H;Ile-de-France;11;Val-d'Oise;Versailles;25;95;Saint-Ouen-l'Aumône;95572;MARCEL PAGNOL;REP;49.03412711777583;2.1148501733564222;49.03412711777583, 2.1148501733564222
2016;0951196J;Ile-de-France;11;Val-d'Oise;Versailles;25;95;Sarcelles;95585;VOLTAIRE;REP;48.99743440642606;2.3711700636073902;48.99743440642606, 2.3711700636073902
2019;0951230W;Ile-de-France;11;Val-d'Oise;Versailles;25;95;Argenteuil;95018;EUGENIE COTTON;REP;48.946068715271174;2.2300801674078983;48.946068715271174, 2.2300801674078983
2016;0951800R;Ile-de-France;11;Val-d'Oise;Versailles;25;95;Montigny-lès-Cormeilles;95424;LOUIS ARAGON;REP;48.995034608465424;2.203997643313393;48.995034608465424, 2.203997643313393
2019;0951800R;Ile-de-France;11;Val-d'Oise;Versailles;25;95;Montigny-lès-Cormeilles;95424;LOUIS ARAGON;REP;48.995034608465424;2.203997643313393;48.995034608465424, 2.203997643313393
2016;0951921X;Ile-de-France;11;Val-d'Oise;Versailles;25;95;Goussainville;95280;MICHEL DE MONTAIGNE;REP;49.02854585324489;2.454131677249793;49.02854585324489, 2.454131677249793
2018;0240106K;Nouvelle-Aquitaine;75;Dordogne;Bordeaux;04;24;Vélines;24568;OLYMPE DE GOUGES;REP;44.857853807262;0.1095966002992184;44.857853807262, 0.1095966002992184
2016;0400010U;Nouvelle-Aquitaine;75;Landes;Bordeaux;04;40;Gabarret;40102;JULES FERRY;REP;43.98527944545262;0.006111135857639554;43.98527944545262, 0.006111135857639554
2015;0470046V;Nouvelle-Aquitaine;75;Lot-et-Garonne;Bordeaux;04;47;Fumel;47106;JEAN MONNET;REP;44.498657976290374;0.958768668949156;44.498657976290374, 0.958768668949156
2017;0500068C;Normandie;28;Manche;Caen;05;50;Sainte-Mère-Eglise;50523;SAINT EXUPERY;REP;49.41078137212206;-1.3116902393289178;49.41078137212206, -1.3116902393289178
2015;0340118U;Occitanie;76;Hérault;Montpellier;11;34;Béziers;34032;HENRI IV;REP;43.34372746511243;3.2102113798398255;43.34372746511243, 3.2102113798398255
2019;0593483R;Hauts-de-France;32;Nord;Lille;09;59;Masny;59390;ROBERT DESNOS;REP;50.342317608166105;3.200689310892901;50.342317608166105, 3.200689310892901
2015;0021518P;Hauts-de-France;32;Aisne;Amiens;20;02;La Fère;02304;MARIE DE LUXEMBOURG;REP;49.66395474914851;3.364096263402182;49.66395474914851, 3.364096263402182
2017;0590031N;Hauts-de-France;32;Nord;Lille;09;59;Bruay-sur-l'Escaut;59112;JEAN MACE;REP;50.399192131331574;3.545290512818122;50.399192131331574, 3.545290512818122
2016;0590050J;Hauts-de-France;32;Nord;Lille;09;59;Condé-sur-l'Escaut;59153;JOSQUIN DES PRES;REP+;50.4584602905091;3.585310527359675;50.4584602905091, 3.585310527359675
2016;0590062X;Hauts-de-France;32;Nord;Lille;09;59;Denain;59172;VILLARS;REP;50.32275987292504;3.3952967071287046;50.32275987292504, 3.3952967071287046
2019;0590131X;Hauts-de-France;32;Nord;Lille;09;59;Lille;59350;JEAN JAURES;REP;50.640952154979885;3.010190722430137;50.640952154979885, 3.010190722430137
2016;0590151U;Hauts-de-France;32;Nord;Lille;09;59;Maubeuge;59392;ERNEST COUTELLE;REP;50.27794945604184;3.9710125709000965;50.27794945604184, 3.9710125709000965
2015;0590238N;Hauts-de-France;32;Nord;Lille;09;59;Waziers;59654;ROMAIN ROLLAND;REP;50.38602048239937;3.10799200332045;50.38602048239937, 3.10799200332045
2019;0590271Z;Hauts-de-France;32;Nord;Lille;09;59;Lille;59350;PAUL VERLAINE;REP+;50.61075822507696;3.0701328367609584;50.61075822507696, 3.0701328367609584
2016;0593252P;Hauts-de-France;32;Nord;Lille;09;59;Fourmies;59249;LEO LAGRANGE;REP;50.02108570295754;4.050693448897231;50.02108570295754, 4.050693448897231
2019;0593664M;Hauts-de-France;32;Nord;Lille;09;59;Dunkerque;59183;LUCIE AUBRAC;REP+;51.02206577461727;2.3564601592025523;51.02206577461727, 2.3564601592025523
2017;0594288R;Hauts-de-France;32;Nord;Lille;09;59;Lille;59350;LOUISE MICHEL;REP+;50.60615198573479;3.046264386888319;50.60615198573479, 3.046264386888319
2015;0594290T;Hauts-de-France;32;Nord;Lille;09;59;Ostricourt;59452;HENRI MATISSE;REP;50.45757568246098;3.026605336596045;50.45757568246098, 3.026605336596045
2016;0594293W;Hauts-de-France;32;Nord;Lille;09;59;Tourcoing;59599;ALBERT ROUSSEL;REP+;50.723101525848385;3.168441695203991;50.723101525848385, 3.168441695203991
2016;0594295Y;Hauts-de-France;32;Nord;Lille;09;59;Coudekerque-Branche;59155;DU WESTHOEK;REP;51.02981233672437;2.401471884994654;51.02981233672437, 2.401471884994654
2015;0594300D;Hauts-de-France;32;Nord;Lille;09;59;Denain;59172;BAYARD;REP+;50.336086715358014;3.3829331787295605;50.336086715358014, 3.3829331787295605
2016;0594394F;Hauts-de-France;32;Nord;Lille;09;59;Tourcoing;59599;MARIE CURIE;REP;50.71886900017118;3.1545458984294146;50.71886900017118, 3.1545458984294146
2019;0594394F;Hauts-de-France;32;Nord;Lille;09;59;Tourcoing;59599;MARIE CURIE;REP;50.71886900017118;3.1545458984294146;50.71886900017118, 3.1545458984294146
2017;0594524X;Hauts-de-France;32;Nord;Lille;09;59;Wattignies;59648;JEAN MOULIN;REP;50.59193523668529;3.0459524056141873;50.59193523668529, 3.0459524056141873
2017;0595168X;Hauts-de-France;32;Nord;Lille;09;59;Roubaix;59512;MAXENCE VAN DER MEERSCH;REP+;50.68128084233904;3.207217144531587;50.68128084233904, 3.207217144531587
2017;0595190W;Hauts-de-France;32;Nord;Lille;09;59;Douai;59178;GAYANT;REP+;50.40191279357779;3.1245508692857875;50.40191279357779, 3.1245508692857875
2018;0596860L;Hauts-de-France;32;Nord;Lille;09;59;Tourcoing;59599;LUCIE AUBRAC;REP+;50.73096722790286;3.1303902796289336;50.73096722790286, 3.1303902796289336
2016;0620068M;Hauts-de-France;32;Pas-de-Calais;Lille;09;62;Calonne-Ricouart;62194;FREDERIC JOLIOT-CURIE;REP;50.485352478435715;2.4787486346727157;50.485352478435715, 2.4787486346727157
2015;0870117E;Nouvelle-Aquitaine;75;Haute-Vienne;Limoges;22;87;Limoges;87085;ALBERT CALMETTE;REP;45.828926286928976;1.2245352814067116;45.828926286928976, 1.2245352814067116
2015;0870729V;Nouvelle-Aquitaine;75;Haute-Vienne;Limoges;22;87;Limoges;87085;PIERRE DE RONSARD;REP+;45.84982733271753;1.2696318103361464;45.84982733271753, 1.2696318103361464
2017;0870729V;Nouvelle-Aquitaine;75;Haute-Vienne;Limoges;22;87;Limoges;87085;PIERRE DE RONSARD;REP+;45.84982733271753;1.2696318103361464;45.84982733271753, 1.2696318103361464
2017;0020056A;Hauts-de-France;32;Aisne;Amiens;20;02;Saint-Quentin;02691;MARTHE LEFEVRE;REP;49.836627638685336;3.3229754140612915;49.836627638685336, 3.3229754140612915
2015;0021826Z;Hauts-de-France;32;Aisne;Amiens;20;02;Château-Thierry;02168;JEAN ROSTAND;REP;49.05871287531667;3.383813868598672;49.05871287531667, 3.383813868598672
2016;0720797A;Pays de la Loire;52;Sarthe;Nantes;17;72;Le Mans;72181;JOSEPHINE BAKER (VAUGUYON);REP+;47.97450893691801;0.22124896261441748;47.97450893691801, 0.22124896261441748
2018;0131705H;Provence-Alpes-Côte d'Azur;93;Bouches-du-Rhône;Aix-Marseille;02;13;Berre-l'Etang;13014;FERNAND LEGER;REP;43.488049494784825;5.158740692840738;43.488049494784825, 5.158740692840738
2016;0131757P;Provence-Alpes-Côte d'Azur;93;Bouches-du-Rhône;Aix-Marseille;02;13;Marseille 16e  Arrondissement;13216;ESTAQUE (L');REP;43.36302953235596;5.323538178186469;43.36302953235596, 5.323538178186469
2019;0131935H;Provence-Alpes-Côte d'Azur;93;Bouches-du-Rhône;Aix-Marseille;02;13;Marseille  3e  Arrondissement;13203;EDGAR QUINET;REP+;43.30694525124522;5.379561803755705;43.30694525124522, 5.379561803755705
2016;0271289E;Normandie;28;Eure;Rouen;21;27;Vernon;27681;CERVANTES;REP;49.07508983969381;1.4955232317693752;49.07508983969381, 1.4955232317693752
2015;0301012M;Occitanie;76;Gard;Montpellier;11;30;La Grand-Combe;30132;LEO LARGUIER;REP;44.21013920279187;4.030355507116725;44.21013920279187, 4.030355507116725
2015;0301208A;Occitanie;76;Gard;Montpellier;11;30;Beaucaire;30032;EUGENE VIGNE;REP+;43.81046616419739;4.637784042364661;43.81046616419739, 4.637784042364661
2015;0301282F;Occitanie;76;Gard;Montpellier;11;30;Beaucaire;30032;ELSA TRIOLET;REP;43.810467043086405;4.6220114256398;43.810467043086405, 4.6220114256398
2015;0331753B;Nouvelle-Aquitaine;75;Gironde;Bordeaux;04;33;Bordeaux;33063;BLANQUI;REP+;44.87392410232151;-0.5504666323294741;44.87392410232151, -0.5504666323294741
2019;0332189A;Nouvelle-Aquitaine;75;Gironde;Bordeaux;04;33;Floirac;33167;NELSON MANDELA;REP;44.83884912390976;-0.5334017954116679;44.83884912390976, -0.5334017954116679
2015;0332285E;Nouvelle-Aquitaine;75;Gironde;Bordeaux;04;33;Bordeaux;33063;JACQUES ELLUL;REP;44.84460328448234;-0.5419703408667669;44.84460328448234, -0.5419703408667669
2015;0341065Y;Occitanie;76;Hérault;Montpellier;11;34;Sète;34301;JEAN MOULIN;REP+;43.415364595237705;3.6710787993542855;43.415364595237705, 3.6710787993542855
2015;0421919H;Auvergne-Rhône-Alpes;84;Loire;Lyon;10;42;Le Chambon-Feugerolles;42044;MASSENET FOURNEYRON;REP;45.399224995410634;4.333903423571499;45.399224995410634, 4.333903423571499
2017;0711323C;Bourgogne-Franche-Comté;27;Saône-et-Loire;Dijon;07;71;Montcenis;71309;LES EPONTOTS;REP;46.78745430788005;4.418240441015353;46.78745430788005, 4.418240441015353
2015;0760050S;Normandie;28;Seine-Maritime;Rouen;21;76;Le Havre;76351;JULES VALLES;REP+;49.51192811793187;0.17755689027558227;49.51192811793187, 0.17755689027558227
2015;0761739C;Normandie;28;Seine-Maritime;Rouen;21;76;Le Havre;76351;DESCARTES;REP+;49.51941332089026;0.1088750141114374;49.51941332089026, 0.1088750141114374
2018;0761777U;Normandie;28;Seine-Maritime;Rouen;21;76;Saint-Etienne-du-Rouvray;76575;LOUISE MICHEL;REP;49.394344125935575;1.0833039510452245;49.394344125935575, 1.0833039510452245
2019;0761780X;Normandie;28;Seine-Maritime;Rouen;21;76;Rouen;76540;GEORGES BRAQUE;REP+;49.451635526235265;1.141275440727884;49.451635526235265, 1.141275440727884
2017;0762133F;Normandie;28;Seine-Maritime;Rouen;21;76;Saint-Etienne-du-Rouvray;76575;PABLO PICASSO;REP;49.37870843212924;1.10480465339136;49.37870843212924, 1.10480465339136
2018;0762226G;Normandie;28;Seine-Maritime;Rouen;21;76;Le Havre;76351;THEOPHILE GAUTIER;REP;49.513800837907546;0.09031622324052213;49.513800837907546, 0.09031622324052213
2017;0770033T;Ile-de-France;11;Seine-et-Marne;Créteil;24;77;Melun;77288;LES CAPUCINS;REP+;48.552090058093846;2.661565970793356;48.552090058093846, 2.661565970793356
2017;0771176K;Ile-de-France;11;Seine-et-Marne;Créteil;24;77;Provins;77379;JULES VERNE;REP;48.545041764496204;3.29091511419333;48.545041764496204, 3.29091511419333
2018;0771567K;Ile-de-France;11;Seine-et-Marne;Créteil;24;77;Montereau-Fault-Yonne;77305;PAUL ELUARD;REP;48.40066590235061;2.9685607084546386;48.40066590235061, 2.9685607084546386
2015;0771841H;Ile-de-France;11;Seine-et-Marne;Créteil;24;77;Noisiel;77337;LE LUZARD;REP;48.846480601359104;2.612890164548638;48.846480601359104, 2.612890164548638
2016;0860702W;Nouvelle-Aquitaine;75;Vienne;Poitiers;13;86;Châtellerault;86066;JEAN-MACE;REP;46.818018360035104;0.5220370136970669;46.818018360035104, 0.5220370136970669
2018;0930616P;Ile-de-France;11;Seine-Saint-Denis;Créteil;24;93;Clichy-sous-Bois;93014;ROMAIN ROLLAND;REP+;48.905477807692;2.5477754410179747;48.905477807692, 2.5477754410179747
2018;0930897V;Ile-de-France;11;Seine-Saint-Denis;Créteil;24;93;Sevran;93071;PAUL PAINLEVE;REP+;48.938987974425515;2.5111801328054666;48.938987974425515, 2.5111801328054666
2015;0840108L;Provence-Alpes-Côte d'Azur;93;Vaucluse;Aix-Marseille;02;84;Avignon;84007;ANSELME MATHIEU;REP+;43.93255786917063;4.816839111561336;43.93255786917063, 4.816839111561336
2019;0881101U;Grand Est;44;Vosges;Nancy-Metz;12;88;Senones;88451;ANDRE MALRAUX;REP;48.39437881987966;6.972607436662062;48.39437881987966, 6.972607436662062
2016;0890017K;Bourgogne-Franche-Comté;27;Yonne;Dijon;07;89;Migennes;89257;PAUL FOURREY;REP;47.96481702820786;3.5177534841722395;47.96481702820786, 3.5177534841722395
2017;0890024T;Bourgogne-Franche-Comté;27;Yonne;Dijon;07;89;Saint-Florentin;89345;MARCEL AYME;REP;48.00107366411931;3.7248371184034577;48.00107366411931, 3.7248371184034577
2018;0900295G;Bourgogne-Franche-Comté;27;Territoire de Belfort;Besançon;03;90;Belfort;90010;VAUBAN;REP;47.640149077176154;6.880683440327653;47.640149077176154, 6.880683440327653
2018;0931225B;Ile-de-France;11;Seine-Saint-Denis;Créteil;24;93;Stains;93072;JOLIOT CURIE;REP+;48.9565325903814;2.3853256347000116;48.9565325903814, 2.3853256347000116
2017;0691799F;Auvergne-Rhône-Alpes;84;Rhône;Lyon;10;69;Vénissieux;69259;LOUIS ARAGON;REP;45.69239330968191;4.888603394298302;45.69239330968191, 4.888603394298302
2015;0420916T;Auvergne-Rhône-Alpes;84;Loire;Lyon;10;42;Saint-Etienne;42218;PUITS DE LA LOIRE;REP;45.444862713347334;4.372745904122476;45.444862713347334, 4.372745904122476
2015;0622087G;Hauts-de-France;32;Pas-de-Calais;Lille;09;62;Mazingarbe;62563;BLAISE PASCAL;REP;50.461641880259855;2.71946421178554;50.461641880259855, 2.71946421178554
2017;0290100B;Bretagne;53;Finistère;Rennes;14;29;Brest;29019;PENN AR C'HLEUZ;REP;48.416841111397005;-4.4824385760001535;48.416841111397005, -4.4824385760001535
2016;0350734H;Bretagne;53;Ille-et-Vilaine;Rennes;14;35;Rennes;35238;LES CHALAIS;REP;48.08503447256464;-1.6798232557480084;48.08503447256464, -1.6798232557480084
2018;0090490J;Occitanie;76;Ariège;Toulouse;16;09;Lavelanet;09160;LOUIS PASTEUR;REP;42.923099607067826;1.842259562340841;42.923099607067826, 1.842259562340841
2015;0311718Z;Occitanie;76;Haute-Garonne;Toulouse;16;31;Toulouse;31555;NICOLAS VAUQUELIN;REP;43.58260086861771;1.4012136416218584;43.58260086861771, 1.4012136416218584
2019;0810125W;Occitanie;76;Tarn;Toulouse;16;81;Graulhet;81105;LOUIS PASTEUR;REP;43.76015666419012;1.982896841832042;43.76015666419012, 1.982896841832042
2016;0820017Y;Occitanie;76;Tarn-et-Garonne;Toulouse;16;82;Moissac;82112;FRANCOIS MITTERRAND;REP;44.1028627464127;1.0912714615717178;44.1028627464127, 1.0912714615717178
2017;0750478M;Ile-de-France;11;Paris;Paris;01;75;Paris 20e  Arrondissement;75120;JEAN-BAPTISTE CLEMENT;REP;48.869960452798956;2.3893750912220355;48.869960452798956, 2.3893750912220355
2017;0752198G;Ile-de-France;11;Paris;Paris;01;75;Paris 20e  Arrondissement;75120;PIERRE MENDES FRANCE;REP;48.868065878950105;2.4111584550272513;48.868065878950105, 2.4111584550272513
2015;0752606A;Ile-de-France;11;Paris;Paris;01;75;Paris 19e  Arrondissement;75119;GEORGES MELIES;REP;48.88805435292578;2.370501344034427;48.88805435292578, 2.370501344034427
2019;0752695X;Ile-de-France;11;Paris;Paris;01;75;Paris 19e  Arrondissement;75119;GUILLAUME BUDE;REP;48.8768302948285;2.396256349456825;48.8768302948285, 2.396256349456825
2016;0753046D;Ile-de-France;11;Paris;Paris;01;75;Paris 20e  Arrondissement;75120;FLORA TRISTAN;REP;48.85897795579358;2.4049587195705024;48.85897795579358, 2.4049587195705024
2019;0755095F;Ile-de-France;11;Paris;Paris;01;75;Paris 19e  Arrondissement;75119;EDGAR VARESE;REP;48.88896297617971;2.3886108311627616;48.88896297617971, 2.3886108311627616
2015;0755241P;Ile-de-France;11;Paris;Paris;01;75;Paris 20e  Arrondissement;75120;COLETTE BESSON;REP+;48.86636464907121;2.3847606110544888;48.86636464907121, 2.3847606110544888
2017;0280656L;Centre-Val de Loire;24;Eure-et-Loir;Orléans-Tours;18;28;Châteaudun;28088;TOMAS DIVI;REP;48.079107307943175;1.3507761722993146;48.079107307943175, 1.3507761722993146
2019;0351762A;Bretagne;53;Ille-et-Vilaine;Rennes;14;35;Saint-Malo;35288;LA DECOUVERTE;REP;48.63818869901566;-1.9959792885538368;48.63818869901566, -1.9959792885538368
2015;0360544W;Centre-Val de Loire;24;Indre;Orléans-Tours;18;36;Issoudun;36088;DENIS DIDEROT;REP;46.94493412226158;2.0037684192177854;46.94493412226158, 2.0037684192177854
2018;0360544W;Centre-Val de Loire;24;Indre;Orléans-Tours;18;36;Issoudun;36088;DENIS DIDEROT;REP;46.94493412226158;2.0037684192177854;46.94493412226158, 2.0037684192177854
2015;0370071B;Centre-Val de Loire;24;Indre-et-Loire;Orléans-Tours;18;37;Joué-lès-Tours;37122;LA RABIERE;REP+;47.346335402662156;0.6683218923736088;47.346335402662156, 0.6683218923736088
2015;0450939B;Centre-Val de Loire;24;Loiret;Orléans-Tours;18;45;Orléans;45234;ALAIN FOURNIER;REP;47.83242533285168;1.9304588934488824;47.83242533285168, 1.9304588934488824
2018;0670105A;Grand Est;44;Bas-Rhin;Strasbourg;15;67;Strasbourg;67482;LEZAY MARNESIA;REP+;48.54835318372379;7.74594502892675;48.54835318372379, 7.74594502892675
2016;0940003T;Ile-de-France;11;Val-de-Marne;Créteil;24;94;Créteil;94028;AMEDEE LAPLACE;REP;48.780804159789454;2.468276499660144;48.780804159789454, 2.468276499660144
2019;0940006W;Ile-de-France;11;Val-de-Marne;Créteil;24;94;Créteil;94028;ALBERT SCHWEITZER;REP;48.772986292106474;2.463996359674385;48.772986292106474, 2.463996359674385
2015;0080839U;Grand Est;44;Ardennes;Reims;19;08;Vrigne aux Bois;08491;PASTEUR;REP;49.73617305219033;4.857617380330747;49.73617305219033, 4.857617380330747
2018;0771339M;Ile-de-France;11;Seine-et-Marne;Créteil;24;77;Melun;77288;PIERRE BROSSOLETTE;REP;48.54592873477794;2.6750387874761676;48.54592873477794, 2.6750387874761676
2015;0780577D;Ile-de-France;11;Yvelines;Versailles;25;78;Sartrouville;78586;ROMAIN ROLLAND;REP;48.942830063350186;2.2011733255319017;48.942830063350186, 2.2011733255319017
2019;0780577D;Ile-de-France;11;Yvelines;Versailles;25;78;Sartrouville;78586;ROMAIN ROLLAND;REP;48.942830063350186;2.2011733255319017;48.942830063350186, 2.2011733255319017
2018;0781955B;Ile-de-France;11;Yvelines;Versailles;25;78;Mantes-la-Jolie;78361;DE GASSICOURT;REP+;49.00177548517439;1.7006107724653186;49.00177548517439, 1.7006107724653186
2014;0781977A;Ile-de-France;11;Yvelines;Versailles;25;78;Mantes-la-Jolie;78361;GEORGES CLEMENCEAU;REP+;48.99927610937402;1.6874575556683324;48.99927610937402, 1.6874575556683324
2015;0910624J;Ile-de-France;11;Essonne;Versailles;25;91;Massy;91377;BLAISE PASCAL;REP;48.733546546599314;2.2952564209461044;48.733546546599314, 2.2952564209461044
2019;0910678T;Ile-de-France;11;Essonne;Versailles;25;91;Sainte-Geneviève-des-Bois;91549;JEAN MACE;REP;48.641146927538486;2.3404266035137584;48.641146927538486, 2.3404266035137584
2018;0910971L;Ile-de-France;11;Essonne;Versailles;25;91;Viry-Châtillon;91687;LES SABLONS;REP;48.668466485032084;2.3645388015047955;48.668466485032084, 2.3645388015047955
2017;0911397Z;Ile-de-France;11;Essonne;Versailles;25;91;Epinay-sous-Sénart;91215;LA VALLEE;REP;48.70017361279572;2.5247627834095785;48.70017361279572, 2.5247627834095785
2017;0911443Z;Ile-de-France;11;Essonne;Versailles;25;91;Corbeil-Essonnes;91174;LA NACELLE;REP;48.59690724041396;2.461336712023124;48.59690724041396, 2.461336712023124
2019;0912196T;Ile-de-France;11;Essonne;Versailles;25;91;Grigny;91286;SONIA DELAUNAY;REP+;48.65298169229743;2.384100172022175;48.65298169229743, 2.384100172022175
2019;0921168V;Ile-de-France;11;Hauts-de-Seine;Versailles;25;92;Bagneux;92007;ROMAIN ROLLAND;REP;48.792019015055104;2.3005350340987216;48.792019015055104, 2.3005350340987216
2019;0921621M;Ile-de-France;11;Hauts-de-Seine;Versailles;25;92;Gennevilliers;92036;GUY MOQUET;REP+;48.934540410708635;2.287779542376342;48.934540410708635, 2.287779542376342
2015;0921940J;Ile-de-France;11;Hauts-de-Seine;Versailles;25;92;Nanterre;92050;PAUL ELUARD;REP;48.89341657186662;2.222682130375174;48.89341657186662, 2.222682130375174
2016;0950885W;Ile-de-France;11;Val-d'Oise;Versailles;25;95;Argenteuil;95018;IRENE JOLIOT-CURIE;REP;48.95734582673471;2.281378046591629;48.95734582673471, 2.281378046591629
2016;0950895G;Ile-de-France;11;Val-d'Oise;Versailles;25;95;Pontoise;95500;SIMONE VEIL (PARC AUX CHARRETTES);REP;49.04405966784812;2.0844612413354215;49.04405966784812, 2.0844612413354215
2018;0951142A;Ile-de-France;11;Val-d'Oise;Versailles;25;95;Gonesse;95277;ROBERT DOISNEAU;REP;48.99004572780334;2.4263291241581113;48.99004572780334, 2.4263291241581113
2016;0951230W;Ile-de-France;11;Val-d'Oise;Versailles;25;95;Argenteuil;95018;EUGENIE COTTON;REP;48.946068715271174;2.2300801674078983;48.946068715271174, 2.2300801674078983
2015;0951356H;Ile-de-France;11;Val-d'Oise;Versailles;25;95;Argenteuil;95018;LUCIE AUBRAC;REP;48.95359895553779;2.230860343204731;48.95359895553779, 2.230860343204731
2018;0951920W;Ile-de-France;11;Val-d'Oise;Versailles;25;95;Gonesse;95277;FRANCOIS TRUFFAUT;REP;49.00527237047365;2.4240806717234;49.00527237047365, 2.4240806717234
2019;0952036X;Ile-de-France;11;Val-d'Oise;Versailles;25;95;Garges-lès-Gonesse;95268;HENRI MATISSE;REP;48.96593088472408;2.406593247759822;48.96593088472408, 2.406593247759822
2016;0080068F;Grand Est;44;Ardennes;Reims;19;08;Charleville-Mézières;08105;ROUGET DE LISLE;REP;49.78678776569225;4.716602522892165;49.78678776569225, 4.716602522892165
2016;0141553M;Normandie;28;Calvados;Caen;05;14;Fleury-sur-Orne;14271;STEPHEN HAWKING (MARCEL PAGNOL);REP+;49.15728610302962;-0.36023049666148743;49.15728610302962, -0.36023049666148743
2016;0550758A;Grand Est;44;Meuse;Nancy-Metz;12;55;Verdun;55545;MAURICE BARRES;REP;49.152766842436904;5.405023985655487;49.152766842436904, 5.405023985655487
2017;0100009F;Grand Est;44;Aube;Reims;19;10;La Chapelle-Saint-Luc;10081;ALBERT CAMUS;REP+;48.31168861337318;4.039035289792559;48.31168861337318, 4.039035289792559
2019;0331618E;Nouvelle-Aquitaine;75;Gironde;Bordeaux;04;33;Bordeaux;33063;LEONARD LENOIR;REP;44.84153932220803;-0.5538237748046175;44.84153932220803, -0.5538237748046175
2016;0331895F;Nouvelle-Aquitaine;75;Gironde;Bordeaux;04;33;Lormont;33249;MONTAIGNE;REP+;44.87361365211743;-0.5176515046626512;44.87361365211743, -0.5176515046626512
2015;0520737U;Grand Est;44;Haute-Marne;Reims;19;52;Chaumont;52121;LA ROCHOTTE;REP;48.09040960260351;5.134955547141704;48.09040960260351, 5.134955547141704
2018;0020075W;Hauts-de-France;32;Aisne;Amiens;20;02;Hirson;02381;GEORGES COBAST;REP;49.92307135976976;4.095104935661628;49.92307135976976, 4.095104935661628
2017;0590058T;Hauts-de-France;32;Nord;Lille;09;59;Dechy;59170;PAUL LANGEVIN;REP;50.34717672056498;3.131066426019241;50.34717672056498, 3.131066426019241
2018;0590058T;Hauts-de-France;32;Nord;Lille;09;59;Dechy;59170;PAUL LANGEVIN;REP;50.34717672056498;3.131066426019241;50.34717672056498, 3.131066426019241
2015;0592714E;Hauts-de-France;32;Nord;Lille;09;59;Tourcoing;59599;MENDES-FRANCE;REP+;50.73603904171261;3.189487898174909;50.73603904171261, 3.189487898174909
2016;0592751V;Hauts-de-France;32;Nord;Lille;09;59;Escaudain;59205;FELICIEN JOLY;REP;50.33786550372361;3.357428109026394;50.33786550372361, 3.357428109026394
2018;0592751V;Hauts-de-France;32;Nord;Lille;09;59;Escaudain;59205;FELICIEN JOLY;REP;50.33786550372361;3.357428109026394;50.33786550372361, 3.357428109026394
2019;0592751V;Hauts-de-France;32;Nord;Lille;09;59;Escaudain;59205;FELICIEN JOLY;REP;50.33786550372361;3.357428109026394;50.33786550372361, 3.357428109026394
2019;0593254S;Hauts-de-France;32;Nord;Lille;09;59;Maubeuge;59392;JULES VERNE (EPINETTE);REP+;50.29012556895734;3.9636847843289913;50.29012556895734, 3.9636847843289913
2014;0593667R;Hauts-de-France;32;Nord;Lille;09;59;Roubaix;59512;ROSA PARKS (ALBERT SAMAIN);REP+;50.70142966195706;3.1864633596926426;50.70142966195706, 3.1864633596926426
2017;0593667R;Hauts-de-France;32;Nord;Lille;09;59;Roubaix;59512;ROSA PARKS (ALBERT SAMAIN);REP+;50.70142966195706;3.1864633596926426;50.70142966195706, 3.1864633596926426
2019;0593667R;Hauts-de-France;32;Nord;Lille;09;59;Roubaix;59512;ROSA PARKS;REP+;50.70142966195706;3.1864633596926426;50.70142966195706, 3.1864633596926426
2017;0594290T;Hauts-de-France;32;Nord;Lille;09;59;Ostricourt;59452;HENRI MATISSE;REP;50.45757568246098;3.026605336596045;50.45757568246098, 3.026605336596045
2019;0594290T;Hauts-de-France;32;Nord;Lille;09;59;Ostricourt;59452;HENRI MATISSE;REP;50.45757568246098;3.026605336596045;50.45757568246098, 3.026605336596045
2014;0594362W;Hauts-de-France;32;Nord;Lille;09;59;Maubeuge;59392;VAUBAN;REP+;50.27445923497275;3.9417317994370746;50.27445923497275, 3.9417317994370746
2015;0595328W;Hauts-de-France;32;Nord;Lille;09;59;Villeneuve-d'Ascq;59009;SIMONE DE BEAUVOIR;REP;50.62942853983625;3.130324180890012;50.62942853983625, 3.130324180890012
2017;0595782P;Hauts-de-France;32;Nord;Lille;09;59;Grande-Synthe;59271;DU MOULIN;REP+;51.01131527401728;2.3041700698011334;51.01131527401728, 2.3041700698011334
2018;0620021L;Hauts-de-France;32;Pas-de-Calais;Lille;09;62;Auchel;62048;SEVIGNE;REP;50.506572780566515;2.464543788933794;50.506572780566515, 2.464543788933794
2016;0622098U;Hauts-de-France;32;Pas-de-Calais;Lille;09;62;Fouquières-lès-Lens;62351;EMILE ZOLA;REP;50.427735063962416;2.9166223973810306;50.427735063962416, 2.9166223973810306
2015;0623918X;Hauts-de-France;32;Pas-de-Calais;Lille;09;62;Calais;62193;MARTIN LUTHER KING;REP+;50.95239038150301;1.8800993924364584;50.95239038150301, 1.8800993924364584
2018;9740044E;La Réunion;04;La Réunion;La Réunion;28;974;Sainte-Rose;97419;THERESIEN CADET;REP;-21.154185427843114;55.82577402680936;-21.154185427843114, 55.82577402680936
2016;0190635M;Nouvelle-Aquitaine;75;Corrèze;Limoges;22;19;Brive-la-Gaillarde;19031;JEAN MOULIN;REP+;45.15626735822778;1.4938825781595693;45.15626735822778, 1.4938825781595693
2018;0230507B;Nouvelle-Aquitaine;75;Creuse;Limoges;22;23;Bourganeuf;23030;JEAN PICART LE DOUX;REP;45.95327215447841;1.749399447140099;45.95327215447841, 1.749399447140099
2015;0331619F;Nouvelle-Aquitaine;75;Gironde;Bordeaux;04;33;Lormont;33249;GEORGES LAPIERRE;REP+;44.87439740292492;-0.5224067411379382;44.87439740292492, -0.5224067411379382
2018;0470104H;Nouvelle-Aquitaine;75;Lot-et-Garonne;Bordeaux;04;47;Tonneins;47310;GERMILLAC;REP;44.39250131333742;0.31839566525100993;44.39250131333742, 0.31839566525100993
2018;0511802G;Grand Est;44;Marne;Reims;19;51;Reims;51454;GEORGES BRAQUE;REP+;49.22324921302735;4.017080105216009;49.22324921302735, 4.017080105216009
2015;0330103H;Nouvelle-Aquitaine;75;Gironde;Bordeaux;04;33;Pauillac;33314;PIERRE DE BELLEYME;REP;45.20176659918781;-0.7512280667390121;45.20176659918781, -0.7512280667390121
2016;0331464M;Nouvelle-Aquitaine;75;Gironde;Bordeaux;04;33;Cenon;33119;JEAN ZAY (JEAN ZAY );REP;44.854269276403016;-0.5131398952893848;44.854269276403016, -0.5131398952893848
2015;0601179F;Hauts-de-France;32;Oise;Amiens;20;60;Nogent-sur-Oise;60463;MARCELIN BERTHELOT;REP;49.281399722449514;2.476236895061743;49.281399722449514, 2.476236895061743
2016;0601191U;Hauts-de-France;32;Oise;Amiens;20;60;Méru;60395;DU THELLE;REP;49.230635543834566;2.1241908808375523;49.230635543834566, 2.1241908808375523
2016;0030030S;Auvergne-Rhône-Alpes;84;Allier;Clermont-Ferrand;06;03;Montluçon;03185;JEAN ZAY;REP+;46.34920418907676;2.5925813819802643;46.34920418907676, 2.5925813819802643
2016;0061129V;Provence-Alpes-Côte d'Azur;93;Alpes-Maritimes;Nice;23;06;Nice;06088;JULES ROMAINS;REP+;43.67792635308759;7.202085178877933;43.67792635308759, 7.202085178877933
2019;0130136C;Provence-Alpes-Côte d'Azur;93;Bouches-du-Rhône;Aix-Marseille;02;13;Marseille  2e  Arrondissement;13202;VIEUX PORT;REP+;43.29650515548216;5.365599591293657;43.29650515548216, 5.365599591293657
2015;0131262B;Provence-Alpes-Côte d'Azur;93;Bouches-du-Rhône;Aix-Marseille;02;13;Marseille 13e  Arrondissement;13213;JACQUES PREVERT;REP+;43.325958622791504;5.432413527640791;43.325958622791504, 5.432413527640791
2014;0131605Z;Provence-Alpes-Côte d'Azur;93;Bouches-du-Rhône;Aix-Marseille;02;13;Marseille 16e  Arrondissement;13216;HENRI BARNIER (HENRI-BARNIER);REP+;43.36492745764797;5.343825789781387;43.36492745764797, 5.343825789781387
2015;0691480J;Auvergne-Rhône-Alpes;84;Rhône;Lyon;10;69;Vénissieux;69259;HONORE DE BALZAC;REP;45.72536632204829;4.861450572415911;45.72536632204829, 4.861450572415911
2015;0330064R;Nouvelle-Aquitaine;75;Gironde;Bordeaux;04;33;Castillon-la-Bataille;33108;ALIENOR D AQUITAINE;REP;44.85105553271757;-0.050614821083837136;44.85105553271757, -0.050614821083837136
2019;0220008P;Bretagne;53;Côtes-d'Armor;Rennes;14;22;Le Mené;22046;VICTOR VASARELY;REP;48.29702664504201;-2.5124006885687087;48.29702664504201, -2.5124006885687087
2016;0221037H;Bretagne;53;Côtes-d'Armor;Rennes;14;22;Plémet;22183;LOUIS GUILLOUX;REP;48.1744927931095;-2.596617187978246;48.1744927931095, -2.596617187978246
2019;0351851X;Bretagne;53;Ille-et-Vilaine;Rennes;14;35;Rennes;35238;LA BINQUENAIS;REP;48.0904863079808;-1.6632653804557214;48.0904863079808, -1.6632653804557214
2014;0691666L;Auvergne-Rhône-Alpes;84;Rhône;Lyon;10;69;Vaulx-en-Velin;69256;AIME CESAIRE;REP+;45.7844854872629;4.915640692767265;45.7844854872629, 4.915640692767265
2017;0381810L;Auvergne-Rhône-Alpes;84;Isère;Grenoble;08;38;Fontaine;38169;GERARD PHILIPE;REP;45.19985227600166;5.6784492663384025;45.19985227600166, 5.6784492663384025
2017;0382032C;Auvergne-Rhône-Alpes;84;Isère;Grenoble;08;38;Grenoble;38185;LUCIE AUBRAC GEANTS;REP+;45.16256696245369;5.739678137394584;45.16256696245369, 5.739678137394584
2018;0382032C;Auvergne-Rhône-Alpes;84;Isère;Grenoble;08;38;Grenoble;38185;LUCIE AUBRAC GEANTS;REP+;45.16256696245369;5.739678137394584;45.16256696245369, 5.739678137394584
2018;0382104F;Auvergne-Rhône-Alpes;84;Isère;Grenoble;08;38;Villefontaine;38553;LOUIS ARAGON;REP;45.618531236473174;5.1497087694466845;45.618531236473174, 5.1497087694466845
2019;0650034J;Occitanie;76;Hautes-Pyrénées;Toulouse;16;65;Tarbes;65440;PAUL ELUARD;REP;43.243534972159864;0.0582513971968151;43.243534972159864, 0.0582513971968151
2016;0810125W;Occitanie;76;Tarn;Toulouse;16;81;Graulhet;81105;LOUIS PASTEUR;REP;43.76015666419012;1.982896841832042;43.76015666419012, 1.982896841832042
2015;0311265G;Occitanie;76;Haute-Garonne;Toulouse;16;31;Toulouse;31555;ROSA PARKS;REP+;43.640540823474176;1.436666843558543;43.640540823474176, 1.436666843558543
2015;0601524F;Hauts-de-France;32;Oise;Amiens;20;60;Compiègne;60159;ANDRE MALRAUX;REP+;49.39849707216046;2.795551223185853;49.39849707216046, 2.795551223185853
2016;0752606A;Ile-de-France;11;Paris;Paris;01;75;Paris 19e  Arrondissement;75119;GEORGES MELIES;REP;48.88805435292578;2.370501344034427;48.88805435292578, 2.370501344034427
2018;0753937X;Ile-de-France;11;Paris;Paris;01;75;Paris 13e  Arrondissement;75113;EVARISTE GALOIS;REP;48.81844747170997;2.3583706529199135;48.81844747170997, 2.3583706529199135
2015;0754706H;Ile-de-France;11;Paris;Paris;01;75;Paris 18e  Arrondissement;75118;MARIE CURIE;REP;48.89327614729706;2.3506890807613026;48.89327614729706, 2.3506890807613026
2018;0754706H;Ile-de-France;11;Paris;Paris;01;75;Paris 18e  Arrondissement;75118;MARIE CURIE;REP;48.89327614729706;2.3506890807613026;48.89327614729706, 2.3506890807613026
2019;0755241P;Ile-de-France;11;Paris;Paris;01;75;Paris 20e  Arrondissement;75120;COLETTE BESSON;REP+;48.86636464907121;2.3847606110544888;48.86636464907121, 2.3847606110544888
2019;0810787R;Occitanie;76;Tarn;Toulouse;16;81;Carmaux;81060;VICTOR HUGO;REP;44.051300488108595;2.1534505462975364;44.051300488108595, 2.1534505462975364
2015;0280024Z;Centre-Val de Loire;24;Eure-et-Loir;Orléans-Tours;18;28;Vernouillet;28404;MARCEL PAGNOL;REP;48.7272739577147;1.3283425349956817;48.7272739577147, 1.3283425349956817
2017;0280024Z;Centre-Val de Loire;24;Eure-et-Loir;Orléans-Tours;18;28;Vernouillet;28404;MARCEL PAGNOL;REP;48.7272739577147;1.3283425349956817;48.7272739577147, 1.3283425349956817
2016;0280716B;Centre-Val de Loire;24;Eure-et-Loir;Orléans-Tours;18;28;Dreux;28134;PIERRE ET MARIE CURIE;REP+;48.736241887257606;1.3878250922969768;48.736241887257606, 1.3878250922969768
2015;0280918W;Centre-Val de Loire;24;Eure-et-Loir;Orléans-Tours;18;28;Châteaudun;28088;ANATOLE FRANCE;REP;48.081228926920254;1.3505958610753224;48.081228926920254, 1.3505958610753224
2019;0280918W;Centre-Val de Loire;24;Eure-et-Loir;Orléans-Tours;18;28;Châteaudun;28088;ANATOLE FRANCE;REP;48.081228926920254;1.3505958610753224;48.081228926920254, 1.3505958610753224
2015;0451241E;Centre-Val de Loire;24;Loiret;Orléans-Tours;18;45;Saint-Jean-de-la-Ruelle;45285;ANDRE MALRAUX;REP+;47.90393253310024;1.8658707819300295;47.90393253310024, 1.8658707819300295
2016;0451241E;Centre-Val de Loire;24;Loiret;Orléans-Tours;18;45;Saint-Jean-de-la-Ruelle;45285;ANDRE MALRAUX;REP+;47.90393253310024;1.8658707819300295;47.90393253310024, 1.8658707819300295
2017;0451450G;Centre-Val de Loire;24;Loiret;Orléans-Tours;18;45;Gien;45155;JEAN MERMOZ;REP;47.70795055745937;2.6209507722745498;47.70795055745937, 2.6209507722745498
2017;0761704P;Normandie;28;Seine-Maritime;Rouen;21;76;Fécamp;76259;JULES FERRY;REP;49.755461078651145;0.38232728158670715;49.755461078651145, 0.38232728158670715
2015;9740027L;La Réunion;04;La Réunion;La Réunion;28;974;Saint-Pierre;97416;RAVINE DES CABRIS;REP;-21.28709280736552;55.46196888765782;-21.28709280736552, 55.46196888765782
2019;9740027L;La Réunion;04;La Réunion;La Réunion;28;974;Saint-Pierre;97416;RAVINE DES CABRIS;REP;-21.28709280736552;55.46196888765782;-21.28709280736552, 55.46196888765782
2017;0930893R;Ile-de-France;11;Seine-Saint-Denis;Créteil;24;93;Epinay-sur-Seine;93031;ROGER MARTIN DU GARD;REP+;48.95124030255269;2.336226593178637;48.95124030255269, 2.336226593178637
2017;0931148T;Ile-de-France;11;Seine-Saint-Denis;Créteil;24;93;La Courneuve;93027;GEORGES POLITZER;REP+;48.93077703057477;2.3994601504794164;48.93077703057477, 2.3994601504794164
2016;0932579Y;Ile-de-France;11;Seine-Saint-Denis;Créteil;24;93;Montreuil;93048;CESARIA EVORA;REP;48.8665853173967;2.460121583402077;48.8665853173967, 2.460121583402077
2019;0941021Z;Ile-de-France;11;Val-de-Marne;Créteil;24;94;Alfortville;94002;PAUL LANGEVIN;REP;48.78810220956382;2.4272811307948183;48.78810220956382, 2.4272811307948183
2014;0941044Z;Ile-de-France;11;Val-de-Marne;Créteil;24;94;Orly;94054;ROBERT DESNOS;REP+;48.74716494108484;2.409842544423456;48.74716494108484, 2.409842544423456
2016;0100081J;Grand Est;44;Aube;Reims;19;10;Troyes;10387;MARIE CURIE;REP;48.271865846594174;4.075555703398725;48.271865846594174, 4.075555703398725
2017;0780032L;Ile-de-France;11;Yvelines;Versailles;25;78;Carrières-sous-Poissy;78123;FLORA TRISTAN;REP;48.937944672222265;2.0218178221809495;48.937944672222265, 2.0218178221809495
2019;0780572Y;Ile-de-France;11;Yvelines;Versailles;25;78;Les Mureaux;78440;PAUL VERLAINE;REP;48.997252663634264;1.9162272404442955;48.997252663634264, 1.9162272404442955
2017;0780577D;Ile-de-France;11;Yvelines;Versailles;25;78;Sartrouville;78586;ROMAIN ROLLAND;REP;48.942830063350186;2.2011733255319017;48.942830063350186, 2.2011733255319017
2018;0780577D;Ile-de-France;11;Yvelines;Versailles;25;78;Sartrouville;78586;ROMAIN ROLLAND;REP;48.942830063350186;2.2011733255319017;48.942830063350186, 2.2011733255319017
2015;0781108F;Ile-de-France;11;Yvelines;Versailles;25;78;Chanteloup-les-Vignes;78138;RENE CASSIN;REP+;48.973991194250964;2.030958769778826;48.973991194250964, 2.030958769778826
2015;0781896M;Ile-de-France;11;Yvelines;Versailles;25;78;Mantes-la-Jolie;78361;PASTEUR;REP+;48.9940204302503;1.6919869306633348;48.9940204302503, 1.6919869306633348
2015;0781986K;Ile-de-France;11;Yvelines;Versailles;25;78;Chanteloup-les-Vignes;78138;MAGELLAN;REP;48.97079208097478;2.0322546203334193;48.97079208097478, 2.0322546203334193
2017;0781986K;Ile-de-France;11;Yvelines;Versailles;25;78;Chanteloup-les-Vignes;78138;MAGELLAN;REP;48.97079208097478;2.0322546203334193;48.97079208097478, 2.0322546203334193
2019;0910056S;Ile-de-France;11;Essonne;Versailles;25;91;Viry-Châtillon;91687;OLIVIER DE SERRES;REP;48.65643875494793;2.3685082299338918;48.65643875494793, 2.3685082299338918
2016;0911036G;Ile-de-France;11;Essonne;Versailles;25;91;Grigny;91286;JEAN VILAR;REP+;48.650293502327806;2.3758860423792143;48.650293502327806, 2.3758860423792143
2016;0911397Z;Ile-de-France;11;Essonne;Versailles;25;91;Epinay-sous-Sénart;91215;LA VALLEE;REP;48.70017361279572;2.5247627834095785;48.70017361279572, 2.5247627834095785
2016;0911402E;Ile-de-France;11;Essonne;Versailles;25;91;Etampes;91223;DE GUINETTE;REP;48.43661602297895;2.144665889682547;48.43661602297895, 2.144665889682547
2016;0912196T;Ile-de-France;11;Essonne;Versailles;25;91;Grigny;91286;SONIA DELAUNAY;REP+;48.65298169229743;2.384100172022175;48.65298169229743, 2.384100172022175
2017;0921168V;Ile-de-France;11;Hauts-de-Seine;Versailles;25;92;Bagneux;92007;ROMAIN ROLLAND;REP;48.792019015055104;2.3005350340987216;48.792019015055104, 2.3005350340987216
2016;0950026M;Ile-de-France;11;Val-d'Oise;Versailles;25;95;Goussainville;95280;MAXIMILIEN DE ROBESPIERRE;REP;49.03241256335687;2.454761114690216;49.03241256335687, 2.454761114690216
2018;0950045H;Ile-de-France;11;Val-d'Oise;Versailles;25;95;Sarcelles;95585;EVARISTE GALOIS;REP;48.9753167986829;2.3737763017274895;48.9753167986829, 2.3737763017274895
2019;0950045H;Ile-de-France;11;Val-d'Oise;Versailles;25;95;Sarcelles;95585;EVARISTE GALOIS;REP;48.9753167986829;2.3737763017274895;48.9753167986829, 2.3737763017274895
2015;0950711G;Ile-de-France;11;Val-d'Oise;Versailles;25;95;Garges-lès-Gonesse;95268;PAUL ELUARD;REP+;48.9769362210965;2.3983489941118723;48.9769362210965, 2.3983489941118723
2016;0950711G;Ile-de-France;11;Val-d'Oise;Versailles;25;95;Garges-lès-Gonesse;95268;PAUL ELUARD;REP+;48.9769362210965;2.3983489941118723;48.9769362210965, 2.3983489941118723
2016;0950749Y;Ile-de-France;11;Val-d'Oise;Versailles;25;95;Villiers-le-Bel;95680;SAINT EXUPERY;REP+;49.00082878563883;2.404987844048381;49.00082878563883, 2.404987844048381
2019;0951094Y;Ile-de-France;11;Val-d'Oise;Versailles;25;95;Argenteuil;95018;PAUL VAILLANT COUTURIER;REP;48.943769470319445;2.2465352236353207;48.943769470319445, 2.2465352236353207
2018;0131703F;Provence-Alpes-Côte d'Azur;93;Bouches-du-Rhône;Aix-Marseille;02;13;Marseille 14e  Arrondissement;13214;EDOUARD MANET;REP+;43.33336908225192;5.399634040443975;43.33336908225192, 5.399634040443975
2015;0131884C;Provence-Alpes-Côte d'Azur;93;Bouches-du-Rhône;Aix-Marseille;02;13;Marseille  3e  Arrondissement;13203;BELLE DE MAI;REP+;43.31338111273035;5.386294439790817;43.31338111273035, 5.386294439790817
2016;0132204A;Provence-Alpes-Côte d'Azur;93;Bouches-du-Rhône;Aix-Marseille;02;13;Marseille 10e  Arrondissement;13210;PONT DE VIVAUX;REP;43.27705881258553;5.416832831934671;43.27705881258553, 5.416832831934671
2017;0132207D;Provence-Alpes-Côte d'Azur;93;Bouches-du-Rhône;Aix-Marseille;02;13;Marseille 14e  Arrondissement;13214;MASSENET;REP+;43.34236825549508;5.38094224033247;43.34236825549508, 5.38094224033247
2016;0260049M;Auvergne-Rhône-Alpes;84;Drôme;Grenoble;08;26;Valence;26362;JEAN ZAY;REP;44.93594848237967;4.900376271644844;44.93594848237967, 4.900376271644844
2018;0260117L;Auvergne-Rhône-Alpes;84;Drôme;Grenoble;08;26;Valence;26362;PAUL VALERY;REP;44.92851244891291;4.896083838100739;44.92851244891291, 4.896083838100739
2015;0260850H;Auvergne-Rhône-Alpes;84;Drôme;Grenoble;08;26;Romans-sur-Isère;26281;ETIENNE-JEAN LAPASSAT (ETIENNE JEAN LAPASSAT);REP;45.0427292309842;5.082057492953541;45.0427292309842, 5.082057492953541
2018;0261091V;Auvergne-Rhône-Alpes;84;Drôme;Grenoble;08;26;Romans-sur-Isère;26281;ALBERT TRIBOULET;REP;45.04522509946785;5.056999384307703;45.04522509946785, 5.056999384307703
2019;0271104D;Normandie;28;Eure;Rouen;21;27;Evreux;27229;HENRI DUNANT;REP;49.02970612580809;1.1743432715053135;49.02970612580809, 1.1743432715053135
2016;0301014P;Occitanie;76;Gard;Montpellier;11;30;Alès;30007;DENIS DIDEROT;REP;44.132806298096284;4.078730529941349;44.132806298096284, 4.078730529941349
2015;0341592W;Occitanie;76;Hérault;Montpellier;11;34;Montpellier;34172;MARCEL PAGNOL;REP;43.596447691727064;3.846735418016563;43.596447691727064, 3.846735418016563
2016;0390924T;Bourgogne-Franche-Comté;27;Jura;Besançon;03;39;Saint-Claude;39478;PRE SAINT SAUVEUR;REP;46.37940063688339;5.868673132601631;46.37940063688339, 5.868673132601631
2018;0390924T;Bourgogne-Franche-Comté;27;Jura;Besançon;03;39;Saint-Claude;39478;PRE SAINT SAUVEUR;REP;46.37940063688339;5.868673132601631;46.37940063688339, 5.868673132601631
2018;0441613P;Pays de la Loire;52;Loire-Atlantique;Nantes;17;44;Saint-Nazaire;44184;PIERRE NORANGE;REP+;47.26684217386295;-2.245622396356458;47.26684217386295, -2.245622396356458
2017;0511108C;Grand Est;44;Marne;Reims;19;51;Reims;51454;PAUL FORT;REP+;49.22701660514032;4.042521472092302;49.22701660514032, 4.042521472092302
2019;0541578X;Grand Est;44;Meurthe-et-Moselle;Nancy-Metz;12;54;Longlaville;54321;LEODILE BERA;REP;49.5273751189283;5.7971874967425086;49.5273751189283, 5.7971874967425086
2015;0570104D;Grand Est;44;Moselle;Nancy-Metz;12;57;Stiring-Wendel;57660;NICOLAS UNTERSTELLER;REP;49.19226463396011;6.916063863875816;49.19226463396011, 6.916063863875816
2019;0601297J;Hauts-de-France;32;Oise;Amiens;20;60;Noyon;60471;LOUIS PASTEUR;REP;49.58549250764419;3.015309560553724;49.58549250764419, 3.015309560553724
2015;0601605U;Hauts-de-France;32;Oise;Amiens;20;60;Noyon;60471;PAUL ELUARD;REP;49.58519509905662;2.997788447559591;49.58519509905662, 2.997788447559591
2018;0771618R;Ile-de-France;11;Seine-et-Marne;Créteil;24;77;Moissy-Cramayel;77296;LES MAILLETTES;REP;48.62336631008905;2.5878120464992356;48.62336631008905, 2.5878120464992356
2017;0771621U;Ile-de-France;11;Seine-et-Marne;Créteil;24;77;Nemours;77333;HONORE DE BALZAC;REP;48.26279125027707;2.714643292821289;48.26279125027707, 2.714643292821289
2016;0791002K;Nouvelle-Aquitaine;75;Deux-Sèvres;Poitiers;13;79;Thouars;79329;JEAN ROSTAND;REP;46.973943256506864;-0.18991866628336002;46.973943256506864, -0.18991866628336002
2016;0801263N;Hauts-de-France;32;Somme;Amiens;20;80;Amiens;80021;ARTHUR RIMBAUD;REP+;49.9120671218448;2.3002655343569502;49.9120671218448, 2.3002655343569502
2019;0801537L;Hauts-de-France;32;Somme;Amiens;20;80;Péronne;80620;BERANGER;REP;49.93093246492848;2.925153107608717;49.93093246492848, 2.925153107608717
2019;0830834F;Provence-Alpes-Côte d'Azur;93;Var;Nice;23;83;Fréjus;83061;ANDRE LEOTARD;REP;43.43752209311239;6.7572839699565845;43.43752209311239, 6.7572839699565845
2017;0840761W;Provence-Alpes-Côte d'Azur;93;Vaucluse;Aix-Marseille;02;84;Carpentras;84031;ALPHONSE DAUDET;REP+;44.04873818365949;5.030355340106358;44.04873818365949, 5.030355340106358
2019;0850014D;Pays de la Loire;52;Vendée;Nantes;17;85;L'Ile-d'Elle;85111;GOLFE DES PICTONS;REP;46.32884357303001;-0.9506047439452553;46.32884357303001, -0.9506047439452553
2017;0930900Y;Ile-de-France;11;Seine-Saint-Denis;Créteil;24;93;Bobigny;93008;JEAN-PIERRE TIMBAUD;REP;48.90697838271701;2.467808919727758;48.90697838271701, 2.467808919727758
2018;0931188L;Ile-de-France;11;Seine-Saint-Denis;Créteil;24;93;La Courneuve;93027;RAYMOND POINCARE;REP+;48.929472614370944;2.391703841222832;48.929472614370944, 2.391703841222832
2015;0931196V;Ile-de-France;11;Seine-Saint-Denis;Créteil;24;93;Bobigny;93008;PIERRE SEMARD;REP;48.91107118906222;2.4458161397724463;48.91107118906222, 2.4458161397724463
2015;0931202B;Ile-de-France;11;Seine-Saint-Denis;Créteil;24;93;Drancy;93029;LIBERTE;REP;48.91398000565638;2.4500203291017235;48.91398000565638, 2.4500203291017235
2018;0931206F;Ile-de-France;11;Seine-Saint-Denis;Créteil;24;93;Villetaneuse;93079;JEAN VILAR;REP+;48.95284036866517;2.3434594675069613;48.95284036866517, 2.3434594675069613
2018;0931217T;Ile-de-France;11;Seine-Saint-Denis;Créteil;24;93;Pantin;93055;IRENE ET FREDERIC JOLIOT CURIE;REP;48.891493456116365;2.405537720869992;48.891493456116365, 2.405537720869992
2018;0931220W;Ile-de-France;11;Seine-Saint-Denis;Créteil;24;93;Bagnolet;93006;TRAVAIL LANGEVIN;REP;48.87519110272875;2.4240575533915782;48.87519110272875, 2.4240575533915782
2016;0931222Y;Ile-de-France;11;Seine-Saint-Denis;Créteil;24;93;Romainville;93063;PIERRE-ANDRE HOUEL;REP;48.88368735049553;2.4358339843748347;48.88368735049553, 2.4358339843748347
2018;0931226C;Ile-de-France;11;Seine-Saint-Denis;Créteil;24;93;Stains;93072;PABLO NERUDA;REP;48.96339796596268;2.389629814254687;48.96339796596268, 2.389629814254687
2018;0931232J;Ile-de-France;11;Seine-Saint-Denis;Créteil;24;93;Saint-Denis;93066;HENRI BARBUSSE;REP;48.939638730713206;2.3772882388315026;48.939638730713206, 2.3772882388315026
2016;0931707A;Ile-de-France;11;Seine-Saint-Denis;Créteil;24;93;Montfermeil;93047;PABLO PICASSO;REP;48.89959545083097;2.5780725817817616;48.89959545083097, 2.5780725817817616
2018;0931710D;Ile-de-France;11;Seine-Saint-Denis;Créteil;24;93;Noisy-le-Sec;93053;OLYMPE DE GOUGES;REP;48.88785137229671;2.469514062223836;48.88785137229671, 2.469514062223836
2017;0932366S;Ile-de-France;11;Seine-Saint-Denis;Créteil;24;93;Clichy-sous-Bois;93014;ROBERT DOISNEAU;REP+;48.91255112569176;2.5469240090057186;48.91255112569176, 2.5469240090057186
2017;0932582B;Ile-de-France;11;Seine-Saint-Denis;Créteil;24;93;Saint-Denis;93066;DORA MAAR;REP;48.920954294742565;2.3375613385256524;48.920954294742565, 2.3375613385256524
2019;9710026B;Guadeloupe;01;Guadeloupe;Guadeloupe;32;971;Bouillante;97106;FONTAINES BOUILLANTES;REP;16.14245385751594;-61.76601245036771;16.14245385751594, -61.76601245036771
2019;9710032H;Guadeloupe;01;Guadeloupe;Guadeloupe;32;971;Capesterre-de-Marie-Galante;97108;NELSON MANDELA;REP;15.893081147335705;-61.221971918068895;15.893081147335705, -61.221971918068895
2018;9711087E;TOM et Collectivités territoriales;00;Saint-Martin;Guadeloupe;32;978;Saint-Martin;97801;QUARTIER D'ORLEANS;REP+;18.063951850030257;-63.03501933380796;18.063951850030257, -63.03501933380796
2015;9720084J;Martinique;02;Martinique;Martinique;31;972;Fort-de-France;97209;JACQUELINE JULIUS (JACQUELINE JULIUS );REP+;14.631938359373638;-61.069400377720186;14.631938359373638, -61.069400377720186
2016;9720412R;Martinique;02;Martinique;Martinique;31;972;Fort-de-France;97209;FERNAND DONATIEN (DILLON1) (FERNAND DONATIEN);REP;14.607765650070418;-61.045149684746704;14.607765650070418, -61.045149684746704
2018;9720682J;Martinique;02;Martinique;Martinique;31;972;Fort-de-France;97209;CASSIEN SAINTE-CLAIRE;REP;14.636299612209612;-61.0390183298867;14.636299612209612, -61.0390183298867
2018;0690060R;Auvergne-Rhône-Alpes;84;Rhône;Lyon;10;69;Lyon 8e  Arrondissement;69388;JEAN MERMOZ;REP;45.73378594834498;4.8888263301992625;45.73378594834498, 4.8888263301992625
2017;0381780D;Auvergne-Rhône-Alpes;84;Isère;Grenoble;08;38;Grenoble;38185;OLYMPIQUE;REP;45.16173096250118;5.728092999279628;45.16173096250118, 5.728092999279628
2018;0090007J;Occitanie;76;Ariège;Toulouse;16;09;Lavelanet;09160;VICTOR HUGO;REP;42.93989821922662;1.852727372479213;42.93989821922662, 1.852727372479213
2015;0491028B;Pays de la Loire;52;Maine-et-Loire;Nantes;17;49;Angers;49007;MONTAIGNE;REP;47.4695553177496;-0.5324441945009276;47.4695553177496, -0.5324441945009276
2017;0491703K;Pays de la Loire;52;Maine-et-Loire;Nantes;17;49;Angers;49007;JEAN VILAR;REP+;47.44527395184882;-0.5643456468064906;47.44527395184882, -0.5643456468064906
2019;0572168X;Grand Est;44;Moselle;Nancy-Metz;12;57;Metz;57463;FRANCOIS RABELAIS;REP;49.097480279505874;6.171609145364587;49.097480279505874, 6.171609145364587
2017;0572180K;Grand Est;44;Moselle;Nancy-Metz;12;57;Forbach;57227;PIERRE ADT;REP+;49.17944243921458;6.89271765627171;49.17944243921458, 6.89271765627171
2015;0680105V;Grand Est;44;Haut-Rhin;Strasbourg;15;68;Mulhouse;68224;KENNEDY;REP+;47.74948473197153;7.333422372433982;47.74948473197153, 7.333422372433982
2016;0692159X;Auvergne-Rhône-Alpes;84;Rhône;Lyon;10;69;Rillieux-la-Pape;69286;PAUL-EMILE VICTOR;REP+;45.817496040385485;4.90725345663432;45.817496040385485, 4.90725345663432
2015;0700788B;Bourgogne-Franche-Comté;27;Haute-Saône;Besançon;03;70;Saint-Loup-sur-Semouse;70467;ANDRE MASSON;REP;47.884549253190436;6.2795588519037615;47.884549253190436, 6.2795588519037615
2018;0711294W;Bourgogne-Franche-Comté;27;Saône-et-Loire;Dijon;07;71;Autun;71014;DU VALLON;REP;46.96006954450102;4.307666548085999;46.96006954450102, 4.307666548085999
2015;0720885W;Pays de la Loire;52;Sarthe;Nantes;17;72;Le Mans;72181;LE RONCERAY;REP+;47.968636973522486;0.20992591135461458;47.968636973522486, 0.20992591135461458
2018;0772481D;Ile-de-France;11;Seine-et-Marne;Créteil;24;77;Provins;77379;MARIE CURIE;REP;48.54848989706616;3.2963388803714886;48.54848989706616, 3.2963388803714886
2017;0800036E;Hauts-de-France;32;Somme;Amiens;20;80;Ham;80410;VICTOR HUGO;REP;49.752855233178884;3.0784831064953435;49.752855233178884, 3.0784831064953435
2019;0801264P;Hauts-de-France;32;Somme;Amiens;20;80;Amiens;80021;ROSA PARKS;REP+;49.918082523847424;2.2526129792824383;49.918082523847424, 2.2526129792824383
2017;0830181W;Provence-Alpes-Côte d'Azur;93;Var;Nice;23;83;Toulon;83137;LA MARQUISANNE;REP+;43.13255825263484;5.891004403930202;43.13255825263484, 5.891004403930202
2019;9730083C;Guyane;03;Guyane;Guyane;33;973;Cayenne;97302;GERARD HOLDER;REP+;4.937231189059073;-52.307901721375174;4.937231189059073, -52.307901721375174
2019;9730125Y;Guyane;03;Guyane;Guyane;33;973;Kourou;97304;HENRI AGARANDE;REP+;5.1655165399842025;-52.64361394314634;5.1655165399842025, -52.64361394314634
2019;9740596E;La Réunion;04;La Réunion;La Réunion;28;974;Saint-Paul;97415;ANTOINE SOUBOU;REP;-20.999956635355037;55.280169312090436;-20.999956635355037, 55.280169312090436
2018;9740599H;La Réunion;04;La Réunion;La Réunion;28;974;Saint-André;97409;JOSEPH BEDIER;REP;-20.95768851859893;55.64865098673106;-20.95768851859893, 55.64865098673106
2019;9740702V;La Réunion;04;La Réunion;La Réunion;28;974;Saint-Benoît;97410;HUBERT DELISLE BEAULIEU;REP+;-21.03270633455095;55.707378966164384;-21.03270633455095, 55.707378966164384
2019;9741190A;La Réunion;04;La Réunion;La Réunion;28;974;Saint-Paul;97415;DE PLATEAU CAILLOU;REP;-21.020351864256753;55.26660983694418;-21.020351864256753, 55.26660983694418
2016;9741366S;La Réunion;04;La Réunion;La Réunion;28;974;Saint-Benoît;97410;GUY  MÔQUET (GUY  MÔQUET  );REP+;-21.053686101039748;55.71016195332497;-21.053686101039748, 55.71016195332497
2015;9760180S;Mayotte;06;Mayotte;Mayotte;43;976;Sada;97616;MARIAMA SALIM (DE SADA);REP;-12.84623856047754;45.10398884992696;-12.84623856047754, 45.10398884992696
2019;9760274U;Mayotte;06;Mayotte;Mayotte;43;976;Tsingoni;97617;DE TSINGONI;REP+;-12.787540216827775;45.10278264129162;-12.787540216827775, 45.10278264129162
2017;9840022B;TOM et Collectivités territoriales;00;Polynésie Française;Polynésie Française;41;987;Papara;98734;DE PAPARA;REP+;;;
2018;9840022B;TOM et Collectivités territoriales;00;Polynésie Française;Polynésie Française;41;987;Papara;98734;DE PAPARA;REP+;;;
2015;0622424Y;Hauts-de-France;32;Pas-de-Calais;Lille;09;62;Grenay;62386;LANGEVIN-WALLON;REP+;50.45108257460581;2.7378299038530858;50.45108257460581, 2.7378299038530858
2019;0622424Y;Hauts-de-France;32;Pas-de-Calais;Lille;09;62;Grenay;62386;LANGEVIN-WALLON;REP+;50.45108257460581;2.7378299038530858;50.45108257460581, 2.7378299038530858
2015;0801443J;Hauts-de-France;32;Somme;Amiens;20;80;Beaucamps-le-Vieux;80062;MAL LECLERC DE HAUTECLOCQUE;REP;49.840610251386366;1.7850473314468809;49.840610251386366, 1.7850473314468809
2018;0290100B;Bretagne;53;Finistère;Rennes;14;29;Brest;29019;PENN AR C'HLEUZ;REP;48.416841111397005;-4.4824385760001535;48.416841111397005, -4.4824385760001535
2018;0350708E;Bretagne;53;Ille-et-Vilaine;Rennes;14;35;Dol-de-Bretagne;35095;PAUL FEVAL;REP;48.538947132297224;-1.7653987808097409;48.538947132297224, -1.7653987808097409
2017;0350895H;Bretagne;53;Ille-et-Vilaine;Rennes;14;35;Rennes;35238;ROSA PARKS;REP;48.1212018513474;-1.7146786496809414;48.1212018513474, -1.7146786496809414
2015;0350913C;Bretagne;53;Ille-et-Vilaine;Rennes;14;35;Rennes;35238;CLOTILDE VAUTIER;REP;48.12625632364829;-1.6679336381494778;48.12625632364829, -1.6679336381494778
2017;0351851X;Bretagne;53;Ille-et-Vilaine;Rennes;14;35;Rennes;35238;LA BINQUENAIS;REP;48.0904863079808;-1.6632653804557214;48.0904863079808, -1.6632653804557214
2016;0090490J;Occitanie;76;Ariège;Toulouse;16;09;Lavelanet;09160;LOUIS PASTEUR;REP;42.923099607067826;1.842259562340841;42.923099607067826, 1.842259562340841
2018;0120004P;Occitanie;76;Aveyron;Toulouse;16;12;Cransac;12083;JEAN JAURES;REP;44.524723447893024;2.282368543724135;44.524723447893024, 2.282368543724135
2019;0120004P;Occitanie;76;Aveyron;Toulouse;16;12;Cransac;12083;JEAN JAURES;REP;44.524723447893024;2.282368543724135;44.524723447893024, 2.282368543724135
2019;0380050Y;Auvergne-Rhône-Alpes;84;Isère;Grenoble;08;38;Roussillon;38344;DE L'EDIT;REP;45.368354962382234;4.802908041675792;45.368354962382234, 4.802908041675792
2017;0380065P;Auvergne-Rhône-Alpes;84;Isère;Grenoble;08;38;Saint-Martin-d'Hères;38421;HENRI WALLON;REP;45.17553965675825;5.764599912225057;45.17553965675825, 5.764599912225057
2016;0382104F;Auvergne-Rhône-Alpes;84;Isère;Grenoble;08;38;Villefontaine;38553;LOUIS ARAGON;REP;45.618531236473174;5.1497087694466845;45.618531236473174, 5.1497087694466845
2018;0131610E;Provence-Alpes-Côte d'Azur;93;Bouches-du-Rhône;Aix-Marseille;02;13;Arles;13004;VINCENT VAN GOGH;REP;43.67943880232301;4.638130116326001;43.67943880232301, 4.638130116326001
2016;0132785G;Provence-Alpes-Côte d'Azur;93;Bouches-du-Rhône;Aix-Marseille;02;13;Marseille 15e  Arrondissement;13215;ROSA PARKS;REP+;43.331237259962585;5.365677889611877;43.331237259962585, 5.365677889611877
2016;0311265G;Occitanie;76;Haute-Garonne;Toulouse;16;31;Toulouse;31555;ROSA PARKS;REP+;43.640540823474176;1.436666843558543;43.640540823474176, 1.436666843558543
2016;0421486M;Auvergne-Rhône-Alpes;84;Loire;Lyon;10;42;Saint-Chamond;42207;PIERRE JOANNON;REP;45.463128735495296;4.509869703970299;45.463128735495296, 4.509869703970299
2015;0421688G;Auvergne-Rhône-Alpes;84;Loire;Lyon;10;42;Saint-Chamond;42207;JEAN ROSTAND;REP+;45.478983219139735;4.536360987619161;45.478983219139735, 4.536360987619161
2016;0421688G;Auvergne-Rhône-Alpes;84;Loire;Lyon;10;42;Saint-Chamond;42207;JEAN ROSTAND;REP+;45.478983219139735;4.536360987619161;45.478983219139735, 4.536360987619161
2015;0750478M;Ile-de-France;11;Paris;Paris;01;75;Paris 20e  Arrondissement;75120;JEAN-BAPTISTE CLEMENT;REP;48.869960452798956;2.3893750912220355;48.869960452798956, 2.3893750912220355
2018;0750546L;Ile-de-France;11;Paris;Paris;01;75;Paris 18e  Arrondissement;75118;GEORGES CLEMENCEAU;REP+;48.8890134482437;2.3515359569166736;48.8890134482437, 2.3515359569166736
2015;0750552T;Ile-de-France;11;Paris;Paris;01;75;Paris 20e  Arrondissement;75120;FRANCOISE DOLTO;REP;48.873957017625486;2.386895966702957;48.873957017625486, 2.386895966702957
2017;0752606A;Ile-de-France;11;Paris;Paris;01;75;Paris 19e  Arrondissement;75119;GEORGES MELIES;REP;48.88805435292578;2.370501344034427;48.88805435292578, 2.370501344034427
2015;0810787R;Occitanie;76;Tarn;Toulouse;16;81;Carmaux;81060;VICTOR HUGO;REP;44.051300488108595;2.1534505462975364;44.051300488108595, 2.1534505462975364
2017;0180037T;Centre-Val de Loire;24;Cher;Orléans-Tours;18;18;Vierzon;18279;EDOUARD VAILLANT;REP;47.22901280597416;2.0671149566521216;47.22901280597416, 2.0671149566521216
2018;0180593X;Centre-Val de Loire;24;Cher;Orléans-Tours;18;18;Bourges;18033;VICTOR HUGO;REP;47.110226054211594;2.409565313649583;47.110226054211594, 2.409565313649583
2016;0280657M;Centre-Val de Loire;24;Eure-et-Loir;Orléans-Tours;18;28;Lucé;28218;LES PETITS SENTIERS;REP;48.43339819251506;1.454989472728926;48.43339819251506, 1.454989472728926
2014;0360541T;Centre-Val de Loire;24;Indre;Orléans-Tours;18;36;Châteauroux;36044;ROSA PARKS;REP+;46.80038434473314;1.7056685945180377;46.80038434473314, 1.7056685945180377
2016;0371391L;Centre-Val de Loire;24;Indre-et-Loire;Orléans-Tours;18;37;Saint-Pierre-des-Corps;37233;STALINGRAD;REP;47.390112775448756;0.7297326627853571;47.390112775448756, 0.7297326627853571
2017;0450789N;Centre-Val de Loire;24;Loiret;Orléans-Tours;18;45;Montargis;45208;LE GRAND CLOS;REP;47.999177571696144;2.7404888555112725;47.999177571696144, 2.7404888555112725
2016;0271286B;Normandie;28;Eure;Rouen;21;27;Val-de-Reuil;27701;ALPHONSE ALLAIS;REP+;49.27441537372215;1.2126090888503258;49.27441537372215, 1.2126090888503258
2018;0921623P;Ile-de-France;11;Hauts-de-Seine;Versailles;25;92;Clichy;92024;JEAN JAURES;REP;48.90666303930971;2.3072864207664914;48.90666303930971, 2.3072864207664914
2016;0951617S;Ile-de-France;11;Val-d'Oise;Versailles;25;95;Cergy;95127;GERARD PHILIPE;REP;49.046237274432976;2.0432308074885728;49.046237274432976, 2.0432308074885728
2018;9741346V;La Réunion;04;La Réunion;La Réunion;28;974;Saint-Pierre;97416;LIGNE DES BAMBOUS;REP;-21.297981146652237;55.49373179682299;-21.297981146652237, 55.49373179682299
2018;0930893R;Ile-de-France;11;Seine-Saint-Denis;Créteil;24;93;Epinay-sur-Seine;93031;ROGER MARTIN DU GARD;REP+;48.95124030255269;2.336226593178637;48.95124030255269, 2.336226593178637
2017;0931199Y;Ile-de-France;11;Seine-Saint-Denis;Créteil;24;93;Drancy;93029;ARETHA FRANKLIN (PAUL LANGEVIN);REP;48.924665097725146;2.421689426021853;48.924665097725146, 2.421689426021853
2015;0941021Z;Ile-de-France;11;Val-de-Marne;Créteil;24;94;Alfortville;94002;PAUL LANGEVIN;REP;48.78810220956382;2.4272811307948183;48.78810220956382, 2.4272811307948183
2015;0941231C;Ile-de-France;11;Val-de-Marne;Créteil;24;94;Choisy-le-Roi;94022;HENRI MATISSE;REP;48.759874597767364;2.4096281262319406;48.759874597767364, 2.4096281262319406
2016;0080079T;Grand Est;44;Ardennes;Reims;19;08;Charleville-Mézières;08105;FRED SCAMARONI;REP;49.76579474979848;4.6949726944206205;49.76579474979848, 4.6949726944206205
2018;0780116C;Ile-de-France;11;Yvelines;Versailles;25;78;Mantes-la-Ville;78362;LES PLAISANCES;REP;48.97415040739862;1.7051621368163097;48.97415040739862, 1.7051621368163097
2019;0780180X;Ile-de-France;11;Yvelines;Versailles;25;78;Les Mureaux;78440;JULES VERNE;REP+;48.97948524887258;1.9226146438751084;48.97948524887258, 1.9226146438751084
2018;0780417E;Ile-de-France;11;Yvelines;Versailles;25;78;Mantes-la-Jolie;78361;PAUL CEZANNE;REP+;49.002288507170185;1.6793112816144413;49.002288507170185, 1.6793112816144413
2019;0780420H;Ile-de-France;11;Yvelines;Versailles;25;78;Plaisir;78490;BLAISE PASCAL;REP;48.82476506766831;1.949271628984812;48.82476506766831, 1.949271628984812
2017;0781955B;Ile-de-France;11;Yvelines;Versailles;25;78;Mantes-la-Jolie;78361;DE GASSICOURT;REP+;49.00177548517439;1.7006107724653186;49.00177548517439, 1.7006107724653186
2015;0911024U;Ile-de-France;11;Essonne;Versailles;25;91;Corbeil-Essonnes;91174;LOUISE MICHEL;REP+;48.591938661897096;2.4796494494491625;48.591938661897096, 2.4796494494491625
2015;0911253T;Ile-de-France;11;Essonne;Versailles;25;91;Grigny;91286;PABLO NERUDA;REP+;48.653377607820595;2.391128043160554;48.653377607820595, 2.391128043160554
2018;0911397Z;Ile-de-France;11;Essonne;Versailles;25;91;Epinay-sous-Sénart;91215;LA VALLEE;REP;48.70017361279572;2.5247627834095785;48.70017361279572, 2.5247627834095785
2015;0911443Z;Ile-de-France;11;Essonne;Versailles;25;91;Corbeil-Essonnes;91174;LA NACELLE;REP;48.59690724041396;2.461336712023124;48.59690724041396, 2.461336712023124
2016;0912173T;Ile-de-France;11;Essonne;Versailles;25;91;Evry-Courcouronnes;91228;GALILEE;REP;48.618719195715386;2.4448912868334864;48.618719195715386, 2.4448912868334864
2016;0921543C;Ile-de-France;11;Hauts-de-Seine;Versailles;25;92;Villeneuve-la-Garenne;92078;GEORGES POMPIDOU;REP;48.94177266475734;2.3276690551320613;48.94177266475734, 2.3276690551320613
2018;0921621M;Ile-de-France;11;Hauts-de-Seine;Versailles;25;92;Gennevilliers;92036;GUY MOQUET;REP+;48.934540410708635;2.287779542376342;48.934540410708635, 2.287779542376342
2016;0921675W;Ile-de-France;11;Hauts-de-Seine;Versailles;25;92;Colombes;92025;MARGUERITE DURAS;REP;48.918126488242166;2.2331613005754223;48.918126488242166, 2.2331613005754223
2016;0950039B;Ile-de-France;11;Val-d'Oise;Versailles;25;95;Saint-Ouen-l'Aumône;95572;LE PARC;REP;49.0404350389989;2.1111767643498416;49.0404350389989, 2.1111767643498416
2017;0950943J;Ile-de-France;11;Val-d'Oise;Versailles;25;95;Sarcelles;95585;CHANTEREINE;REP+;48.98416120005371;2.375387134722661;48.98416120005371, 2.375387134722661
2018;0951094Y;Ile-de-France;11;Val-d'Oise;Versailles;25;95;Argenteuil;95018;PAUL VAILLANT COUTURIER;REP;48.943769470319445;2.2465352236353207;48.943769470319445, 2.2465352236353207
2018;0951098C;Ile-de-France;11;Val-d'Oise;Versailles;25;95;Garges-lès-Gonesse;95268;PABLO PICASSO;REP;48.9720318249684;2.4174990064062225;48.9720318249684, 2.4174990064062225
2017;0951993A;Ile-de-France;11;Val-d'Oise;Versailles;25;95;Villiers-le-Bel;95680;MARTIN LUTHER KING;REP+;49.00484489907238;2.385744935988575;49.00484489907238, 2.385744935988575
2016;0501300S;Normandie;28;Manche;Caen;05;50;Saint-Vaast-la-Hougue;50562;GUILLAUME FOUACE;REP;49.589236205211506;-1.27119995876091;49.589236205211506, -1.27119995876091
2018;0610057F;Normandie;28;Orne;Caen;05;61;Flers;61169;JEAN MONNET;REP;48.74029567015151;-0.570083082053775;48.74029567015151, -0.570083082053775
2019;0100009F;Grand Est;44;Aube;Reims;19;10;La Chapelle-Saint-Luc;10081;ALBERT CAMUS;REP+;48.31168861337318;4.039035289792559;48.31168861337318, 4.039035289792559
2018;0593483R;Hauts-de-France;32;Nord;Lille;09;59;Masny;59390;ROBERT DESNOS;REP;50.342317608166105;3.200689310892901;50.342317608166105, 3.200689310892901
2019;0590002G;Hauts-de-France;32;Nord;Lille;09;59;Aniche;59008;THEODORE MONOD;REP;50.33142704002752;3.2463491444158867;50.33142704002752, 3.2463491444158867
2016;0590006L;Hauts-de-France;32;Nord;Lille;09;59;Anzin;59014;JULES FERRY;REP;50.3735744949741;3.5049390523421833;50.3735744949741, 3.5049390523421833
2016;0593235W;Hauts-de-France;32;Nord;Lille;09;59;Lille;59350;BORIS VIAN;REP+;50.63057677002072;3.0941272674390845;50.63057677002072, 3.0941272674390845
2016;0593484S;Hauts-de-France;32;Nord;Lille;09;59;Douchy-les-Mines;59179;EMILE LITTRE;REP;50.300260044948736;3.3985551893724146;50.300260044948736, 3.3985551893724146
2019;0593660H;Hauts-de-France;32;Nord;Lille;09;59;Loos;59360;RENE DESCARTES;REP+;50.60889499377326;3.0067147312333664;50.60889499377326, 3.0067147312333664
2017;0594405T;Hauts-de-France;32;Nord;Lille;09;59;Somain;59574;VICTOR HUGO;REP;50.36153892734891;3.2761862269502635;50.36153892734891, 3.2761862269502635
2018;0620119T;Hauts-de-France;32;Pas-de-Calais;Lille;09;62;Liévin;62510;PIERRE ET MARIE CURIE;REP;50.43556699877441;2.7557522451170158;50.43556699877441, 2.7557522451170158
2019;0622423X;Hauts-de-France;32;Pas-de-Calais;Lille;09;62;Montigny-en-Gohelle;62587;YOURI GAGARINE;REP;50.43106412506696;2.9319665516904587;50.43106412506696, 2.9319665516904587
2017;0622943M;Hauts-de-France;32;Pas-de-Calais;Lille;09;62;Courcelles-lès-Lens;62249;ADULPHE DELEGORGUE;REP;50.41517287550865;3.0152801884425764;50.41517287550865, 3.0152801884425764
2019;9740044E;La Réunion;04;La Réunion;La Réunion;28;974;Sainte-Rose;97419;THERESIEN CADET;REP;-21.154185427843114;55.82577402680936;-21.154185427843114, 55.82577402680936
2016;0100787B;Grand Est;44;Aube;Reims;19;10;Romilly-sur-Seine;10323;PAUL LANGEVIN;REP;48.52134379613188;3.7278663657992177;48.52134379613188, 3.7278663657992177
2015;0020056A;Hauts-de-France;32;Aisne;Amiens;20;02;Saint-Quentin;02691;MARTHE LEFEVRE;REP;49.836627638685336;3.3229754140612915;49.836627638685336, 3.3229754140612915
2019;0071156U;Auvergne-Rhône-Alpes;84;Ardèche;Grenoble;08;07;Annonay;07010;LES PERRIERES;REP;45.251692609672645;4.676279698777128;45.251692609672645, 4.676279698777128
2017;0020067M;Hauts-de-France;32;Aisne;Amiens;20;02;Vervins;02789;CONDORCET;REP;49.83633841188634;3.9137819998649896;49.83633841188634, 3.9137819998649896
2016;0131611F;Provence-Alpes-Côte d'Azur;93;Bouches-du-Rhône;Aix-Marseille;02;13;Tarascon;13108;RENE CASSIN;REP;43.81837826589648;4.662029851916059;43.81837826589648, 4.662029851916059
2017;0134022B;Provence-Alpes-Côte d'Azur;93;Bouches-du-Rhône;Aix-Marseille;02;13;Marseille 10e  Arrondissement;13210;LOUISE MICHEL;REP;43.276588920295026;5.4085359002879265;43.276588920295026, 5.4085359002879265
2015;0211357L;Bourgogne-Franche-Comté;27;Côte-d'Or;Dijon;07;21;Dijon;21231;JEAN PHILIPPE RAMEAU;REP;47.32280760346612;4.994750769473767;47.32280760346612, 4.994750769473767
2018;0250056A;Bourgogne-Franche-Comté;27;Doubs;Besançon;03;25;Sochaux;25547;JOUFFROY D'ABBANS;REP;47.512047327798165;6.841445759070088;47.512047327798165, 6.841445759070088
2015;0340836Z;Occitanie;76;Hérault;Montpellier;11;34;Béziers;34032;PAUL RIQUET;REP+;43.34503046125156;3.2190910269912676;43.34503046125156, 3.2190910269912676
2016;0421686E;Auvergne-Rhône-Alpes;84;Loire;Lyon;10;42;Saint-Etienne;42218;JEAN DASTE;REP;45.42799368238789;4.42167504819566;45.42799368238789, 4.42167504819566
2018;0440013A;Pays de la Loire;52;Loire-Atlantique;Nantes;17;44;Guémené-Penfao;44067;BELLEVUE;REP;47.62733300657911;-1.8193342985376002;47.62733300657911, -1.8193342985376002
2019;0440309X;Pays de la Loire;52;Loire-Atlantique;Nantes;17;44;Nantes;44109;ROSA PARKS;REP+;47.23090407177339;-1.5917089409660616;47.23090407177339, -1.5917089409660616
2018;0491028B;Pays de la Loire;52;Maine-et-Loire;Nantes;17;49;Angers;49007;MONTAIGNE;REP;47.4695553177496;-0.5324441945009276;47.4695553177496, -0.5324441945009276
2015;0491675E;Pays de la Loire;52;Maine-et-Loire;Nantes;17;49;Cholet;49099;JOACHIM DU BELLAY;REP;47.040265123704096;-0.8862803545470918;47.040265123704096, -0.8862803545470918
2019;0491675E;Pays de la Loire;52;Maine-et-Loire;Nantes;17;49;Cholet;49099;JOACHIM DU BELLAY;REP;47.040265123704096;-0.8862803545470918;47.040265123704096, -0.8862803545470918
2015;0491703K;Pays de la Loire;52;Maine-et-Loire;Nantes;17;49;Angers;49007;JEAN VILAR;REP+;47.44527395184882;-0.5643456468064906;47.44527395184882, -0.5643456468064906
2016;0511251H;Grand Est;44;Marne;Reims;19;51;Reims;51454;JOLIOT-CURIE;REP+;49.23189441163439;4.005971883053289;49.23189441163439, 4.005971883053289
2017;0540088C;Grand Est;44;Meurthe-et-Moselle;Nancy-Metz;12;54;Mont-Saint-Martin;54382;ANATOLE FRANCE;REP;49.54470948030997;5.790352318724787;49.54470948030997, 5.790352318724787
2018;0540088C;Grand Est;44;Meurthe-et-Moselle;Nancy-Metz;12;54;Mont-Saint-Martin;54382;ANATOLE FRANCE;REP;49.54470948030997;5.790352318724787;49.54470948030997, 5.790352318724787
2016;0541817G;Grand Est;44;Meurthe-et-Moselle;Nancy-Metz;12;54;Jarville-la-Malgrange;54274;ALBERT CAMUS;REP;48.67584250742665;6.201198042197508;48.67584250742665, 6.201198042197508
2016;0570104D;Grand Est;44;Moselle;Nancy-Metz;12;57;Stiring-Wendel;57660;NICOLAS UNTERSTELLER;REP;49.19226463396011;6.916063863875816;49.19226463396011, 6.916063863875816
2015;0572168X;Grand Est;44;Moselle;Nancy-Metz;12;57;Metz;57463;FRANCOIS RABELAIS;REP;49.097480279505874;6.171609145364587;49.097480279505874, 6.171609145364587
2019;0710536X;Bourgogne-Franche-Comté;27;Saône-et-Loire;Dijon;07;71;Chalon-sur-Saône;71076;JACQUES PREVERT;REP;46.81310830971988;4.845740006274551;46.81310830971988, 4.845740006274551
2017;0741097R;Auvergne-Rhône-Alpes;84;Haute-Savoie;Grenoble;08;74;Gaillard;74133;JACQUES PREVERT;REP;46.18490603156181;6.21679100398248;46.18490603156181, 6.21679100398248
2018;0761703N;Normandie;28;Seine-Maritime;Rouen;21;76;Dieppe;76217;ALBERT CAMUS;REP+;49.92925906931375;1.1043914140734894;49.92925906931375, 1.1043914140734894
2014;0761780X;Normandie;28;Seine-Maritime;Rouen;21;76;Rouen;76540;GEORGES BRAQUE;REP+;49.451635526235265;1.141275440727884;49.451635526235265, 1.141275440727884
2019;0771621U;Ile-de-France;11;Seine-et-Marne;Créteil;24;77;Nemours;77333;HONORE DE BALZAC;REP;48.26279125027707;2.714643292821289;48.26279125027707, 2.714643292821289
2017;0772056S;Ile-de-France;11;Seine-et-Marne;Créteil;24;77;Le Mée-sur-Seine;77285;JEAN DE LA FONTAINE;REP;48.54378921926637;2.6242374643895214;48.54378921926637, 2.6242374643895214
2019;0772056S;Ile-de-France;11;Seine-et-Marne;Créteil;24;77;Le Mée-sur-Seine;77285;JEAN DE LA FONTAINE;REP;48.54378921926637;2.6242374643895214;48.54378921926637, 2.6242374643895214
2019;0800029X;Hauts-de-France;32;Somme;Amiens;20;80;Doullens;80253;JEAN ROSTAND;REP;50.155663891466126;2.3348007017392702;50.155663891466126, 2.3348007017392702
2015;0801263N;Hauts-de-France;32;Somme;Amiens;20;80;Amiens;80021;ARTHUR RIMBAUD;REP+;49.9120671218448;2.3002655343569502;49.9120671218448, 2.3002655343569502
2017;0801263N;Hauts-de-France;32;Somme;Amiens;20;80;Amiens;80021;ARTHUR RIMBAUD;REP+;49.9120671218448;2.3002655343569502;49.9120671218448, 2.3002655343569502
2016;0801489J;Hauts-de-France;32;Somme;Amiens;20;80;Rue;80688;DU MARQUENTERRE;REP;50.26803982859514;1.6750736682504426;50.26803982859514, 1.6750736682504426
2018;0840699D;Provence-Alpes-Côte d'Azur;93;Vaucluse;Aix-Marseille;02;84;Bollène;84019;PAUL ELUARD;REP;44.275511517716396;4.745288125657382;44.275511517716396, 4.745288125657382
2019;0880045W;Grand Est;44;Vosges;Nancy-Metz;12;88;Rambervillers;88367;ALPHONSE CYTERE;REP;48.35301560900074;6.636642405074547;48.35301560900074, 6.636642405074547
2015;0890790A;Bourgogne-Franche-Comté;27;Yonne;Dijon;07;89;Sens;89387;CHAMPS PLAISANTS;REP;48.19294450765683;3.3028723884886477;48.19294450765683, 3.3028723884886477
2015;0930900Y;Ile-de-France;11;Seine-Saint-Denis;Créteil;24;93;Bobigny;93008;JEAN-PIERRE TIMBAUD;REP;48.90697838271701;2.467808919727758;48.90697838271701, 2.467808919727758
2015;0931184G;Ile-de-France;11;Seine-Saint-Denis;Créteil;24;93;Aubervilliers;93001;JEAN MOULIN;REP+;48.90794499425185;2.3914765741031716;48.90794499425185, 2.3914765741031716
2016;0931190N;Ile-de-France;11;Seine-Saint-Denis;Créteil;24;93;Sevran;93071;EVARISTE GALOIS;REP+;48.944038020987506;2.5204706538929478;48.944038020987506, 2.5204706538929478
2015;0931220W;Ile-de-France;11;Seine-Saint-Denis;Créteil;24;93;Bagnolet;93006;TRAVAIL LANGEVIN;REP;48.87519110272875;2.4240575533915782;48.87519110272875, 2.4240575533915782
2018;0941781A;Ile-de-France;11;Val-de-Marne;Créteil;24;94;Ivry-sur-Seine;94041;HENRI WALLON;REP;48.814930528118204;2.3808189133454682;48.814930528118204, 2.3808189133454682
2017;9710029E;Guadeloupe;01;Guadeloupe;Guadeloupe;32;971;Pointe-Noire;97121;COURBARIL;REP;16.234584612702104;-61.7885586530458;16.234584612702104, -61.7885586530458
2017;9710041T;Guadeloupe;01;Guadeloupe;Guadeloupe;32;971;Baillif;97104;JEAN JAURES ( JEAN JAURES);REP+;16.01802026178037;-61.7440780236232;16.01802026178037, -61.7440780236232
2015;9710938T;Guadeloupe;01;Guadeloupe;Guadeloupe;32;971;Les Abymes;97101;AURÉLIE LAMBOURDE;REP;16.270815993046682;-61.500962275565435;16.270815993046682, -61.500962275565435
2019;9710938T;Guadeloupe;01;Guadeloupe;Guadeloupe;32;971;Les Abymes;97101;AURÉLIE LAMBOURDE;REP;16.270815993046682;-61.500962275565435;16.270815993046682, -61.500962275565435
2017;9711181G;Guadeloupe;01;Guadeloupe;Guadeloupe;32;971;Sainte-Rose;97129;BOIS RADA;REP;16.28069078730079;-61.67041044710305;16.28069078730079, -61.67041044710305
2018;9720016K;Martinique;02;Martinique;Martinique;31;972;Le Morne-Rouge;97218;CHRISTIANE EDA-PIERRE;REP;14.772528165922022;-61.13435418440334;14.772528165922022, -61.13435418440334
2016;9720028Y;Martinique;02;Martinique;Martinique;31;972;Le Marigot;97216;EUGENE MONA;REP;14.822176114487469;-61.02806296226077;14.822176114487469, -61.02806296226077
2017;9720513A;Martinique;02;Martinique;Martinique;31;972;Sainte-Marie;97228;EMMANUEL SALDES;REP+;14.785477139595768;-60.9989930568565;14.785477139595768, -60.9989930568565
2017;9730145V;Guyane;03;Guyane;Guyane;33;973;Sinnamary;97312;ELIE CASTOR;REP+;5.381882952492943;-52.954835727086;5.381882952492943, -52.954835727086
2019;9730247F;Guyane;03;Guyane;Guyane;33;973;Cayenne;97302;JUSTIN CATAYEE;REP+;4.9176399313382335;-52.30855955893174;4.9176399313382335, -52.30855955893174
2019;9730370P;Guyane;03;Guyane;Guyane;33;973;Remire-Montjoly;97309;REEBERG NERON;REP+;4.894415080837417;-52.279063458238966;4.894415080837417, -52.279063458238966
2017;9730373T;Guyane;03;Guyane;Guyane;33;973;Mana;97306;PAULE BERTHELOT;REP+;5.604712438037872;-53.815128745813944;5.604712438037872, -53.815128745813944
2016;9730374U;Guyane;03;Guyane;Guyane;33;973;Macouria;97305;ANTOINE SYLVERE FELIX;REP+;4.927894589065533;-52.41104460419332;4.927894589065533, -52.41104460419332
2015;9740039Z;La Réunion;04;La Réunion;La Réunion;28;974;Saint-Paul;97415;ALBERT LOUGNON;REP+;-21.039972700539806;55.295941421056895;-21.039972700539806, 55.295941421056895
2018;9740574F;La Réunion;04;La Réunion;La Réunion;28;974;Saint-Pierre;97416;PAUL HERMANN;REP+;-21.334278368093653;55.46804203609736;-21.334278368093653, 55.46804203609736
2017;9740576H;La Réunion;04;La Réunion;La Réunion;28;974;Saint-Pierre;97416;LES TAMARINS;REP+;-21.337413045429642;55.476615280343914;-21.337413045429642, 55.476615280343914
2015;9740577J;La Réunion;04;La Réunion;La Réunion;28;974;Saint-Joseph;97412;JOSEPH HUBERT;REP;-21.373477936389445;55.62781350172971;-21.373477936389445, 55.62781350172971
2016;9740620F;La Réunion;04;La Réunion;La Réunion;28;974;Le Tampon;97422;MICHEL DEBRE;REP;-21.217578073671614;55.553972415667666;-21.217578073671614, 55.553972415667666
2017;9740645H;La Réunion;04;La Réunion;La Réunion;28;974;Saint-Denis;97411;MONTGAILLARD;REP+;-20.90259846929564;55.46854848337027;-20.90259846929564, 55.46854848337027
2016;9741045T;La Réunion;04;La Réunion;La Réunion;28;974;Le Port;97407;TITAN;REP+;-20.942751622332008;55.29099837265944;-20.942751622332008, 55.29099837265944
2016;9840233F;TOM et Collectivités territoriales;00;Polynésie Française;Polynésie Française;41;987;Faaa;98715;DE HENRI HIRO (FAAA);REP+;;;
2016;0801443J;Hauts-de-France;32;Somme;Amiens;20;80;Beaucamps-le-Vieux;80062;MAL LECLERC DE HAUTECLOCQUE;REP;49.840610251386366;1.7850473314468809;49.840610251386366, 1.7850473314468809
2016;0921631Y;Ile-de-France;11;Hauts-de-Seine;Versailles;25;92;Bagneux;92007;HENRI BARBUSSE;REP;48.7964575392585;2.31779890558426;48.7964575392585, 2.31779890558426
2017;0220008P;Bretagne;53;Côtes-d'Armor;Rennes;14;22;Le Mené;22046;VICTOR VASARELY;REP;48.29702664504201;-2.5124006885687087;48.29702664504201, -2.5124006885687087
2016;0921621M;Ile-de-France;11;Hauts-de-Seine;Versailles;25;92;Gennevilliers;92036;GUY MOQUET;REP+;48.934540410708635;2.287779542376342;48.934540410708635, 2.287779542376342
2016;0950045H;Ile-de-France;11;Val-d'Oise;Versailles;25;95;Sarcelles;95585;EVARISTE GALOIS;REP;48.9753167986829;2.3737763017274895;48.9753167986829, 2.3737763017274895
2015;0950886X;Ile-de-France;11;Val-d'Oise;Versailles;25;95;Argenteuil;95018;CLAUDE MONET;REP+;48.95484737299336;2.22377664854072;48.95484737299336, 2.22377664854072
2017;0950895G;Ile-de-France;11;Val-d'Oise;Versailles;25;95;Pontoise;95500;SIMONE VEIL;REP;49.04405966784812;2.0844612413354215;49.04405966784812, 2.0844612413354215
2016;0951098C;Ile-de-France;11;Val-d'Oise;Versailles;25;95;Garges-lès-Gonesse;95268;PABLO PICASSO;REP;48.9720318249684;2.4174990064062225;48.9720318249684, 2.4174990064062225
2016;0951697D;Ile-de-France;11;Val-d'Oise;Versailles;25;95;Cergy;95127;MOULIN A VENT;REP;49.04770944853642;2.016635619754739;49.04770944853642, 2.016635619754739
2018;0550758A;Grand Est;44;Meuse;Nancy-Metz;12;55;Verdun;55545;MAURICE BARRES;REP;49.152766842436904;5.405023985655487;49.152766842436904, 5.405023985655487
2018;0690094C;Auvergne-Rhône-Alpes;84;Rhône;Lyon;10;69;Vénissieux;69259;JULES MICHELET;REP+;45.688818406807236;4.872191381653365;45.688818406807236, 4.872191381653365
2017;0692578C;Auvergne-Rhône-Alpes;84;Rhône;Lyon;10;69;Lyon 7e  Arrondissement;69387;GABRIEL ROSSET;REP;45.72973324798414;4.840099666064277;45.72973324798414, 4.840099666064277
2019;0160864C;Nouvelle-Aquitaine;75;Charente;Poitiers;13;16;Cognac;16102;CLAUDE BOUCHER;REP;45.69170031539395;-0.34876048375285473;45.69170031539395, -0.34876048375285473
2016;0560020T;Bretagne;53;Morbihan;Rennes;14;56;Josselin;56091;MAX JACOB;REP;47.95977164494284;-2.552341992855388;47.95977164494284, -2.552341992855388
2015;0090490J;Occitanie;76;Ariège;Toulouse;16;09;Lavelanet;09160;LOUIS PASTEUR;REP;42.923099607067826;1.842259562340841;42.923099607067826, 1.842259562340841
2017;0650034J;Occitanie;76;Hautes-Pyrénées;Toulouse;16;65;Tarbes;65440;PAUL ELUARD;REP;43.243534972159864;0.0582513971968151;43.243534972159864, 0.0582513971968151
2015;0820017Y;Occitanie;76;Tarn-et-Garonne;Toulouse;16;82;Moissac;82112;FRANCOIS MITTERRAND;REP;44.1028627464127;1.0912714615717178;44.1028627464127, 1.0912714615717178
2019;0752958H;Ile-de-France;11;Paris;Paris;01;75;Paris 17e  Arrondissement;75117;BORIS VIAN;REP;48.89055340931243;2.304478506272597;48.89055340931243, 2.304478506272597
2016;0753938Y;Ile-de-France;11;Paris;Paris;01;75;Paris 19e  Arrondissement;75119;GEORGES ROUAULT;REP+;48.88660486762876;2.3990749972329106;48.88660486762876, 2.3990749972329106
2017;0755747P;Ile-de-France;11;Paris;Paris;01;75;Paris 19e  Arrondissement;75119;SUZANNE LACORE;REP;48.898796984387936;2.3791653645815147;48.898796984387936, 2.3791653645815147
2018;0240037K;Nouvelle-Aquitaine;75;Dordogne;Bordeaux;04;24;Terrasson-Lavilledieu;24547;JULES FERRY;REP;45.13091308470604;1.2987975003631744;45.13091308470604, 1.2987975003631744
2019;0301010K;Occitanie;76;Gard;Montpellier;11;30;Nîmes;30189;ADA LOVELACE;REP+;43.85767754358467;4.394937901878512;43.85767754358467, 4.394937901878512
2015;0010035H;Auvergne-Rhône-Alpes;84;Ain;Lyon;10;01;Oyonnax;01283;LOUIS LUMIERE;REP+;46.25485445619305;5.638293758962887;46.25485445619305, 5.638293758962887
2017;0020090M;Hauts-de-France;32;Aisne;Amiens;20;02;Laon;02408;CHARLEMAGNE;REP+;49.562295092692814;3.6408474695518827;49.562295092692814, 3.6408474695518827
2015;0030021G;Auvergne-Rhône-Alpes;84;Allier;Clermont-Ferrand;06;03;Lurcy-Lévis;03155;ANDRE BOUTRY;REP;46.73330275144075;2.9382661013351585;46.73330275144075, 2.9382661013351585
2019;0771029A;Ile-de-France;11;Seine-et-Marne;Créteil;24;77;Meaux;77284;HENRI DUNANT;REP+;48.94575695819722;2.898224073484964;48.94575695819722, 2.898224073484964
2016;0771176K;Ile-de-France;11;Seine-et-Marne;Créteil;24;77;Provins;77379;JULES VERNE;REP;48.545041764496204;3.29091511419333;48.545041764496204, 3.29091511419333
2016;0771618R;Ile-de-France;11;Seine-et-Marne;Créteil;24;77;Moissy-Cramayel;77296;LES MAILLETTES;REP;48.62336631008905;2.5878120464992356;48.62336631008905, 2.5878120464992356
2017;0771761W;Ile-de-France;11;Seine-et-Marne;Créteil;24;77;Montereau-Fault-Yonne;77305;ANDRE MALRAUX;REP+;48.3945182782447;2.9589810457155954;48.3945182782447, 2.9589810457155954
2016;0772056S;Ile-de-France;11;Seine-et-Marne;Créteil;24;77;Le Mée-sur-Seine;77285;JEAN DE LA FONTAINE;REP;48.54378921926637;2.6242374643895214;48.54378921926637, 2.6242374643895214
2018;0801616X;Hauts-de-France;32;Somme;Amiens;20;80;Amiens;80021;GUY MARESCHAL;REP+;49.870864563152736;2.3281177436464473;49.870864563152736, 2.3281177436464473
2019;0801616X;Hauts-de-France;32;Somme;Amiens;20;80;Amiens;80021;GUY MARESCHAL;REP+;49.870864563152736;2.3281177436464473;49.870864563152736, 2.3281177436464473
2016;0830181W;Provence-Alpes-Côte d'Azur;93;Var;Nice;23;83;Toulon;83137;LA MARQUISANNE;REP+;43.13255825263484;5.891004403930202;43.13255825263484, 5.891004403930202
2015;0840051Z;Provence-Alpes-Côte d'Azur;93;Vaucluse;Aix-Marseille;02;84;Avignon;84007;JEAN BRUNET;REP+;43.94730404454069;4.839435972321937;43.94730404454069, 4.839435972321937
2017;0840051Z;Provence-Alpes-Côte d'Azur;93;Vaucluse;Aix-Marseille;02;84;Avignon;84007;JEAN BRUNET;REP+;43.94730404454069;4.839435972321937;43.94730404454069, 4.839435972321937
2017;0840108L;Provence-Alpes-Côte d'Azur;93;Vaucluse;Aix-Marseille;02;84;Avignon;84007;ANSELME MATHIEU;REP+;43.93255786917063;4.816839111561336;43.93255786917063, 4.816839111561336
2016;0880045W;Grand Est;44;Vosges;Nancy-Metz;12;88;Rambervillers;88367;ALPHONSE CYTERE;REP;48.35301560900074;6.636642405074547;48.35301560900074, 6.636642405074547
2019;0890056C;Bourgogne-Franche-Comté;27;Yonne;Dijon;07;89;Auxerre;89024;BIENVENU MARTIN;REP;47.801699966877834;3.5494534030156975;47.801699966877834, 3.5494534030156975
2017;0931232J;Ile-de-France;11;Seine-Saint-Denis;Créteil;24;93;Saint-Denis;93066;HENRI BARBUSSE;REP;48.939638730713206;2.3772882388315026;48.939638730713206, 2.3772882388315026
2016;0931381W;Ile-de-France;11;Seine-Saint-Denis;Créteil;24;93;Romainville;93063;GUSTAVE COURBET;REP;48.87832505139174;2.442439542110729;48.87832505139174, 2.442439542110729
2017;0931381W;Ile-de-France;11;Seine-Saint-Denis;Créteil;24;93;Romainville;93063;GUSTAVE COURBET;REP;48.87832505139174;2.442439542110729;48.87832505139174, 2.442439542110729
2014;0931489N;Ile-de-France;11;Seine-Saint-Denis;Créteil;24;93;Saint-Denis;93066;FEDERICO GARCIA LORCA;REP+;48.924394743649856;2.3727720012393645;48.924394743649856, 2.3727720012393645
2015;0931490P;Ile-de-France;11;Seine-Saint-Denis;Créteil;24;93;Saint-Denis;93066;LA COURTILLE;REP+;48.93995854397324;2.3822643367142105;48.93995854397324, 2.3822643367142105
2017;0931490P;Ile-de-France;11;Seine-Saint-Denis;Créteil;24;93;Saint-Denis;93066;LA COURTILLE;REP+;48.93995854397324;2.3822643367142105;48.93995854397324, 2.3822643367142105
2019;0931546A;Ile-de-France;11;Seine-Saint-Denis;Créteil;24;93;Montfermeil;93047;JEAN JAURES;REP;48.89782782415864;2.560430122723383;48.89782782415864, 2.560430122723383
2017;0931709C;Ile-de-France;11;Seine-Saint-Denis;Créteil;24;93;Aubervilliers;93001;HENRI WALLON;REP+;48.91197743782545;2.3884673657201105;48.91197743782545, 2.3884673657201105
2019;0931765N;Ile-de-France;11;Seine-Saint-Denis;Créteil;24;93;L'Ile-Saint-Denis;93039;ALFRED SISLEY;REP;48.94580713209793;2.3283623403976463;48.94580713209793, 2.3283623403976463
2015;0932261C;Ile-de-France;11;Seine-Saint-Denis;Créteil;24;93;Saint-Ouen-sur-Seine;93070;JOSEPHINE BAKER;REP;48.90591208390695;2.337160701771719;48.90591208390695, 2.337160701771719
2019;0932261C;Ile-de-France;11;Seine-Saint-Denis;Créteil;24;93;Saint-Ouen-sur-Seine;93070;JOSEPHINE BAKER;REP;48.90591208390695;2.337160701771719;48.90591208390695, 2.337160701771719
2017;0932262D;Ile-de-France;11;Seine-Saint-Denis;Créteil;24;93;Sevran;93071;DE LA PLEIADE;REP;48.94846764832858;2.5378348716546046;48.94846764832858, 2.5378348716546046
2017;0940792A;Ile-de-France;11;Val-de-Marne;Créteil;24;94;Villeneuve-Saint-Georges;94078;JULES FERRY;REP+;48.73208699336739;2.450007650514465;48.73208699336739, 2.450007650514465
2018;0941024C;Ile-de-France;11;Val-de-Marne;Créteil;24;94;Maisons-Alfort;94046;JULES FERRY;REP;48.79246922741321;2.434551245936811;48.79246922741321, 2.434551245936811
2018;0941025D;Ile-de-France;11;Val-de-Marne;Créteil;24;94;Ivry-sur-Seine;94041;GEORGES POLITZER;REP;48.80786344286523;2.3927968519947727;48.80786344286523, 2.3927968519947727
2019;0941025D;Ile-de-France;11;Val-de-Marne;Créteil;24;94;Ivry-sur-Seine;94041;GEORGES POLITZER;REP;48.80786344286523;2.3927968519947727;48.80786344286523, 2.3927968519947727
2018;0941033M;Ile-de-France;11;Val-de-Marne;Créteil;24;94;Vitry-sur-Seine;94081;JEAN PERRIN;REP;48.79558974328478;2.380065590824601;48.79558974328478, 2.380065590824601
2019;6200697N;Corse;94;Corse-du-Sud;Corse;27;2A;Porto-Vecchio;2A247;MARIA DE PERETTI;REP;41.577652607028014;9.266886497166388;41.577652607028014, 9.266886497166388
2017;9710026B;Guadeloupe;01;Guadeloupe;Guadeloupe;32;971;Bouillante;97106;FONTAINES BOUILLANTES;REP;16.14245385751594;-61.76601245036771;16.14245385751594, -61.76601245036771
2019;9711181G;Guadeloupe;01;Guadeloupe;Guadeloupe;32;971;Sainte-Rose;97129;BOIS RADA;REP;16.28069078730079;-61.67041044710305;16.28069078730079, -61.67041044710305
2016;9720351Z;Martinique;02;Martinique;Martinique;31;972;La Trinité;97230;DE BEAUSEJOUR (BEAUSEJOUR);REP;14.745661327847067;-60.949924943708055;14.745661327847067, -60.949924943708055
2015;9720513A;Martinique;02;Martinique;Martinique;31;972;Sainte-Marie;97228;EMMANUEL SALDES;REP+;14.785477139595768;-60.9989930568565;14.785477139595768, -60.9989930568565
2019;9720848P;Martinique;02;Martinique;Martinique;31;972;Le Lamentin;97213;PLACES D'ARMES 2;REP;14.617036458785629;-60.98841969342703;14.617036458785629, -60.98841969342703
2016;9720861D;Martinique;02;Martinique;Martinique;31;972;Le Robert;97222;PONTALERY (CLG ROBERT 3);REP;14.670036478971713;-60.94447582026197;14.670036478971713, -60.94447582026197
2018;9730348R;Guyane;03;Guyane;Guyane;33;973;Saint-Laurent-du-Maroni;97311;LEODATE VOLMAR;REP+;5.482568479589605;-54.03874387598244;5.482568479589605, -54.03874387598244
2016;9740018B;La Réunion;04;La Réunion;La Réunion;28;974;Saint-Leu;97413;CHALOUPE ST LEU;REP;-21.15181438318516;55.31992353682122;-21.15181438318516, 55.31992353682122
2016;9740022F;La Réunion;04;La Réunion;La Réunion;28;974;Sainte-Marie;97418;ADRIEN CERNEAU;REP;-20.895126339271858;55.552644305846776;-20.895126339271858, 55.552644305846776
2017;9740620F;La Réunion;04;La Réunion;La Réunion;28;974;Le Tampon;97422;MICHEL DEBRE;REP;-21.217578073671614;55.553972415667666;-21.217578073671614, 55.553972415667666
2015;9740841W;La Réunion;04;La Réunion;La Réunion;28;974;Saint-Louis;97414;PLATEAU GOYAVES;REP+;-21.27954118583102;55.42000430939853;-21.27954118583102, 55.42000430939853
2016;0752196E;Ile-de-France;11;Paris;Paris;01;75;Paris 18e  Arrondissement;75118;MARX DORMOY;REP;48.88849618531902;2.359696353257164;48.88849618531902, 2.359696353257164
2015;0752544H;Ile-de-France;11;Paris;Paris;01;75;Paris 14e  Arrondissement;75114;FRANCOIS VILLON;REP;48.82633823074932;2.3058051533120643;48.82633823074932, 2.3058051533120643
2019;0754706H;Ile-de-France;11;Paris;Paris;01;75;Paris 18e  Arrondissement;75118;MARIE CURIE;REP;48.89327614729706;2.3506890807613026;48.89327614729706, 2.3506890807613026
2016;0810787R;Occitanie;76;Tarn;Toulouse;16;81;Carmaux;81060;VICTOR HUGO;REP;44.051300488108595;2.1534505462975364;44.051300488108595, 2.1534505462975364
2015;0180766K;Centre-Val de Loire;24;Cher;Orléans-Tours;18;18;Bourges;18033;LE GRAND MEAULNES;REP+;47.09925745215562;2.4118912457535915;47.09925745215562, 2.4118912457535915
2018;0280656L;Centre-Val de Loire;24;Eure-et-Loir;Orléans-Tours;18;28;Châteaudun;28088;TOMAS DIVI;REP;48.079107307943175;1.3507761722993146;48.079107307943175, 1.3507761722993146
2019;0450936Y;Centre-Val de Loire;24;Loiret;Orléans-Tours;18;45;Orléans;45234;JEAN ROSTAND;REP+;47.91707722679191;1.9383127513480436;47.91707722679191, 1.9383127513480436
2018;0451450G;Centre-Val de Loire;24;Loiret;Orléans-Tours;18;45;Gien;45155;JEAN MERMOZ;REP;47.70795055745937;2.6209507722745498;47.70795055745937, 2.6209507722745498
2017;0930611J;Ile-de-France;11;Seine-Saint-Denis;Créteil;24;93;Le Blanc-Mesnil;93007;NELSON MANDELA;REP;48.94803458237947;2.4608380346264607;48.94803458237947, 2.4608380346264607
2015;0931185H;Ile-de-France;11;Seine-Saint-Denis;Créteil;24;93;Aubervilliers;93001;GABRIEL PERI;REP;48.91908120642866;2.400967873810693;48.91908120642866, 2.400967873810693
2017;0931185H;Ile-de-France;11;Seine-Saint-Denis;Créteil;24;93;Aubervilliers;93001;GABRIEL PERI;REP;48.91908120642866;2.400967873810693;48.91908120642866, 2.400967873810693
2016;0941021Z;Ile-de-France;11;Val-de-Marne;Créteil;24;94;Alfortville;94002;PAUL LANGEVIN;REP;48.78810220956382;2.4272811307948183;48.78810220956382, 2.4272811307948183
2019;0941042X;Ile-de-France;11;Val-de-Marne;Créteil;24;94;Orly;94054;DORVAL;REP;48.74391539369027;2.3970831856294303;48.74391539369027, 2.3970831856294303
2018;0941044Z;Ile-de-France;11;Val-de-Marne;Créteil;24;94;Orly;94054;ROBERT DESNOS;REP+;48.74716494108484;2.409842544423456;48.74716494108484, 2.409842544423456
2015;0780180X;Ile-de-France;11;Yvelines;Versailles;25;78;Les Mureaux;78440;JULES VERNE;REP+;48.97948524887258;1.9226146438751084;48.97948524887258, 1.9226146438751084
2019;0780417E;Ile-de-France;11;Yvelines;Versailles;25;78;Mantes-la-Jolie;78361;PAUL CEZANNE;REP+;49.002288507170185;1.6793112816144413;49.002288507170185, 1.6793112816144413
2015;0780420H;Ile-de-France;11;Yvelines;Versailles;25;78;Plaisir;78490;BLAISE PASCAL;REP;48.82476506766831;1.949271628984812;48.82476506766831, 1.949271628984812
2015;0781955B;Ile-de-France;11;Yvelines;Versailles;25;78;Mantes-la-Jolie;78361;DE GASSICOURT;REP+;49.00177548517439;1.7006107724653186;49.00177548517439, 1.7006107724653186
2014;0911253T;Ile-de-France;11;Essonne;Versailles;25;91;Grigny;91286;PABLO NERUDA;REP+;48.653377607820595;2.391128043160554;48.653377607820595, 2.391128043160554
2016;0911253T;Ile-de-France;11;Essonne;Versailles;25;91;Grigny;91286;PABLO NERUDA;REP+;48.653377607820595;2.391128043160554;48.653377607820595, 2.391128043160554
2016;0911443Z;Ile-de-France;11;Essonne;Versailles;25;91;Corbeil-Essonnes;91174;LA NACELLE;REP;48.59690724041396;2.461336712023124;48.59690724041396, 2.461336712023124
2018;0911729K;Ile-de-France;11;Essonne;Versailles;25;91;Evry-Courcouronnes;91228;LES PYRAMIDES;REP+;48.63442827843204;2.431692112699378;48.63442827843204, 2.431692112699378
2016;0911865H;Ile-de-France;11;Essonne;Versailles;25;91;Evry-Courcouronnes;91228;PAUL ELUARD;REP;48.62304584134616;2.4429485467828793;48.62304584134616, 2.4429485467828793
2018;0920592U;Ile-de-France;11;Hauts-de-Seine;Versailles;25;92;Colombes;92025;MOULIN JOLY;REP;48.92818035945525;2.2431414753562584;48.92818035945525, 2.2431414753562584
2016;0921545E;Ile-de-France;11;Hauts-de-Seine;Versailles;25;92;Asnières-sur-Seine;92004;ANDRE MALRAUX;REP;48.92643021819668;2.2775087494614703;48.92643021819668, 2.2775087494614703
2019;0921589C;Ile-de-France;11;Hauts-de-Seine;Versailles;25;92;Nanterre;92050;EVARISTE GALOIS;REP+;48.88740374784261;2.2203525844504752;48.88740374784261, 2.2203525844504752
2017;0921621M;Ile-de-France;11;Hauts-de-Seine;Versailles;25;92;Gennevilliers;92036;GUY MOQUET;REP+;48.934540410708635;2.287779542376342;48.934540410708635, 2.287779542376342
2016;0921940J;Ile-de-France;11;Hauts-de-Seine;Versailles;25;92;Nanterre;92050;PAUL ELUARD;REP;48.89341657186662;2.222682130375174;48.89341657186662, 2.222682130375174
2019;0950939E;Ile-de-France;11;Val-d'Oise;Versailles;25;95;Villiers-le-Bel;95680;LEON BLUM;REP;49.00484986513063;2.4124196194712924;49.00484986513063, 2.4124196194712924
2018;0951356H;Ile-de-France;11;Val-d'Oise;Versailles;25;95;Argenteuil;95018;LUCIE AUBRAC;REP;48.95359895553779;2.230860343204731;48.95359895553779, 2.230860343204731
2019;0080068F;Grand Est;44;Ardennes;Reims;19;08;Charleville-Mézières;08105;ROUGET DE LISLE;REP;49.78678776569225;4.716602522892165;49.78678776569225, 4.716602522892165
2015;0400648M;Nouvelle-Aquitaine;75;Landes;Bordeaux;04;40;Mont-de-Marsan;40192;VICTOR DURUY;REP;43.89747628754074;-0.5009549383009567;43.89747628754074, -0.5009549383009567
2018;0700786Z;Bourgogne-Franche-Comté;27;Haute-Saône;Besançon;03;70;Vesoul;70550;JACQUES BREL;REP;47.63264042849301;6.1685514150093415;47.63264042849301, 6.1685514150093415
2016;0331891B;Nouvelle-Aquitaine;75;Gironde;Bordeaux;04;33;Lesparre-Médoc;33240;LES LESQUES;REP;45.299778351907634;-0.9264684515393479;45.299778351907634, -0.9264684515393479
2018;0021518P;Hauts-de-France;32;Aisne;Amiens;20;02;La Fère;02304;MARIE DE LUXEMBOURG;REP;49.66395474914851;3.364096263402182;49.66395474914851, 3.364096263402182
2018;0590031N;Hauts-de-France;32;Nord;Lille;09;59;Bruay-sur-l'Escaut;59112;JEAN MACE;REP;50.399192131331574;3.545290512818122;50.399192131331574, 3.545290512818122
2015;0590058T;Hauts-de-France;32;Nord;Lille;09;59;Dechy;59170;PAUL LANGEVIN;REP;50.34717672056498;3.131066426019241;50.34717672056498, 3.131066426019241
2015;0590099M;Hauts-de-France;32;Nord;Lille;09;59;Hautmont;59291;AUGUSTE PERIER;REP;50.24676995709815;3.9168167456239322;50.24676995709815, 3.9168167456239322
2018;0592714E;Hauts-de-France;32;Nord;Lille;09;59;Tourcoing;59599;MENDES-FRANCE;REP+;50.73603904171261;3.189487898174909;50.73603904171261, 3.189487898174909
2016;0593177H;Hauts-de-France;32;Nord;Lille;09;59;Lille;59350;JEAN ZAY;REP;50.647749627649176;2.9854987317161483;50.647749627649176, 2.9854987317161483
2016;0593242D;Hauts-de-France;32;Nord;Lille;09;59;Wattrelos;59650;GUSTAVE NADAUD;REP;50.70884740732559;3.1978302784174524;50.70884740732559, 3.1978302784174524
2019;0593484S;Hauts-de-France;32;Nord;Lille;09;59;Douchy-les-Mines;59179;EMILE LITTRE;REP;50.300260044948736;3.3985551893724146;50.300260044948736, 3.3985551893724146
2018;0594288R;Hauts-de-France;32;Nord;Lille;09;59;Lille;59350;LOUISE MICHEL;REP+;50.60615198573479;3.046264386888319;50.60615198573479, 3.046264386888319
2016;0594362W;Hauts-de-France;32;Nord;Lille;09;59;Maubeuge;59392;VAUBAN;REP+;50.27445923497275;3.9417317994370746;50.27445923497275, 3.9417317994370746
2017;0594412A;Hauts-de-France;32;Nord;Lille;09;59;Vieux-Condé;59616;JEAN JAURES;REP;50.46468284594241;3.566440487065162;50.46468284594241, 3.566440487065162
2019;0594412A;Hauts-de-France;32;Nord;Lille;09;59;Vieux-Condé;59616;JEAN JAURES;REP;50.46468284594241;3.566440487065162;50.46468284594241, 3.566440487065162
2015;0594879H;Hauts-de-France;32;Nord;Lille;09;59;Fourmies;59249;JOLIOT-CURIE;REP;50.01822256383901;4.060953490354967;50.01822256383901, 4.060953490354967
2019;0595168X;Hauts-de-France;32;Nord;Lille;09;59;Roubaix;59512;MAXENCE VAN DER MEERSCH;REP+;50.68128084233904;3.207217144531587;50.68128084233904, 3.207217144531587
2017;0620198D;Hauts-de-France;32;Pas-de-Calais;Lille;09;62;Bruay-la-Buissière;62178;ALBERT CAMUS;REP;50.475474224343714;2.558435030164203;50.475474224343714, 2.558435030164203
2015;0622418S;Hauts-de-France;32;Pas-de-Calais;Lille;09;62;Lens;62498;JEAN ZAY;REP+;50.44273592458521;2.823896277002616;50.44273592458521, 2.823896277002616
2019;0622420U;Hauts-de-France;32;Pas-de-Calais;Lille;09;62;Avion;62065;PAUL LANGEVIN;REP+;50.39828809948191;2.8385189020338704;50.39828809948191, 2.8385189020338704
2018;0622434J;Hauts-de-France;32;Pas-de-Calais;Lille;09;62;Saint-Martin-Boulogne;62758;ROGER SALENGRO;REP;50.72761762889478;1.6306109980325028;50.72761762889478, 1.6306109980325028
2019;0622791X;Hauts-de-France;32;Pas-de-Calais;Lille;09;62;Harnes;62413;VICTOR HUGO;REP;50.45054797978168;2.901046306449288;50.45054797978168, 2.901046306449288
2015;0622943M;Hauts-de-France;32;Pas-de-Calais;Lille;09;62;Courcelles-lès-Lens;62249;ADULPHE DELEGORGUE;REP;50.41517287550865;3.0152801884425764;50.41517287550865, 3.0152801884425764
2016;9740044E;La Réunion;04;La Réunion;La Réunion;28;974;Sainte-Rose;97419;THERESIEN CADET;REP;-21.154185427843114;55.82577402680936;-21.154185427843114, 55.82577402680936
2017;0240055E;Nouvelle-Aquitaine;75;Dordogne;Bordeaux;04;24;Saint Aulaye-Puymangou;24376;DRONNE-DOUBLE;REP;45.199467511818135;0.1338589652677283;45.199467511818135, 0.1338589652677283
2015;0330140Y;Nouvelle-Aquitaine;75;Gironde;Bordeaux;04;33;Bordeaux;33063;GRAND PARC;REP;44.85653876581499;-0.5827966597472354;44.85653876581499, -0.5827966597472354
2019;0330140Y;Nouvelle-Aquitaine;75;Gironde;Bordeaux;04;33;Bordeaux;33063;GRAND PARC;REP;44.85653876581499;-0.5827966597472354;44.85653876581499, -0.5827966597472354
2018;0332082J;Nouvelle-Aquitaine;75;Gironde;Bordeaux;04;33;Bordeaux;33063;EDOUARD VAILLANT;REP;44.86417721399051;-0.5645451466344884;44.86417721399051, -0.5645451466344884
2019;0332082J;Nouvelle-Aquitaine;75;Gironde;Bordeaux;04;33;Bordeaux;33063;EDOUARD VAILLANT;REP;44.86417721399051;-0.5645451466344884;44.86417721399051, -0.5645451466344884
2019;0470102F;Nouvelle-Aquitaine;75;Lot-et-Garonne;Bordeaux;04;47;Sainte-Livrade-sur-Lot;47252;PAUL FROMENT;REP;44.402859301269956;0.5990460074059903;44.402859301269956, 0.5990460074059903
2016;0800018K;Hauts-de-France;32;Somme;Amiens;20;80;Amiens;80021;EDOUARD LUCAS;REP;49.89883625002647;2.2682019267376337;49.89883625002647, 2.2682019267376337
2019;0020055Z;Hauts-de-France;32;Aisne;Amiens;20;02;Saint-Quentin;02691;GABRIEL HANOTAUX;REP;49.86071884832814;3.273621537678239;49.86071884832814, 3.273621537678239
2019;0050452P;Provence-Alpes-Côte d'Azur;93;Hautes-Alpes;Aix-Marseille;02;05;Laragne-Montéglin;05070;HAUTS DE PLAINE (LES);REP;44.31978591392614;5.821638502366248;44.31978591392614, 5.821638502366248
2018;0100807Y;Grand Est;44;Aube;Reims;19;10;La Chapelle-Saint-Luc;10081;PIERRE BROSSOLETTE;REP+;48.305258527536495;4.033705039109518;48.305258527536495, 4.033705039109518
2017;0132204A;Provence-Alpes-Côte d'Azur;93;Bouches-du-Rhône;Aix-Marseille;02;13;Marseille 10e  Arrondissement;13210;PONT DE VIVAUX;REP;43.27705881258553;5.416832831934671;43.27705881258553, 5.416832831934671
2017;0132208E;Provence-Alpes-Côte d'Azur;93;Bouches-du-Rhône;Aix-Marseille;02;13;Martigues;13056;MARCEL PAGNOL;REP;43.41239943428008;5.04205763920382;43.41239943428008, 5.04205763920382
2018;0132214L;Provence-Alpes-Côte d'Azur;93;Bouches-du-Rhône;Aix-Marseille;02;13;Vitrolles;13117;HENRI FABRE;REP+;43.44084490848204;5.250805055400931;43.44084490848204, 5.250805055400931
2019;0132572A;Provence-Alpes-Côte d'Azur;93;Bouches-du-Rhône;Aix-Marseille;02;13;Arles;13004;AMPERE;REP+;43.67347246794884;4.62668966743531;43.67347246794884, 4.62668966743531
2018;0133788X;Provence-Alpes-Côte d'Azur;93;Bouches-du-Rhône;Aix-Marseille;02;13;Marseille  2e  Arrondissement;13202;JEAN CLAUDE IZZO;REP+;43.30735309691616;5.369271084312032;43.30735309691616, 5.369271084312032
2015;0141137K;Normandie;28;Calvados;Caen;05;14;Colombelles;14167;HENRI SELLIER;REP;49.205632386022586;-0.3001688522838891;49.205632386022586, -0.3001688522838891
2014;0251080N;Bourgogne-Franche-Comté;27;Doubs;Besançon;03;25;Besançon;25056;DIDEROT;REP+;47.22135259462659;5.971546674758418;47.22135259462659, 5.971546674758418
2019;0300037C;Occitanie;76;Gard;Montpellier;11;30;Saint-Gilles;30258;JEAN VILAR;REP;43.68571903132634;4.433340756512215;43.68571903132634, 4.433340756512215
2017;0301094B;Occitanie;76;Gard;Montpellier;11;30;Nîmes;30189;DIDEROT;REP+;43.828013812772184;4.328917554045896;43.828013812772184, 4.328917554045896
2019;0381903M;Auvergne-Rhône-Alpes;84;Isère;Grenoble;08;38;Echirolles;38151;JEAN VILAR;REP+;45.156023485753394;5.730742898268143;45.156023485753394, 5.730742898268143
2018;0440311Z;Pays de la Loire;52;Loire-Atlantique;Nantes;17;44;Saint-Herblain;44162;ERNEST RENAN;REP;47.21455513363384;-1.6136721785401997;47.21455513363384, -1.6136721785401997
2019;0440536U;Pays de la Loire;52;Loire-Atlantique;Nantes;17;44;Nantes;44109;SOPHIE GERMAIN;REP+;47.214925766511755;-1.5361600679820884;47.214925766511755, -1.5361600679820884
2019;0511214T;Grand Est;44;Marne;Reims;19;51;Reims;51454;TROIS FONTAINES;REP;49.27653804770413;4.01000843095502;49.27653804770413, 4.01000843095502
2015;0570127D;Grand Est;44;Moselle;Nancy-Metz;12;57;Metz;57463;LES HAUTS DE BLEMONT;REP+;49.118425454510806;6.227211852188134;49.118425454510806, 6.227211852188134
2017;0580005R;Bourgogne-Franche-Comté;27;Nièvre;Dijon;07;58;Château-Chinon (Ville);58062;BIBRACTE;REP;47.05796324794272;3.930724852309485;47.05796324794272, 3.930724852309485
2017;0600022Y;Hauts-de-France;32;Oise;Amiens;20;60;Creil;60175;GABRIEL HAVEZ;REP+;49.247996126408296;2.4688454243828932;49.247996126408296, 2.4688454243828932
2016;0700010F;Bourgogne-Franche-Comté;27;Haute-Saône;Besançon;03;70;Gray;70279;ROME DE L'ISLE;REP;47.43408584446282;5.591295944352352;47.43408584446282, 5.591295944352352
2016;0711323C;Bourgogne-Franche-Comté;27;Saône-et-Loire;Dijon;07;71;Montcenis;71309;LES EPONTOTS;REP;46.78745430788005;4.418240441015353;46.78745430788005, 4.418240441015353
2018;0720987G;Pays de la Loire;52;Sarthe;Nantes;17;72;Le Mans;72181;COSTA-GAVRAS;REP+;47.99418377976128;0.23195274165646437;47.99418377976128, 0.23195274165646437
2019;0721224P;Pays de la Loire;52;Sarthe;Nantes;17;72;Allonnes;72003;LE MARIN;REP;47.96392733724327;0.15932837106035438;47.96392733724327, 0.15932837106035438
2019;0730904L;Auvergne-Rhône-Alpes;84;Savoie;Grenoble;08;73;Albertville;73011;COMBE DE SAVOIE;REP;45.665984194235634;6.3715972519623705;45.665984194235634, 6.3715972519623705
2016;0761697G;Normandie;28;Seine-Maritime;Rouen;21;76;Le Havre;76351;CLAUDE BERNARD;REP;49.51790170463411;0.10515033243260277;49.51790170463411, 0.10515033243260277
2016;0761949F;Normandie;28;Seine-Maritime;Rouen;21;76;Le Petit-Quevilly;76498;FERNAND LEGER;REP;49.42858130082447;1.0649233061333692;49.42858130082447, 1.0649233061333692
2017;0762173Z;Normandie;28;Seine-Maritime;Rouen;21;76;Le Havre;76351;MARCEL PAGNOL;REP+;49.49107787381835;0.14078649712721814;49.49107787381835, 0.14078649712721814
2018;0762173Z;Normandie;28;Seine-Maritime;Rouen;21;76;Le Havre;76351;MARCEL PAGNOL;REP+;49.49107787381835;0.14078649712721814;49.49107787381835, 0.14078649712721814
2019;0762679Z;Normandie;28;Seine-Maritime;Rouen;21;76;Cléon;76178;JACQUES BREL;REP;49.30871952285049;1.0284967152295577;49.30871952285049, 1.0284967152295577
2018;0800036E;Hauts-de-France;32;Somme;Amiens;20;80;Ham;80410;VICTOR HUGO;REP;49.752855233178884;3.0784831064953435;49.752855233178884, 3.0784831064953435
2018;0801485E;Hauts-de-France;32;Somme;Amiens;20;80;Domart-en-Ponthieu;80241;DU VAL DE NIEVRE;REP;50.0770312395959;2.1218710212134195;50.0770312395959, 2.1218710212134195
2017;0801487G;Hauts-de-France;32;Somme;Amiens;20;80;Flixecourt;80318;ALFRED MANESSIER;REP;50.01002374966968;2.0777483079370413;50.01002374966968, 2.0777483079370413
2018;0801537L;Hauts-de-France;32;Somme;Amiens;20;80;Péronne;80620;BERANGER;REP;49.93093246492848;2.925153107608717;49.93093246492848, 2.925153107608717
2018;0830148K;Provence-Alpes-Côte d'Azur;93;Var;Nice;23;83;Toulon;83137;MAURICE GENEVOIX;REP+;43.12814230733197;5.981065729639587;43.12814230733197, 5.981065729639587
2017;0840018N;Provence-Alpes-Côte d'Azur;93;Vaucluse;Aix-Marseille;02;84;Cavaillon;84035;PAUL GAUTHIER;REP+;43.843086384264616;5.0484621989399;43.843086384264616, 5.0484621989399
2016;0840664R;Provence-Alpes-Côte d'Azur;93;Vaucluse;Aix-Marseille;02;84;Le Pontet;84092;JULES VERNE;REP;43.957154166462395;4.861181951860011;43.957154166462395, 4.861181951860011
2018;0890937K;Bourgogne-Franche-Comté;27;Yonne;Dijon;07;89;Joigny;89206;MARIE-NOEL;REP;47.97606458987342;3.42327926656162;47.97606458987342, 3.42327926656162
2018;0900006T;Bourgogne-Franche-Comté;27;Territoire de Belfort;Besançon;03;90;Belfort;90010;LEONARD DE VINCI;REP;47.63187735688989;6.849568662127752;47.63187735688989, 6.849568662127752
2018;0930891N;Ile-de-France;11;Seine-Saint-Denis;Créteil;24;93;Aulnay-sous-Bois;93005;VICTOR HUGO;REP;48.95891590801109;2.4949743743081245;48.95891590801109, 2.4949743743081245
2016;0931194T;Ile-de-France;11;Seine-Saint-Denis;Créteil;24;93;Bobigny;93008;REPUBLIQUE;REP+;48.90680312563858;2.4350391127060096;48.90680312563858, 2.4350391127060096
2016;0931196V;Ile-de-France;11;Seine-Saint-Denis;Créteil;24;93;Bobigny;93008;PIERRE SEMARD;REP;48.91107118906222;2.4458161397724463;48.91107118906222, 2.4458161397724463
2016;0931217T;Ile-de-France;11;Seine-Saint-Denis;Créteil;24;93;Pantin;93055;IRENE ET FREDERIC JOLIOT CURIE;REP;48.891493456116365;2.405537720869992;48.891493456116365, 2.405537720869992
2016;0931220W;Ile-de-France;11;Seine-Saint-Denis;Créteil;24;93;Bagnolet;93006;TRAVAIL LANGEVIN;REP;48.87519110272875;2.4240575533915782;48.87519110272875, 2.4240575533915782
2015;0931222Y;Ile-de-France;11;Seine-Saint-Denis;Créteil;24;93;Romainville;93063;PIERRE-ANDRE HOUEL;REP;48.88368735049553;2.4358339843748347;48.88368735049553, 2.4358339843748347
2015;0931230G;Ile-de-France;11;Seine-Saint-Denis;Créteil;24;93;Saint-Denis;93066;ELSA TRIOLET;REP;48.939437891319834;2.348305472335247;48.939437891319834, 2.348305472335247
2016;0931377S;Ile-de-France;11;Seine-Saint-Denis;Créteil;24;93;Drancy;93029;JORISSEN;REP;48.91646597239605;2.4698404916640575;48.91646597239605, 2.4698404916640575
2018;0931433C;Ile-de-France;11;Seine-Saint-Denis;Créteil;24;93;Le Blanc-Mesnil;93007;DESCARTES;REP;48.94956810009261;2.4439654710169867;48.94956810009261, 2.4439654710169867
2016;0931434D;Ile-de-France;11;Seine-Saint-Denis;Créteil;24;93;Aulnay-sous-Bois;93005;CLAUDE DEBUSSY;REP+;48.95245160148491;2.5106985688156387;48.95245160148491, 2.5106985688156387
2019;0931489N;Ile-de-France;11;Seine-Saint-Denis;Créteil;24;93;Saint-Denis;93066;FEDERICO GARCIA LORCA;REP+;48.924394743649856;2.3727720012393645;48.924394743649856, 2.3727720012393645
2016;0931765N;Ile-de-France;11;Seine-Saint-Denis;Créteil;24;93;L'Ile-Saint-Denis;93039;ALFRED SISLEY;REP;48.94580713209793;2.3283623403976463;48.94580713209793, 2.3283623403976463
2019;0932262D;Ile-de-France;11;Seine-Saint-Denis;Créteil;24;93;Sevran;93071;DE LA PLEIADE;REP;48.94846764832858;2.5378348716546046;48.94846764832858, 2.5378348716546046
2017;0940791Z;Ile-de-France;11;Val-de-Marne;Créteil;24;94;Villeneuve-Saint-Georges;94078;PIERRE BROSSOLETTE;REP;48.73275912469773;2.4627014018769846;48.73275912469773, 2.4627014018769846
2018;0940791Z;Ile-de-France;11;Val-de-Marne;Créteil;24;94;Villeneuve-Saint-Georges;94078;PIERRE BROSSOLETTE;REP;48.73275912469773;2.4627014018769846;48.73275912469773, 2.4627014018769846
2019;0941052H;Ile-de-France;11;Val-de-Marne;Créteil;24;94;Valenton;94074;FERNANDE FLAGON;REP;48.75023862132853;2.463883037993066;48.75023862132853, 2.463883037993066
2017;0941092B;Ile-de-France;11;Val-de-Marne;Créteil;24;94;Champigny-sur-Marne;94017;ELSA TRIOLET;REP+;48.80386987137369;2.550655155565295;48.80386987137369, 2.550655155565295
2018;0941095E;Ile-de-France;11;Val-de-Marne;Créteil;24;94;Bonneuil-sur-Marne;94011;PAUL ELUARD;REP;48.76711521908772;2.482621750494879;48.76711521908772, 2.482621750494879
2017;6200006M;Corse;94;Corse-du-Sud;Corse;27;2A;Ajaccio;2A004;ARTHUR GIOVONI;REP;41.94127253834111;8.74877474120482;41.94127253834111, 8.74877474120482
2017;7200160L;Corse;94;Haute-Corse;Corse;27;2B;Penta-di-Casinca;2B207;LA CASINCA HENRI TOMASI;REP;42.445543833308676;9.524839397438077;42.445543833308676, 9.524839397438077
2018;9710022X;TOM et Collectivités territoriales;00;Saint-Martin;Guadeloupe;32;978;Saint-Martin;97801;DU MONT DES ACCORDS;REP;18.069452225572174;-63.079422702310595;18.069452225572174, -63.079422702310595
2014;9710041T;Guadeloupe;01;Guadeloupe;Guadeloupe;32;971;Baillif;97104;JEAN JAURES ( JEAN JAURES);REP+;16.01802026178037;-61.7440780236232;16.01802026178037, -61.7440780236232
2015;9730247F;Guyane;03;Guyane;Guyane;33;973;Cayenne;97302;JUSTIN CATAYEE;REP+;4.9176399313382335;-52.30855955893174;4.9176399313382335, -52.30855955893174
2019;9730348R;Guyane;03;Guyane;Guyane;33;973;Saint-Laurent-du-Maroni;97311;LEODATE VOLMAR;REP+;5.482568479589605;-54.03874387598244;5.482568479589605, -54.03874387598244
2018;9730381B;Guyane;03;Guyane;Guyane;33;973;Papaichton;97362;CAPITAINE CHARLES TAFANIER;REP+;3.8129691359868465;-54.14644631667771;3.8129691359868465, -54.14644631667771
2019;9730451C;Guyane;03;Guyane;Guyane;33;973;Camopi;97356;PAUL SUITMAN;REP+;3.164719609368303;-52.33643724001295;3.164719609368303, -52.33643724001295
2018;9740035V;La Réunion;04;La Réunion;La Réunion;28;974;Saint-Paul;97415;CELIMENE GAUDIEUX;REP+;-21.083910692542105;55.268093917686514;-21.083910692542105, 55.268093917686514
2018;9740065C;La Réunion;04;La Réunion;La Réunion;28;974;Saint-Benoît;97410;DU BASSIN BLEU;REP;-21.084928859775026;55.744247420825154;-21.084928859775026, 55.744247420825154
2018;9740083X;La Réunion;04;La Réunion;La Réunion;28;974;Saint-Benoît;97410;AMIRAL PIERRE BOUVET;REP+;-21.04402264934471;55.71805424823558;-21.04402264934471, 55.71805424823558
2015;9740576H;La Réunion;04;La Réunion;La Réunion;28;974;Saint-Pierre;97416;LES TAMARINS;REP+;-21.337413045429642;55.476615280343914;-21.337413045429642, 55.476615280343914
2018;0820588U;Occitanie;76;Tarn-et-Garonne;Toulouse;16;82;Montauban;82121;OLYMPE DE GOUGES;REP;44.01477591537027;1.3802973430395615;44.01477591537027, 1.3802973430395615
2018;0753938Y;Ile-de-France;11;Paris;Paris;01;75;Paris 19e  Arrondissement;75119;GEORGES ROUAULT;REP+;48.88660486762876;2.3990749972329106;48.88660486762876, 2.3990749972329106
2016;0753939Z;Ile-de-France;11;Paris;Paris;01;75;Paris 20e  Arrondissement;75120;JEAN PERRIN;REP;48.856849443620476;2.4111884491790505;48.856849443620476, 2.4111884491790505
2019;0180037T;Centre-Val de Loire;24;Cher;Orléans-Tours;18;18;Vierzon;18279;EDOUARD VAILLANT;REP;47.22901280597416;2.0671149566521216;47.22901280597416, 2.0671149566521216
2017;0280034K;Centre-Val de Loire;24;Eure-et-Loir;Orléans-Tours;18;28;Mainvilliers;28229;JEAN MACE;REP;48.448133158107275;1.461897651913531;48.448133158107275, 1.461897651913531
2018;0410003F;Centre-Val de Loire;24;Loir-et-Cher;Orléans-Tours;18;41;Blois;41018;BLOIS-BEGON;REP+;47.59353381039191;1.307996813734156;47.59353381039191, 1.307996813734156
2015;0410952M;Centre-Val de Loire;24;Loir-et-Cher;Orléans-Tours;18;41;Blois;41018;FRANCOIS RABELAIS;REP+;47.59447795583979;1.3163813087568494;47.59447795583979, 1.3163813087568494
2017;0932273R;Ile-de-France;11;Seine-Saint-Denis;Créteil;24;93;Saint-Denis;93066;IQBAL MASIH;REP+;48.911910939521704;2.360742652412832;48.911910939521704, 2.360742652412832
2019;0932579Y;Ile-de-France;11;Seine-Saint-Denis;Créteil;24;93;Montreuil;93048;CESARIA EVORA;REP;48.8665853173967;2.460121583402077;48.8665853173967, 2.460121583402077
2018;0941021Z;Ile-de-France;11;Val-de-Marne;Créteil;24;94;Alfortville;94002;PAUL LANGEVIN;REP;48.78810220956382;2.4272811307948183;48.78810220956382, 2.4272811307948183
2017;0941042X;Ile-de-France;11;Val-de-Marne;Créteil;24;94;Orly;94054;DORVAL;REP;48.74391539369027;2.3970831856294303;48.74391539369027, 2.3970831856294303
2015;0941603G;Ile-de-France;11;Val-de-Marne;Créteil;24;94;Limeil-Brévannes;94044;JANUSZ KORCZAK;REP;48.7422624576387;2.5059908466945227;48.7422624576387, 2.5059908466945227
2015;0780572Y;Ile-de-France;11;Yvelines;Versailles;25;78;Les Mureaux;78440;PAUL VERLAINE;REP;48.997252663634264;1.9162272404442955;48.997252663634264, 1.9162272404442955
2015;0781914G;Ile-de-France;11;Yvelines;Versailles;25;78;Les Mureaux;78440;JEAN VILAR;REP;48.977616854721;1.9086280969083045;48.977616854721, 1.9086280969083045
2016;0910776Z;Ile-de-France;11;Essonne;Versailles;25;91;Vigneux-sur-Seine;91657;PAUL ELUARD;REP;48.703297383583454;2.418351480369723;48.703297383583454, 2.418351480369723
2017;0910776Z;Ile-de-France;11;Essonne;Versailles;25;91;Vigneux-sur-Seine;91657;PAUL ELUARD;REP;48.703297383583454;2.418351480369723;48.703297383583454, 2.418351480369723
2017;0911024U;Ile-de-France;11;Essonne;Versailles;25;91;Corbeil-Essonnes;91174;LOUISE MICHEL;REP+;48.591938661897096;2.4796494494491625;48.591938661897096, 2.4796494494491625
2015;0911042N;Ile-de-France;11;Essonne;Versailles;25;91;Sainte-Geneviève-des-Bois;91549;PAUL ELUARD;REP;48.63681102826605;2.344627521432902;48.63681102826605, 2.344627521432902
2017;0911042N;Ile-de-France;11;Essonne;Versailles;25;91;Sainte-Geneviève-des-Bois;91549;PAUL ELUARD;REP;48.63681102826605;2.344627521432902;48.63681102826605, 2.344627521432902
2015;0911397Z;Ile-de-France;11;Essonne;Versailles;25;91;Epinay-sous-Sénart;91215;LA VALLEE;REP;48.70017361279572;2.5247627834095785;48.70017361279572, 2.5247627834095785
2017;0921157H;Ile-de-France;11;Hauts-de-Seine;Versailles;25;92;Gennevilliers;92036;EDOUARD VAILLANT;REP;48.923946061564834;2.3008059966651633;48.923946061564834, 2.3008059966651633
2019;0921157H;Ile-de-France;11;Hauts-de-Seine;Versailles;25;92;Gennevilliers;92036;EDOUARD VAILLANT;REP;48.923946061564834;2.3008059966651633;48.923946061564834, 2.3008059966651633
2016;0950886X;Ile-de-France;11;Val-d'Oise;Versailles;25;95;Argenteuil;95018;CLAUDE MONET;REP+;48.95484737299336;2.22377664854072;48.95484737299336, 2.22377664854072
2017;0950887Y;Ile-de-France;11;Val-d'Oise;Versailles;25;95;Bezons;95063;GABRIEL PERI;REP;48.930469763305666;2.206134767896357;48.930469763305666, 2.206134767896357
2019;0950888Z;Ile-de-France;11;Val-d'Oise;Versailles;25;95;Bezons;95063;HENRI WALLON;REP;48.93206006743424;2.2151968413039524;48.93206006743424, 2.2151968413039524
2018;0951139X;Ile-de-France;11;Val-d'Oise;Versailles;25;95;Argenteuil;95018;ALBERT CAMUS;REP;48.94075213244338;2.213189968370559;48.94075213244338, 2.213189968370559
2017;0951196J;Ile-de-France;11;Val-d'Oise;Versailles;25;95;Sarcelles;95585;VOLTAIRE;REP;48.99743440642606;2.3711700636073902;48.99743440642606, 2.3711700636073902
2017;0951920W;Ile-de-France;11;Val-d'Oise;Versailles;25;95;Gonesse;95277;FRANCOIS TRUFFAUT;REP;49.00527237047365;2.4240806717234;49.00527237047365, 2.4240806717234
2019;0951993A;Ile-de-France;11;Val-d'Oise;Versailles;25;95;Villiers-le-Bel;95680;MARTIN LUTHER KING;REP+;49.00484489907238;2.385744935988575;49.00484489907238, 2.385744935988575
2015;0952036X;Ile-de-France;11;Val-d'Oise;Versailles;25;95;Garges-lès-Gonesse;95268;HENRI MATISSE;REP;48.96593088472408;2.406593247759822;48.96593088472408, 2.406593247759822
2018;0251397H;Bourgogne-Franche-Comté;27;Doubs;Besançon;03;25;Seloncourt;25539;LES HAUTES VIGNES;REP;47.471657743512836;6.8564071982789585;47.471657743512836, 6.8564071982789585
2019;0741165P;Auvergne-Rhône-Alpes;84;Haute-Savoie;Grenoble;08;74;Annemasse;74012;MICHEL SERVET;REP;46.1928508756793;6.237465647547288;46.1928508756793, 6.237465647547288
2015;0550758A;Grand Est;44;Meuse;Nancy-Metz;12;55;Verdun;55545;MAURICE BARRES;REP;49.152766842436904;5.405023985655487;49.152766842436904, 5.405023985655487
2019;9730173A;Guyane;03;Guyane;Guyane;33;973;Saint-Georges;97308;CHLORE CONSTANT (CHLORE CONSTANT );REP+;3.8907540586772145;-51.80157660124413;3.8907540586772145, -51.80157660124413
2019;0593179K;Hauts-de-France;32;Nord;Lille;09;59;Lille;59350;CLAUDE LEVI STRAUSS;REP;50.631471243283144;3.036736680468459;50.631471243283144, 3.036736680468459
2018;0593252P;Hauts-de-France;32;Nord;Lille;09;59;Fourmies;59249;LEO LAGRANGE;REP;50.02108570295754;4.050693448897231;50.02108570295754, 4.050693448897231
2019;0593488W;Hauts-de-France;32;Nord;Lille;09;59;Cambrai;59122;LAMARTINE;REP;50.158508681826056;3.263584824286446;50.158508681826056, 3.263584824286446
2016;0594288R;Hauts-de-France;32;Nord;Lille;09;59;Lille;59350;LOUISE MICHEL;REP+;50.60615198573479;3.046264386888319;50.60615198573479, 3.046264386888319
2017;0594300D;Hauts-de-France;32;Nord;Lille;09;59;Denain;59172;BAYARD;REP+;50.336086715358014;3.3829331787295605;50.336086715358014, 3.3829331787295605
2015;0594412A;Hauts-de-France;32;Nord;Lille;09;59;Vieux-Condé;59616;JEAN JAURES;REP;50.46468284594241;3.566440487065162;50.46468284594241, 3.566440487065162
2016;0594533G;Hauts-de-France;32;Nord;Lille;09;59;Lourches;59361;VOLTAIRE;REP;50.31470374644448;3.355410705247856;50.31470374644448, 3.355410705247856
2018;0594533G;Hauts-de-France;32;Nord;Lille;09;59;Lourches;59361;VOLTAIRE;REP;50.31470374644448;3.355410705247856;50.31470374644448, 3.355410705247856
2016;0596529B;Hauts-de-France;32;Nord;Lille;09;59;Pecquencourt;59456;MAURICE SCHUMANN;REP;50.37506182229881;3.2054338458370792;50.37506182229881, 3.2054338458370792
2018;0596529B;Hauts-de-France;32;Nord;Lille;09;59;Pecquencourt;59456;MAURICE SCHUMANN;REP;50.37506182229881;3.2054338458370792;50.37506182229881, 3.2054338458370792
2019;0620055Y;Hauts-de-France;32;Pas-de-Calais;Lille;09;62;Boulogne-sur-Mer;62160;PAUL LANGEVIN;REP+;50.73372509352722;1.6185558409775755;50.73372509352722, 1.6185558409775755
2017;0622418S;Hauts-de-France;32;Pas-de-Calais;Lille;09;62;Lens;62498;JEAN ZAY;REP+;50.44273592458521;2.823896277002616;50.44273592458521, 2.823896277002616
2015;0622423X;Hauts-de-France;32;Pas-de-Calais;Lille;09;62;Montigny-en-Gohelle;62587;YOURI GAGARINE;REP;50.43106412506696;2.9319665516904587;50.43106412506696, 2.9319665516904587
2016;0622425Z;Hauts-de-France;32;Pas-de-Calais;Lille;09;62;Béthune;62119;PAUL VERLAINE;REP;50.515728942107174;2.6302301996805917;50.515728942107174, 2.6302301996805917
2015;0622576N;Hauts-de-France;32;Pas-de-Calais;Lille;09;62;Calais;62193;VAUBAN;REP+;50.948289307754465;1.833167567249563;50.948289307754465, 1.833167567249563
2015;0622791X;Hauts-de-France;32;Pas-de-Calais;Lille;09;62;Harnes;62413;VICTOR HUGO;REP;50.45054797978168;2.901046306449288;50.45054797978168, 2.901046306449288
2018;0622943M;Hauts-de-France;32;Pas-de-Calais;Lille;09;62;Courcelles-lès-Lens;62249;ADULPHE DELEGORGUE;REP;50.41517287550865;3.0152801884425764;50.41517287550865, 3.0152801884425764
2016;0623018U;Hauts-de-France;32;Pas-de-Calais;Lille;09;62;Oignies;62637;LOUIS PASTEUR;REP;50.47531115412596;2.990668467776574;50.47531115412596, 2.990668467776574
2016;0623314R;Hauts-de-France;32;Pas-de-Calais;Lille;09;62;Bruay-la-Buissière;62178;SIMONE SIGNORET;REP;50.48207734088022;2.547271612850223;50.48207734088022, 2.547271612850223
2018;9740085Z;La Réunion;04;La Réunion;La Réunion;28;974;Les Trois-Bassins;97423;TROIS BASSINS;REP;-21.103810701402086;55.29640828441902;-21.103810701402086, 55.29640828441902
2017;0511470W;Grand Est;44;Marne;Reims;19;51;Reims;51454;MARYSE BASTIE;REP;49.269844606696644;4.044868054804895;49.269844606696644, 4.044868054804895
2016;0511802G;Grand Est;44;Marne;Reims;19;51;Reims;51454;GEORGES BRAQUE;REP+;49.22324921302735;4.017080105216009;49.22324921302735, 4.017080105216009
2015;0020076X;Hauts-de-France;32;Aisne;Amiens;20;02;Saint-Quentin;02691;JEAN MOULIN;REP;49.83805625149687;3.274039073249115;49.83805625149687, 3.274039073249115
2016;0071156U;Auvergne-Rhône-Alpes;84;Ardèche;Grenoble;08;07;Annonay;07010;LES PERRIERES;REP;45.251692609672645;4.676279698777128;45.251692609672645, 4.676279698777128
2016;0301010K;Occitanie;76;Gard;Montpellier;11;30;Nîmes;30189;ADA LOVELACE (JULES VALLES);REP+;43.85767754358467;4.394937901878512;43.85767754358467, 4.394937901878512
2018;0301010K;Occitanie;76;Gard;Montpellier;11;30;Nîmes;30189;ADA LOVELACE (JULES VALLES);REP+;43.85767754358467;4.394937901878512;43.85767754358467, 4.394937901878512
2015;0800019L;Hauts-de-France;32;Somme;Amiens;20;80;Amiens;80021;CESAR FRANCK;REP+;49.91195538606679;2.3106435053940633;49.91195538606679, 2.3106435053940633
2017;0020007X;Hauts-de-France;32;Aisne;Amiens;20;02;Bohain-en-Vermandois;02095;HENRI MATISSE;REP+;49.985103348276716;3.4561271827721325;49.985103348276716, 3.4561271827721325
2016;0020054Y;Hauts-de-France;32;Aisne;Amiens;20;02;Saint-Quentin;02691;MONTAIGNE;REP+;49.86307292091498;3.3006092629510237;49.86307292091498, 3.3006092629510237
2018;0030119N;Auvergne-Rhône-Alpes;84;Allier;Clermont-Ferrand;06;03;Montluçon;03185;JULES VERNE;REP+;46.34298705679311;2.572362324811446;46.34298705679311, 2.572362324811446
2015;0061130W;Provence-Alpes-Côte d'Azur;93;Alpes-Maritimes;Nice;23;06;Carros;06033;PAUL LANGEVIN;REP;43.76870751891086;7.198154760607124;43.76870751891086, 7.198154760607124
2016;0131262B;Provence-Alpes-Côte d'Azur;93;Bouches-du-Rhône;Aix-Marseille;02;13;Marseille 13e  Arrondissement;13213;JACQUES PREVERT;REP+;43.325958622791504;5.432413527640791;43.325958622791504, 5.432413527640791
2016;0132212J;Provence-Alpes-Côte d'Azur;93;Bouches-du-Rhône;Aix-Marseille;02;13;Port-de-Bouc;13077;FREDERIC MISTRAL;REP+;43.409564143574286;4.977595357233713;43.409564143574286, 4.977595357233713
2015;0132572A;Provence-Alpes-Côte d'Azur;93;Bouches-du-Rhône;Aix-Marseille;02;13;Arles;13004;AMPERE;REP+;43.67347246794884;4.62668966743531;43.67347246794884, 4.62668966743531
2015;0261091V;Auvergne-Rhône-Alpes;84;Drôme;Grenoble;08;26;Romans-sur-Isère;26281;ALBERT TRIBOULET;REP;45.04522509946785;5.056999384307703;45.04522509946785, 5.056999384307703
2016;0301013N;Occitanie;76;Gard;Montpellier;11;30;Alès;30007;JEAN MOULIN;REP+;44.13184492083302;4.077634971417073;44.13184492083302, 4.077634971417073
2015;0301094B;Occitanie;76;Gard;Montpellier;11;30;Nîmes;30189;DIDEROT;REP+;43.828013812772184;4.328917554045896;43.828013812772184, 4.328917554045896
2016;0331462K;Nouvelle-Aquitaine;75;Gironde;Bordeaux;04;33;Bordeaux;33063;FRANCISCO GOYA;REP;44.83433606051566;-0.5771063716112431;44.83433606051566, -0.5771063716112431
2018;0331888Y;Nouvelle-Aquitaine;75;Gironde;Bordeaux;04;33;Saint-Yzan-de-Soudiac;33492;DU VAL DE SAYE;REP;45.139901961854015;-0.41016480013994383;45.139901961854015, -0.41016480013994383
2019;0341321B;Occitanie;76;Hérault;Montpellier;11;34;Béziers;34032;KATIA ET MAURICE KRAFFT;REP+;43.3368266574793;3.249577760119835;43.3368266574793, 3.249577760119835
2015;0421677V;Auvergne-Rhône-Alpes;84;Loire;Lyon;10;42;Saint-Etienne;42218;CLAUDE FAURIEL;REP;45.44300327916703;4.38757888268251;45.44300327916703, 4.38757888268251
2016;0490783K;Pays de la Loire;52;Maine-et-Loire;Nantes;17;49;Angers;49007;JEAN MERMOZ;REP;47.451685736805544;-0.5682399539106795;47.451685736805544, -0.5682399539106795
2015;0550020Y;Grand Est;44;Meuse;Nancy-Metz;12;55;Stenay;55502;ALFRED KASTLER;REP;49.486407625535406;5.198128057060013;49.486407625535406, 5.198128057060013
2015;0560055F;Bretagne;53;Morbihan;Rennes;14;56;Vannes;56260;MONTAIGNE;REP;47.645268530243435;-2.776129682198202;47.645268530243435, -2.776129682198202
2015;0691673U;Auvergne-Rhône-Alpes;84;Rhône;Lyon;10;69;Oullins;69149;LA CLAVELIERE;REP;45.70991826953932;4.8171069569531815;45.70991826953932, 4.8171069569531815
2017;0693834T;Auvergne-Rhône-Alpes;84;Rhône;Lyon;10;69;Bron;69029;THEODORE MONOD;REP;45.73093651337794;4.902401196214135;45.73093651337794, 4.902401196214135
2017;0720902P;Pays de la Loire;52;Sarthe;Nantes;17;72;Le Mans;72181;PIERRE GILLES DE GENNES (MAROC HUCHEPIE);REP;47.96815808257968;0.1988030040115398;47.96815808257968, 0.1988030040115398
2018;0760026R;Normandie;28;Seine-Maritime;Rouen;21;76;Dieppe;76217;CLAUDE DELVINCOURT;REP;49.90711519029852;1.068356388364917;49.90711519029852, 1.068356388364917
2016;0760086F;Normandie;28;Seine-Maritime;Rouen;21;76;Petit-Couronne;76497;LOUIS PASTEUR;REP;49.38874081231662;1.0278253121850742;49.38874081231662, 1.0278253121850742
2017;0760086F;Normandie;28;Seine-Maritime;Rouen;21;76;Petit-Couronne;76497;LOUIS PASTEUR;REP;49.38874081231662;1.0278253121850742;49.38874081231662, 1.0278253121850742
2015;0771567K;Ile-de-France;11;Seine-et-Marne;Créteil;24;77;Montereau-Fault-Yonne;77305;PAUL ELUARD;REP;48.40066590235061;2.9685607084546386;48.40066590235061, 2.9685607084546386
2017;0801485E;Hauts-de-France;32;Somme;Amiens;20;80;Domart-en-Ponthieu;80241;DU VAL DE NIEVRE;REP;50.0770312395959;2.1218710212134195;50.0770312395959, 2.1218710212134195
2019;0900006T;Bourgogne-Franche-Comté;27;Territoire de Belfort;Besançon;03;90;Belfort;90010;LEONARD DE VINCI;REP;47.63187735688989;6.849568662127752;47.63187735688989, 6.849568662127752
2018;0930900Y;Ile-de-France;11;Seine-Saint-Denis;Créteil;24;93;Bobigny;93008;JEAN-PIERRE TIMBAUD;REP;48.90697838271701;2.467808919727758;48.90697838271701, 2.467808919727758
2019;0931149U;Ile-de-France;11;Seine-Saint-Denis;Créteil;24;93;Tremblay-en-France;93073;PIERRE RONSARD;REP;48.958775174472954;2.5695518301211235;48.958775174472954, 2.5695518301211235
2019;0931186J;Ile-de-France;11;Seine-Saint-Denis;Créteil;24;93;Aubervilliers;93001;DIDEROT;REP;48.916372669440314;2.385547555792195;48.916372669440314, 2.385547555792195
2018;0931196V;Ile-de-France;11;Seine-Saint-Denis;Créteil;24;93;Bobigny;93008;PIERRE SEMARD;REP;48.91107118906222;2.4458161397724463;48.91107118906222, 2.4458161397724463
2018;0931490P;Ile-de-France;11;Seine-Saint-Denis;Créteil;24;93;Saint-Denis;93066;LA COURTILLE;REP+;48.93995854397324;2.3822643367142105;48.93995854397324, 2.3822643367142105
2015;0931709C;Ile-de-France;11;Seine-Saint-Denis;Créteil;24;93;Aubervilliers;93001;HENRI WALLON;REP+;48.91197743782545;2.3884673657201105;48.91197743782545, 2.3884673657201105
2016;0940792A;Ile-de-France;11;Val-de-Marne;Créteil;24;94;Villeneuve-Saint-Georges;94078;JULES FERRY;REP+;48.73208699336739;2.450007650514465;48.73208699336739, 2.450007650514465
2016;0940794C;Ile-de-France;11;Val-de-Marne;Créteil;24;94;Vitry-sur-Seine;94081;GUSTAVE MONOD;REP;48.78860638290089;2.3813736026758976;48.78860638290089, 2.3813736026758976
2015;0941022A;Ile-de-France;11;Val-de-Marne;Créteil;24;94;Alfortville;94002;LEON BLUM;REP;48.79386024148904;2.425426471420578;48.79386024148904, 2.425426471420578
2016;0941033M;Ile-de-France;11;Val-de-Marne;Créteil;24;94;Vitry-sur-Seine;94081;JEAN PERRIN;REP;48.79558974328478;2.380065590824601;48.79558974328478, 2.380065590824601
2016;0941092B;Ile-de-France;11;Val-de-Marne;Créteil;24;94;Champigny-sur-Marne;94017;ELSA TRIOLET;REP+;48.80386987137369;2.550655155565295;48.80386987137369, 2.550655155565295
2017;0941224V;Ile-de-France;11;Val-de-Marne;Créteil;24;94;Vitry-sur-Seine;94081;FRANCOIS RABELAIS;REP;48.78078831738193;2.391801312818068;48.78078831738193, 2.391801312818068
2016;6200697N;Corse;94;Corse-du-Sud;Corse;27;2A;Porto-Vecchio;2A247;MARIA DE PERETTI (PORTO VECCHIO II);REP;41.577652607028014;9.266886497166388;41.577652607028014, 9.266886497166388
2016;7200012A;Corse;94;Haute-Corse;Corse;27;2B;Bastia;2B033;SAINT-JOSEPH;REP+;42.68975143638491;9.446075294377218;42.68975143638491, 9.446075294377218
2018;7200027S;Corse;94;Haute-Corse;Corse;27;2B;Luri;2B152;COLLEGE DU CAP;REP;42.896770400839365;9.405052355895318;42.896770400839365, 9.405052355895318
2019;7200027S;Corse;94;Haute-Corse;Corse;27;2B;Luri;2B152;COLLEGE DU CAP;REP;42.896770400839365;9.405052355895318;42.896770400839365, 9.405052355895318
2019;7200086F;Corse;94;Haute-Corse;Corse;27;2B;Prunelli-di-Fiumorbo;2B251;DI FIUMORBU;REP;41.9958834398515;9.40519108814035;41.9958834398515, 9.40519108814035
2019;9710022X;TOM et Collectivités territoriales;00;Saint-Martin;Guadeloupe;32;978;Saint-Martin;97801;DU MONT DES ACCORDS;REP;18.069452225572174;-63.079422702310595;18.069452225572174, -63.079422702310595
2017;9710025A;Guadeloupe;01;Guadeloupe;Guadeloupe;32;971;Anse-Bertrand;97102;FERNAND BALIN;REP;16.474248573069456;-61.50613107036801;16.474248573069456, -61.50613107036801
2016;9710661S;Guadeloupe;01;Guadeloupe;Guadeloupe;32;971;Pointe-à-Pitre;97120;NESTOR DE KERMADEC;REP+;16.234751561980858;-61.534061006884215;16.234751561980858, -61.534061006884215
2018;9720007A;Martinique;02;Martinique;Martinique;31;972;Fort-de-France;97209;AIME CESAIRE DE FORT-DE-FRANCE;REP+;14.611496649837498;-61.071914909301285;14.611496649837498, -61.071914909301285
2017;9720084J;Martinique;02;Martinique;Martinique;31;972;Fort-de-France;97209;JACQUELINE JULIUS (JACQUELINE JULIUS );REP+;14.631938359373638;-61.069400377720186;14.631938359373638, -61.069400377720186
2017;9720708M;Martinique;02;Martinique;Martinique;31;972;Fort-de-France;97209;DILLON 2;REP+;14.608342177998733;-61.04299157210716;14.608342177998733, -61.04299157210716
2016;9730083C;Guyane;03;Guyane;Guyane;33;973;Cayenne;97302;GERARD HOLDER;REP+;4.937231189059073;-52.307901721375174;4.937231189059073, -52.307901721375174
2018;9730130D;Guyane;03;Guyane;Guyane;33;973;Cayenne;97302;EUGENE NONNON;REP+;4.941171010885664;-52.33147172089146;4.941171010885664, -52.33147172089146
2014;9730193X;Guyane;03;Guyane;Guyane;33;973;Maripasoula;97353;GRAN MAN DIFOU;REP+;3.6443175439358924;-54.03658476290652;3.6443175439358924, -54.03658476290652
2015;9730218Z;Guyane;03;Guyane;Guyane;33;973;Matoury;97307;LISE OPHION;REP+;4.889986953284008;-52.34284231738637;4.889986953284008, -52.34284231738637
2017;9730247F;Guyane;03;Guyane;Guyane;33;973;Cayenne;97302;JUSTIN CATAYEE;REP+;4.9176399313382335;-52.30855955893174;4.9176399313382335, -52.30855955893174
2018;9730248G;Guyane;03;Guyane;Guyane;33;973;Saint-Laurent-du-Maroni;97311;ALBERT LONDRES;REP+;5.472848285109702;-54.03119775434427;5.472848285109702, -54.03119775434427
2016;9730306V;Guyane;03;Guyane;Guyane;33;973;Kourou;97304;OMEBA TOBO;REP+;5.174062908158315;-52.65128999571834;5.174062908158315, -52.65128999571834
2017;9740039Z;La Réunion;04;La Réunion;La Réunion;28;974;Saint-Paul;97415;ALBERT LOUGNON;REP+;-21.039972700539806;55.295941421056895;-21.039972700539806, 55.295941421056895
2019;9740069G;La Réunion;04;La Réunion;La Réunion;28;974;Saint-Paul;97415;L'ETANG SAINT PAUL;REP;-20.9816255458479;55.28470714701823;-20.9816255458479, 55.28470714701823
2016;9741047V;La Réunion;04;La Réunion;La Réunion;28;974;Saint-Joseph;97412;LA MARINE;REP;-21.376096444884944;55.6671178093607;-21.376096444884944, 55.6671178093607
2019;9741047V;La Réunion;04;La Réunion;La Réunion;28;974;Saint-Joseph;97412;LA MARINE;REP;-21.376096444884944;55.6671178093607;-21.376096444884944, 55.6671178093607
2019;9760244L;Mayotte;06;Mayotte;Mayotte;43;976;Koungou;97610;FREDERIC D'ACHERY;REP;-12.735749290053134;45.2049713779938;-12.735749290053134, 45.2049713779938
2016;9760274U;Mayotte;06;Mayotte;Mayotte;43;976;Tsingoni;97617;DE TSINGONI;REP+;-12.787540216827775;45.10278264129162;-12.787540216827775, 45.10278264129162
2019;9760379H;Mayotte;06;Mayotte;Mayotte;43;976;Bouéni;97604;DE BOUENI;REP;-12.90677444198812;45.078550556707576;-12.90677444198812, 45.078550556707576
2016;9840360U;TOM et Collectivités territoriales;00;Polynésie Française;Polynésie Française;41;987;Hao;98720;DE HAO;REP+;;;
2015;9840401N;TOM et Collectivités territoriales;00;Polynésie Française;Polynésie Française;41;987;Makemo;98726;DE MAKEMO;REP+;;;
2019;9840401N;TOM et Collectivités territoriales;00;Polynésie Française;Polynésie Française;41;987;Makemo;98726;DE MAKEMO;REP+;;;
2018;0690036P;Auvergne-Rhône-Alpes;84;Rhône;Lyon;10;69;Lyon 9e  Arrondissement;69389;VICTOR SCHOELCHER;REP+;45.78884737827933;4.795595167141472;45.78884737827933, 4.795595167141472
2015;0690060R;Auvergne-Rhône-Alpes;84;Rhône;Lyon;10;69;Lyon 8e  Arrondissement;69388;JEAN MERMOZ;REP;45.73378594834498;4.8888263301992625;45.73378594834498, 4.8888263301992625
2016;0690060R;Auvergne-Rhône-Alpes;84;Rhône;Lyon;10;69;Lyon 8e  Arrondissement;69388;JEAN MERMOZ;REP;45.73378594834498;4.8888263301992625;45.73378594834498, 4.8888263301992625
2015;0692340U;Auvergne-Rhône-Alpes;84;Rhône;Lyon;10;69;Lyon 8e  Arrondissement;69388;HENRI LONGCHAMBON;REP+;45.72632303906099;4.8744875515093415;45.72632303906099, 4.8744875515093415
2014;0692343X;Auvergne-Rhône-Alpes;84;Rhône;Lyon;10;69;Vénissieux;69259;ELSA TRIOLET;REP+;45.69701215351381;4.866453033184436;45.69701215351381, 4.866453033184436
2018;9730110G;Guyane;03;Guyane;Guyane;33;973;Saint-Laurent-du-Maroni;97311;EUGENIE TELL-EBOUE;REP+;5.503966415464399;-54.027881321610295;5.503966415464399, -54.027881321610295
2019;0311235Z;Occitanie;76;Haute-Garonne;Toulouse;16;31;Toulouse;31555;BELLEFONTAINE;REP+;43.56031402741889;1.4021262906947893;43.56031402741889, 1.4021262906947893
2017;0691479H;Auvergne-Rhône-Alpes;84;Rhône;Lyon;10;69;Bron;69029;JOLIOT CURIE;REP;45.74776194194042;4.913878997099337;45.74776194194042, 4.913878997099337
2019;0951139X;Ile-de-France;11;Val-d'Oise;Versailles;25;95;Argenteuil;95018;ALBERT CAMUS;REP;48.94075213244338;2.213189968370559;48.94075213244338, 2.213189968370559
2018;0951230W;Ile-de-France;11;Val-d'Oise;Versailles;25;95;Argenteuil;95018;EUGENIE COTTON;REP;48.946068715271174;2.2300801674078983;48.946068715271174, 2.2300801674078983
2015;0951920W;Ile-de-France;11;Val-d'Oise;Versailles;25;95;Gonesse;95277;FRANCOIS TRUFFAUT;REP;49.00527237047365;2.4240806717234;49.00527237047365, 2.4240806717234
2018;0951945Y;Ile-de-France;11;Val-d'Oise;Versailles;25;95;Sarcelles;95585;VICTOR HUGO;REP;48.99971518212608;2.3845892396935042;48.99971518212608, 2.3845892396935042
2019;0900351T;Bourgogne-Franche-Comté;27;Territoire de Belfort;Besançon;03;90;Belfort;90010;SIMONE SIGNORET;REP+;47.629669561919656;6.839525517577093;47.629669561919656, 6.839525517577093
2019;0331621H;Nouvelle-Aquitaine;75;Gironde;Bordeaux;04;33;Coutras;33138;HENRI DE NAVARRE;REP;45.04088895820108;-0.11876092864146748;45.04088895820108, -0.11876092864146748
2018;0510052E;Grand Est;44;Marne;Reims;19;51;Sermaize-les-Bains;51531;LOUIS PASTEUR;REP;48.784965984150425;4.908203900551351;48.784965984150425, 4.908203900551351
2019;0510052E;Grand Est;44;Marne;Reims;19;51;Sermaize-les-Bains;51531;LOUIS PASTEUR;REP;48.784965984150425;4.908203900551351;48.784965984150425, 4.908203900551351
2019;0520737U;Grand Est;44;Haute-Marne;Reims;19;52;Chaumont;52121;LA ROCHOTTE;REP;48.09040960260351;5.134955547141704;48.09040960260351, 5.134955547141704
2019;0021518P;Hauts-de-France;32;Aisne;Amiens;20;02;La Fère;02304;MARIE DE LUXEMBOURG;REP;49.66395474914851;3.364096263402182;49.66395474914851, 3.364096263402182
2017;0240043S;Nouvelle-Aquitaine;75;Dordogne;Bordeaux;04;24;Piégut-Pluviers;24328;LES MARCHES DE L'OCCITANIE;REP;45.62506150837178;0.6866645274351735;45.62506150837178, 0.6866645274351735
2019;0590058T;Hauts-de-France;32;Nord;Lille;09;59;Dechy;59170;PAUL LANGEVIN;REP;50.34717672056498;3.131066426019241;50.34717672056498, 3.131066426019241
2015;0590062X;Hauts-de-France;32;Nord;Lille;09;59;Denain;59172;VILLARS;REP;50.32275987292504;3.3952967071287046;50.32275987292504, 3.3952967071287046
2015;0590088A;Hauts-de-France;32;Nord;Lille;09;59;Grande-Synthe;59271;JULES VERNE;REP+;51.020127902647296;2.3046996668512616;51.020127902647296, 2.3046996668512616
2019;0590099M;Hauts-de-France;32;Nord;Lille;09;59;Hautmont;59291;AUGUSTE PERIER;REP;50.24676995709815;3.9168167456239322;50.24676995709815, 3.9168167456239322
2019;0590157A;Hauts-de-France;32;Nord;Lille;09;59;Onnaing;59447;SAINT EXUPERY;REP;50.38314539443764;3.5828661629108627;50.38314539443764, 3.5828661629108627
2018;0590200X;Hauts-de-France;32;Nord;Lille;09;59;Dunkerque;59183;ROBESPIERRE;REP;51.03061091688823;2.3519859453729675;51.03061091688823, 2.3519859453729675
2017;0593235W;Hauts-de-France;32;Nord;Lille;09;59;Lille;59350;BORIS VIAN;REP+;50.63057677002072;3.0941272674390845;50.63057677002072, 3.0941272674390845
2017;0593254S;Hauts-de-France;32;Nord;Lille;09;59;Maubeuge;59392;JULES VERNE (EPINETTE);REP+;50.29012556895734;3.9636847843289913;50.29012556895734, 3.9636847843289913
2017;0593484S;Hauts-de-France;32;Nord;Lille;09;59;Douchy-les-Mines;59179;EMILE LITTRE;REP;50.300260044948736;3.3985551893724146;50.300260044948736, 3.3985551893724146
2015;0593486U;Hauts-de-France;32;Nord;Lille;09;59;Fresnes-sur-Escaut;59253;FELICIEN JOLY;REP;50.4370336665568;3.5717958564687904;50.4370336665568, 3.5717958564687904
2017;0593663L;Hauts-de-France;32;Nord;Lille;09;59;Dunkerque;59183;JEAN DECONINCK;REP;51.0282280665178;2.3315574002208934;51.0282280665178, 2.3315574002208934
2019;0593663L;Hauts-de-France;32;Nord;Lille;09;59;Dunkerque;59183;JEAN DECONINCK;REP;51.0282280665178;2.3315574002208934;51.0282280665178, 2.3315574002208934
2018;0593664M;Hauts-de-France;32;Nord;Lille;09;59;Dunkerque;59183;LUCIE AUBRAC;REP+;51.02206577461727;2.3564601592025523;51.02206577461727, 2.3564601592025523
2018;0594168K;Hauts-de-France;32;Nord;Lille;09;59;Feignies;59225;JEAN ZAY;REP;50.29266346313587;3.920406963163306;50.29266346313587, 3.920406963163306
2019;0594168K;Hauts-de-France;32;Nord;Lille;09;59;Feignies;59225;JEAN ZAY;REP;50.29266346313587;3.920406963163306;50.29266346313587, 3.920406963163306
2018;0594295Y;Hauts-de-France;32;Nord;Lille;09;59;Coudekerque-Branche;59155;DU WESTHOEK;REP;51.02981233672437;2.401471884994654;51.02981233672437, 2.401471884994654
2017;0594362W;Hauts-de-France;32;Nord;Lille;09;59;Maubeuge;59392;VAUBAN;REP+;50.27445923497275;3.9417317994370746;50.27445923497275, 3.9417317994370746
2019;0594389A;Hauts-de-France;32;Nord;Lille;09;59;Roubaix;59512;ANNE FRANK;REP+;50.6940448027289;3.1758006508446877;50.6940448027289, 3.1758006508446877
2018;0594394F;Hauts-de-France;32;Nord;Lille;09;59;Tourcoing;59599;MARIE CURIE;REP;50.71886900017118;3.1545458984294146;50.71886900017118, 3.1545458984294146
2017;0594402P;Hauts-de-France;32;Nord;Lille;09;59;Douai;59178;ANDRE CANIVEZ;REP;50.385567698602465;3.0743791465034573;50.385567698602465, 3.0743791465034573
2018;0594408W;Hauts-de-France;32;Nord;Lille;09;59;Raismes;59491;GERMINAL;REP+;50.3955694812591;3.4816293075127525;50.3955694812591, 3.4816293075127525
2016;0594524X;Hauts-de-France;32;Nord;Lille;09;59;Wattignies;59648;JEAN MOULIN;REP;50.59193523668529;3.0459524056141873;50.59193523668529, 3.0459524056141873
2015;0594632P;Hauts-de-France;32;Nord;Lille;09;59;Hem;59299;RAYMOND DEVOS (RAYMOND DEVOS );REP;50.66115030363756;3.1877820191313746;50.66115030363756, 3.1877820191313746
2016;0595328W;Hauts-de-France;32;Nord;Lille;09;59;Villeneuve-d'Ascq;59009;SIMONE DE BEAUVOIR;REP;50.62942853983625;3.130324180890012;50.62942853983625, 3.130324180890012
2016;0595337F;Hauts-de-France;32;Nord;Lille;09;59;Le Cateau-Cambrésis;59136;JEAN ROSTAND;REP;50.099125615345045;3.5324148046716264;50.099125615345045, 3.5324148046716264
2016;0620021L;Hauts-de-France;32;Pas-de-Calais;Lille;09;62;Auchel;62048;SEVIGNE;REP;50.506572780566515;2.464543788933794;50.506572780566515, 2.464543788933794
2017;0622434J;Hauts-de-France;32;Pas-de-Calais;Lille;09;62;Saint-Martin-Boulogne;62758;ROGER SALENGRO;REP;50.72761762889478;1.6306109980325028;50.72761762889478, 1.6306109980325028
2014;0622576N;Hauts-de-France;32;Pas-de-Calais;Lille;09;62;Calais;62193;VAUBAN;REP+;50.948289307754465;1.833167567249563;50.948289307754465, 1.833167567249563
2018;0622791X;Hauts-de-France;32;Pas-de-Calais;Lille;09;62;Harnes;62413;VICTOR HUGO;REP;50.45054797978168;2.901046306449288;50.45054797978168, 2.901046306449288
2016;0622868F;Hauts-de-France;32;Pas-de-Calais;Lille;09;62;Lens;62498;JEAN JAURES;REP+;50.44010490930628;2.7992111074414847;50.44010490930628, 2.7992111074414847
2017;0622868F;Hauts-de-France;32;Pas-de-Calais;Lille;09;62;Lens;62498;JEAN JAURES;REP+;50.44010490930628;2.7992111074414847;50.44010490930628, 2.7992111074414847
2017;0623314R;Hauts-de-France;32;Pas-de-Calais;Lille;09;62;Bruay-la-Buissière;62178;SIMONE SIGNORET;REP;50.48207734088022;2.547271612850223;50.48207734088022, 2.547271612850223
2015;0100787B;Grand Est;44;Aube;Reims;19;10;Romilly-sur-Seine;10323;PAUL LANGEVIN;REP;48.52134379613188;3.7278663657992177;48.52134379613188, 3.7278663657992177
2019;0070006U;Auvergne-Rhône-Alpes;84;Ardèche;Grenoble;08;07;Bourg-Saint-Andéol;07042;LE LAOUL;REP;44.379869391912045;4.641564051489012;44.379869391912045, 4.641564051489012
2015;0331464M;Nouvelle-Aquitaine;75;Gironde;Bordeaux;04;33;Cenon;33119;JEAN ZAY (JEAN ZAY );REP;44.854269276403016;-0.5131398952893848;44.854269276403016, -0.5131398952893848
2015;0800018K;Hauts-de-France;32;Somme;Amiens;20;80;Amiens;80021;EDOUARD LUCAS;REP;49.89883625002647;2.2682019267376337;49.89883625002647, 2.2682019267376337
2019;0020067M;Hauts-de-France;32;Aisne;Amiens;20;02;Vervins;02789;CONDORCET;REP;49.83633841188634;3.9137819998649896;49.83633841188634, 3.9137819998649896
2016;0020090M;Hauts-de-France;32;Aisne;Amiens;20;02;Laon;02408;CHARLEMAGNE;REP+;49.562295092692814;3.6408474695518827;49.562295092692814, 3.6408474695518827
2019;0030838V;Auvergne-Rhône-Alpes;84;Allier;Clermont-Ferrand;06;03;Moulins;03190;EMILE GUILLAUMIN;REP;46.5439993014262;3.3373404314432116;46.5439993014262, 3.3373404314432116
2018;0060838D;Provence-Alpes-Côte d'Azur;93;Alpes-Maritimes;Nice;23;06;Nice;06088;SIMONE VEIL;REP;43.709720747119626;7.279838803650565;43.709720747119626, 7.279838803650565
2016;0061001F;Provence-Alpes-Côte d'Azur;93;Alpes-Maritimes;Nice;23;06;Nice;06088;NUCERA LOUIS;REP+;43.723616833422604;7.289075797273389;43.723616833422604, 7.289075797273389
2017;0061130W;Provence-Alpes-Côte d'Azur;93;Alpes-Maritimes;Nice;23;06;Carros;06033;PAUL LANGEVIN;REP;43.76870751891086;7.198154760607124;43.76870751891086, 7.198154760607124
2016;0080017A;Grand Est;44;Ardennes;Reims;19;08;Fumay;08185;LES AURAINS;REP;49.99152688488634;4.705631254720321;49.99152688488634, 4.705631254720321
2018;0110672W;Occitanie;76;Aude;Montpellier;11;11;Carcassonne;11069;JULES VERNE;REP;43.2174450866157;2.3515949040043846;43.2174450866157, 2.3515949040043846
2015;0131935H;Provence-Alpes-Côte d'Azur;93;Bouches-du-Rhône;Aix-Marseille;02;13;Marseille  3e  Arrondissement;13203;EDGAR QUINET;REP+;43.30694525124522;5.379561803755705;43.30694525124522, 5.379561803755705
2015;0132214L;Provence-Alpes-Côte d'Azur;93;Bouches-du-Rhône;Aix-Marseille;02;13;Vitrolles;13117;HENRI FABRE;REP+;43.44084490848204;5.250805055400931;43.44084490848204, 5.250805055400931
2016;0132217P;Provence-Alpes-Côte d'Azur;93;Bouches-du-Rhône;Aix-Marseille;02;13;Orgon;13067;MONT SAUVY;REP;43.7960920994055;5.031266668352428;43.7960920994055, 5.031266668352428
2018;0132313U;Provence-Alpes-Côte d'Azur;93;Bouches-du-Rhône;Aix-Marseille;02;13;Marseille 13e  Arrondissement;13213;STEPHANE MALLARME;REP+;43.330958835404665;5.43018344762998;43.330958835404665, 5.43018344762998
2019;0132323E;Provence-Alpes-Côte d'Azur;93;Bouches-du-Rhône;Aix-Marseille;02;13;Port-Saint-Louis-du-Rhône;13078;MAXIMILIEN ROBESPIERRE;REP;43.391664211472786;4.80437498911897;43.391664211472786, 4.80437498911897
2015;0132407W;Provence-Alpes-Côte d'Azur;93;Bouches-du-Rhône;Aix-Marseille;02;13;Marseille 15e  Arrondissement;13215;JEAN MOULIN;REP+;43.36446543035339;5.358006751284265;43.36446543035339, 5.358006751284265
2015;0132409Y;Provence-Alpes-Côte d'Azur;93;Bouches-du-Rhône;Aix-Marseille;02;13;Istres;13047;ALPHONSE DAUDET;REP;43.49670358205374;4.984209983475312;43.49670358205374, 4.984209983475312
2017;0132730X;Provence-Alpes-Côte d'Azur;93;Bouches-du-Rhône;Aix-Marseille;02;13;Marseille 14e  Arrondissement;13214;PYTHEAS;REP+;43.33378113937141;5.396353065567371;43.33378113937141, 5.396353065567371
2016;0133775H;Provence-Alpes-Côte d'Azur;93;Bouches-du-Rhône;Aix-Marseille;02;13;Marseille 14e  Arrondissement;13214;MARIE LAURENCIN;REP+;43.32037088694167;5.387863339523559;43.32037088694167, 5.387863339523559
2018;0140774R;Normandie;28;Calvados;Caen;05;14;Colombelles;14167;HENRI SELLIER;REP;49.20461461267691;-0.3027982149064645;49.20461461267691, -0.3027982149064645
2017;0251209D;Bourgogne-Franche-Comté;27;Doubs;Besançon;03;25;Bethoncourt;25057;ANATOLE FRANCE;REP+;47.53840511352866;6.804008062701719;47.53840511352866, 6.804008062701719
2019;0260029R;Auvergne-Rhône-Alpes;84;Drôme;Grenoble;08;26;Saint-Rambert-d'Albon;26325;FERNAND BERTHON;REP;45.291770635159686;4.817747218823353;45.291770635159686, 4.817747218823353
2019;0261086P;Auvergne-Rhône-Alpes;84;Drôme;Grenoble;08;26;Montélimar;26198;EUROPA;REP;44.55758859315047;4.7213033316858635;44.55758859315047, 4.7213033316858635
2019;0271289E;Normandie;28;Eure;Rouen;21;27;Vernon;27681;CERVANTES;REP;49.07508983969381;1.4955232317693752;49.07508983969381, 1.4955232317693752
2019;0301012M;Occitanie;76;Gard;Montpellier;11;30;La Grand-Combe;30132;LEO LARGUIER;REP;44.21013920279187;4.030355507116725;44.21013920279187, 4.030355507116725
2019;0301013N;Occitanie;76;Gard;Montpellier;11;30;Alès;30007;JEAN MOULIN;REP+;44.13184492083302;4.077634971417073;44.13184492083302, 4.077634971417073
2016;0541471F;Grand Est;44;Meurthe-et-Moselle;Nancy-Metz;12;54;Joeuf;54280;MAURICE BARRES;REP;49.231297312517356;6.017072613423467;49.231297312517356, 6.017072613423467
2017;0541471F;Grand Est;44;Meurthe-et-Moselle;Nancy-Metz;12;54;Joeuf;54280;MAURICE BARRES;REP;49.231297312517356;6.017072613423467;49.231297312517356, 6.017072613423467
2018;0570326V;Grand Est;44;Moselle;Nancy-Metz;12;57;Freyming-Merlebach;57240;CLAUDIE HAIGNERE;REP;49.15473029952292;6.817737811992022;49.15473029952292, 6.817737811992022
2015;0572690P;Grand Est;44;Moselle;Nancy-Metz;12;57;Creutzwald;57160;JACQUES-YVES COUSTEAU;REP;49.20940022425659;6.710939100806769;49.20940022425659, 6.710939100806769
2019;0610045T;Normandie;28;Orne;Caen;05;61;Vimoutiers;61508;ARLETTE HEE-FERGANT;REP;48.93189473314467;0.19956836658599766;48.93189473314467, 0.19956836658599766
2019;0660016J;Occitanie;76;Pyrénées-Orientales;Montpellier;11;66;Perpignan;66136;LA GARRIGOLE;REP;42.695044115216405;2.867981849693815;42.695044115216405, 2.867981849693815
2015;0660522J;Occitanie;76;Pyrénées-Orientales;Montpellier;11;66;Perpignan;66136;MARCEL PAGNOL;REP+;42.712151441824304;2.8818739650825473;42.712151441824304, 2.8818739650825473
2019;0671907J;Grand Est;44;Bas-Rhin;Strasbourg;15;67;Strasbourg;67482;HANS ARP;REP+;48.56944059936516;7.718020925078196;48.56944059936516, 7.718020925078196
2016;0672459J;Grand Est;44;Bas-Rhin;Strasbourg;15;67;Strasbourg;67482;ERASME;REP+;48.591899888580684;7.700796166355622;48.591899888580684, 7.700796166355622
2019;0694296V;Auvergne-Rhône-Alpes;84;Rhône;Lyon;10;69;Villeurbanne;69266;SIMONE LAGRANGE;REP+;45.77926110953106;4.903773214002433;45.77926110953106, 4.903773214002433
2018;9710406P;Guadeloupe;01;Guadeloupe;Guadeloupe;32;971;Capesterre-Belle-Eau;97107;GERMAIN SAINT-RUF;REP;16.05083977821544;-61.56215411925296;16.05083977821544, -61.56215411925296
2016;9720682J;Martinique;02;Martinique;Martinique;31;972;Fort-de-France;97209;CASSIEN SAINTE-CLAIRE;REP;14.636299612209612;-61.0390183298867;14.636299612209612, -61.0390183298867
2018;9730370P;Guyane;03;Guyane;Guyane;33;973;Remire-Montjoly;97309;REEBERG NERON;REP+;4.894415080837417;-52.279063458238966;4.894415080837417, -52.279063458238966
2018;9740018B;La Réunion;04;La Réunion;La Réunion;28;974;Saint-Leu;97413;CHALOUPE ST LEU;REP;-21.15181438318516;55.31992353682122;-21.15181438318516, 55.31992353682122
2019;9740018B;La Réunion;04;La Réunion;La Réunion;28;974;Saint-Leu;97413;CHALOUPE ST LEU;REP;-21.15181438318516;55.31992353682122;-21.15181438318516, 55.31992353682122
2018;9740037X;La Réunion;04;La Réunion;La Réunion;28;974;La Plaine-des-Palmistes;97406;GASTON CROCHET;REP;-21.137251329103904;55.627256812899724;-21.137251329103904, 55.627256812899724
2015;9740572D;La Réunion;04;La Réunion;La Réunion;28;974;Saint-Denis;97411;LES DEUX CANONS;REP+;-20.891663373488605;55.47650708149796;-20.891663373488605, 55.47650708149796
2017;9740598G;La Réunion;04;La Réunion;La Réunion;28;974;Saint-André;97409;MILLE ROCHES;REP+;-20.969811086466393;55.65037429212305;-20.969811086466393, 55.65037429212305
2015;9741366S;La Réunion;04;La Réunion;La Réunion;28;974;Saint-Benoît;97410;GUY  MÔQUET (GUY  MÔQUET  );REP+;-21.053686101039748;55.71016195332497;-21.053686101039748, 55.71016195332497
2017;9760094Y;Mayotte;06;Mayotte;Mayotte;43;976;Bandraboua;97602;BAKARI KUSU (DE DZOUMOGNE);REP;-12.71860722083926;45.109735152264555;-12.71860722083926, 45.109735152264555
2015;9760167C;Mayotte;06;Mayotte;Mayotte;43;976;M'Tsangamouji;97613;DE M'TSANGAMOUJI;REP;-12.756112058114848;45.08110731877994;-12.756112058114848, 45.08110731877994
2017;9760274U;Mayotte;06;Mayotte;Mayotte;43;976;Tsingoni;97617;DE TSINGONI;REP+;-12.787540216827775;45.10278264129162;-12.787540216827775, 45.10278264129162
2016;0690036P;Auvergne-Rhône-Alpes;84;Rhône;Lyon;10;69;Lyon 9e  Arrondissement;69389;VICTOR SCHOELCHER;REP+;45.78884737827933;4.795595167141472;45.78884737827933, 4.795595167141472
2015;0592634T;Hauts-de-France;32;Nord;Lille;09;59;Hautmont;59291;ANTOINE DE SAINT EXUPERY;REP;50.24532696812899;3.909300273180787;50.24532696812899, 3.909300273180787
2019;0593178J;Hauts-de-France;32;Nord;Lille;09;59;Mons-en-Baroeul;59410;FRANCOIS RABELAIS;REP+;50.64172886934788;3.117519053486168;50.64172886934788, 3.117519053486168
2018;0595328W;Hauts-de-France;32;Nord;Lille;09;59;Villeneuve-d'Ascq;59009;SIMONE DE BEAUVOIR;REP;50.62942853983625;3.130324180890012;50.62942853983625, 3.130324180890012
2015;0595782P;Hauts-de-France;32;Nord;Lille;09;59;Grande-Synthe;59271;DU MOULIN;REP+;51.01131527401728;2.3041700698011334;51.01131527401728, 2.3041700698011334
2015;0620055Y;Hauts-de-France;32;Pas-de-Calais;Lille;09;62;Boulogne-sur-Mer;62160;PAUL LANGEVIN;REP+;50.73372509352722;1.6185558409775755;50.73372509352722, 1.6185558409775755
2019;0620079Z;Hauts-de-France;32;Pas-de-Calais;Lille;09;62;Divion;62270;HENRI WALLON;REP;50.4704255657497;2.4967671858231517;50.4704255657497, 2.4967671858231517
2018;0620096T;Hauts-de-France;32;Pas-de-Calais;Lille;09;62;Hénin-Beaumont;62427;JEAN MACE;REP;50.41155165553044;2.938790907188865;50.41155165553044, 2.938790907188865
2019;0620158K;Hauts-de-France;32;Pas-de-Calais;Lille;09;62;Rouvroy;62724;PAUL LANGEVIN;REP;50.405160193236966;2.9051386111781663;50.405160193236966, 2.9051386111781663
2015;0620198D;Hauts-de-France;32;Pas-de-Calais;Lille;09;62;Bruay-la-Buissière;62178;ALBERT CAMUS;REP;50.475474224343714;2.558435030164203;50.475474224343714, 2.558435030164203
2019;0622434J;Hauts-de-France;32;Pas-de-Calais;Lille;09;62;Saint-Martin-Boulogne;62758;ROGER SALENGRO;REP;50.72761762889478;1.6306109980325028;50.72761762889478, 1.6306109980325028
2019;0622868F;Hauts-de-France;32;Pas-de-Calais;Lille;09;62;Lens;62498;JEAN JAURES;REP+;50.44010490930628;2.7992111074414847;50.44010490930628, 2.7992111074414847
2018;0623018U;Hauts-de-France;32;Pas-de-Calais;Lille;09;62;Oignies;62637;LOUIS PASTEUR;REP;50.47531115412596;2.990668467776574;50.47531115412596, 2.990668467776574
2019;9740085Z;La Réunion;04;La Réunion;La Réunion;28;974;Les Trois-Bassins;97423;TROIS BASSINS;REP;-21.103810701402086;55.29640828441902;-21.103810701402086, 55.29640828441902
2016;0470104H;Nouvelle-Aquitaine;75;Lot-et-Garonne;Bordeaux;04;47;Tonneins;47310;GERMILLAC;REP;44.39250131333742;0.31839566525100993;44.39250131333742, 0.31839566525100993
2019;0134022B;Provence-Alpes-Côte d'Azur;93;Bouches-du-Rhône;Aix-Marseille;02;13;Marseille 10e  Arrondissement;13210;LOUISE MICHEL;REP;43.276588920295026;5.4085359002879265;43.276588920295026, 5.4085359002879265
2018;0160100X;Nouvelle-Aquitaine;75;Charente;Poitiers;13;16;Soyaux;16374;ROMAIN ROLLAND;REP+;45.64885648253459;0.19017191749505458;45.64885648253459, 0.19017191749505458
2015;0212102W;Bourgogne-Franche-Comté;27;Côte-d'Or;Dijon;07;21;Dijon;21231;CHAMPOLLION;REP;47.331506115773834;5.0715664091030215;47.331506115773834, 5.0715664091030215
2016;0261090U;Auvergne-Rhône-Alpes;84;Drôme;Grenoble;08;26;Pierrelatte;26235;GUSTAVE JAUME;REP+;44.3820804565962;4.6985566619672126;44.3820804565962, 4.6985566619672126
2015;0271513Y;Normandie;28;Eure;Rouen;21;27;Val-de-Reuil;27701;PIERRE MENDES-FRANCE;REP;49.2731084614969;1.2178103849369835;49.2731084614969, 1.2178103849369835
2015;0300025P;Occitanie;76;Gard;Montpellier;11;30;Nîmes;30189;ROMAIN ROLLAND;REP+;43.84465289564224;4.390213911640572;43.84465289564224, 4.390213911640572
2018;0300141R;Occitanie;76;Gard;Montpellier;11;30;Nîmes;30189;CONDORCET;REP+;43.82766087022205;4.336147287866047;43.82766087022205, 4.336147287866047
2016;0301208A;Occitanie;76;Gard;Montpellier;11;30;Beaucaire;30032;EUGENE VIGNE;REP+;43.81046616419739;4.637784042364661;43.81046616419739, 4.637784042364661
2016;0380013H;Auvergne-Rhône-Alpes;84;Isère;Grenoble;08;38;Le Pont-de-Claix;38317;NELSON MANDELA;REP;45.132686918601145;5.697140547137221;45.132686918601145, 5.697140547137221
2016;0381903M;Auvergne-Rhône-Alpes;84;Isère;Grenoble;08;38;Echirolles;38151;JEAN VILAR;REP+;45.156023485753394;5.730742898268143;45.156023485753394, 5.730742898268143
2019;0390883Y;Bourgogne-Franche-Comté;27;Jura;Besançon;03;39;Dole;39198;MARYSE BASTIE;REP;47.08340079628947;5.468921037085184;47.08340079628947, 5.468921037085184
2016;0421689H;Auvergne-Rhône-Alpes;84;Loire;Lyon;10;42;La Ricamarie;42183;JULES VALLES;REP+;45.39926867858585;4.366679864046602;45.39926867858585, 4.366679864046602
2017;0440284V;Pays de la Loire;52;Loire-Atlantique;Nantes;17;44;Nantes;44109;STENDHAL;REP+;47.26145063380694;-1.569732940833821;47.26145063380694, -1.569732940833821
2016;0440309X;Pays de la Loire;52;Loire-Atlantique;Nantes;17;44;Nantes;44109;ROSA PARKS;REP+;47.23090407177339;-1.5917089409660616;47.23090407177339, -1.5917089409660616
2015;0441616T;Pays de la Loire;52;Loire-Atlantique;Nantes;17;44;Trignac;44210;JULIEN LAMBOT;REP;47.30118042819184;-2.1999287150715574;47.30118042819184, -2.1999287150715574
2019;0490060Z;Pays de la Loire;52;Maine-et-Loire;Nantes;17;49;Angers;49007;JEAN LURCAT;REP+;47.48848486145077;-0.526861448498342;47.48848486145077, -0.526861448498342
2015;0541578X;Grand Est;44;Meurthe-et-Moselle;Nancy-Metz;12;54;Longlaville;54321;LEODILE BERA (DES TROIS FRONTIERES);REP;49.5273751189283;5.7971874967425086;49.5273751189283, 5.7971874967425086
2017;0550020Y;Grand Est;44;Meuse;Nancy-Metz;12;55;Stenay;55502;ALFRED KASTLER;REP;49.486407625535406;5.198128057060013;49.486407625535406, 5.198128057060013
2019;0550020Y;Grand Est;44;Meuse;Nancy-Metz;12;55;Stenay;55502;ALFRED KASTLER;REP;49.486407625535406;5.198128057060013;49.486407625535406, 5.198128057060013
2019;0550701N;Grand Est;44;Meuse;Nancy-Metz;12;55;Bar-le-Duc;55029;JACQUES PREVERT;REP+;48.77975801911524;5.17028239651293;48.77975801911524, 5.17028239651293
2016;0561348L;Bretagne;53;Morbihan;Rennes;14;56;Vannes;56260;CLISCOUET;REP;47.63862196971081;-2.7747907631781388;47.63862196971081, -2.7747907631781388
2019;0570104D;Grand Est;44;Moselle;Nancy-Metz;12;57;Stiring-Wendel;57660;NICOLAS UNTERSTELLER;REP;49.19226463396011;6.916063863875816;49.19226463396011, 6.916063863875816
2018;0570318L;Grand Est;44;Moselle;Nancy-Metz;12;57;Uckange;57683;JEAN MOULIN;REP;49.30368416246295;6.146728309488735;49.30368416246295, 6.146728309488735
2019;0572180K;Grand Est;44;Moselle;Nancy-Metz;12;57;Forbach;57227;PIERRE ADT;REP+;49.17944243921458;6.89271765627171;49.17944243921458, 6.89271765627171
2016;0671508A;Grand Est;44;Bas-Rhin;Strasbourg;15;67;Strasbourg;67482;JACQUES TWINGER;REP;48.58103418153954;7.7055771967708315;48.58103418153954, 7.7055771967708315
2017;0671590P;Grand Est;44;Bas-Rhin;Strasbourg;15;67;Strasbourg;67482;SOPHIE GERMAIN;REP;48.60107038309423;7.719251489407021;48.60107038309423, 7.719251489407021
2016;0671692A;Grand Est;44;Bas-Rhin;Strasbourg;15;67;Strasbourg;67482;SOLIGNAC;REP+;48.547437169091694;7.762684469825641;48.547437169091694, 7.762684469825641
2019;0672130B;Grand Est;44;Bas-Rhin;Strasbourg;15;67;Bischwiller;67046;ANDRE MAUROIS;REP;48.778940303095645;7.847541941802114;48.778940303095645, 7.847541941802114
2016;0680110A;Grand Est;44;Haut-Rhin;Strasbourg;15;68;Mulhouse;68224;JEAN MACE;REP+;47.73365652425607;7.294292726743986;47.73365652425607, 7.294292726743986
2015;0681961M;Grand Est;44;Haut-Rhin;Strasbourg;15;68;Mulhouse;68224;BEL AIR;REP;47.73025291297963;7.305713792132944;47.73025291297963, 7.305713792132944
2019;0720001K;Pays de la Loire;52;Sarthe;Nantes;17;72;Allonnes;72003;JOHN KENNEDY;REP;47.96543902201654;0.16267187225549418;47.96543902201654, 0.16267187225549418
2015;0761696F;Normandie;28;Seine-Maritime;Rouen;21;76;Le Havre;76351;ROMAIN ROLLAND;REP;49.50659105510942;0.15897866444890316;49.50659105510942, 0.15897866444890316
2017;0761703N;Normandie;28;Seine-Maritime;Rouen;21;76;Dieppe;76217;ALBERT CAMUS;REP+;49.92925906931375;1.1043914140734894;49.92925906931375, 1.1043914140734894
2018;0761737A;Normandie;28;Seine-Maritime;Rouen;21;76;Le Petit-Quevilly;76498;DENIS DIDEROT;REP;49.42158540796852;1.0586284827858308;49.42158540796852, 1.0586284827858308
2019;0761737A;Normandie;28;Seine-Maritime;Rouen;21;76;Le Petit-Quevilly;76498;DENIS DIDEROT;REP;49.42158540796852;1.0586284827858308;49.42158540796852, 1.0586284827858308
2016;0761782Z;Normandie;28;Seine-Maritime;Rouen;21;76;Le Havre;76351;EUGENE VARLIN;REP+;49.51611046547872;0.1715632388758433;49.51611046547872, 0.1715632388758433
2015;0761783A;Normandie;28;Seine-Maritime;Rouen;21;76;Le Havre;76351;JACQUES MONOD;REP+;49.493022465986854;0.15543052961965706;49.493022465986854, 0.15543052961965706
2017;0762132E;Normandie;28;Seine-Maritime;Rouen;21;76;Saint-Etienne-du-Rouvray;76575;ROBESPIERRE;REP+;49.39654910603693;1.067786265207497;49.39654910603693, 1.067786265207497
2018;0771176K;Ile-de-France;11;Seine-et-Marne;Créteil;24;77;Provins;77379;JULES VERNE;REP;48.545041764496204;3.29091511419333;48.545041764496204, 3.29091511419333
2016;0690094C;Auvergne-Rhône-Alpes;84;Rhône;Lyon;10;69;Vénissieux;69259;JULES MICHELET;REP+;45.688818406807236;4.872191381653365;45.688818406807236, 4.872191381653365
2019;0221037H;Bretagne;53;Côtes-d'Armor;Rennes;14;22;Plémet;22183;LOUIS GUILLOUX;REP;48.1744927931095;-2.596617187978246;48.1744927931095, -2.596617187978246
2019;0061001F;Provence-Alpes-Côte d'Azur;93;Alpes-Maritimes;Nice;23;06;Nice;06088;NUCERA LOUIS;REP+;43.723616833422604;7.289075797273389;43.723616833422604, 7.289075797273389
2016;0131604Y;Provence-Alpes-Côte d'Azur;93;Bouches-du-Rhône;Aix-Marseille;02;13;Marseille 14e  Arrondissement;13214;HENRI WALLON;REP+;43.31961782388107;5.386181635547058;43.31961782388107, 5.386181635547058
2015;0131701D;Provence-Alpes-Côte d'Azur;93;Bouches-du-Rhône;Aix-Marseille;02;13;Gardanne;13041;GABRIEL PERI;REP;43.453259711214656;5.470128580643114;43.453259711214656, 5.470128580643114
2015;0131885D;Provence-Alpes-Côte d'Azur;93;Bouches-du-Rhône;Aix-Marseille;02;13;Marseille 15e  Arrondissement;13215;VALLON DES PINS;REP+;43.371399994209604;5.365884347481156;43.371399994209604, 5.365884347481156
2017;0132212J;Provence-Alpes-Côte d'Azur;93;Bouches-du-Rhône;Aix-Marseille;02;13;Port-de-Bouc;13077;FREDERIC MISTRAL;REP+;43.409564143574286;4.977595357233713;43.409564143574286, 4.977595357233713
2015;0132730X;Provence-Alpes-Côte d'Azur;93;Bouches-du-Rhône;Aix-Marseille;02;13;Marseille 14e  Arrondissement;13214;PYTHEAS;REP+;43.33378113937141;5.396353065567371;43.33378113937141, 5.396353065567371
2018;0141257R;Normandie;28;Calvados;Caen;05;14;Isigny-sur-Mer;14342;DU VAL D'AURE;REP;49.31870397951404;-1.104999863147956;49.31870397951404, -1.104999863147956
2016;0250003T;Bourgogne-Franche-Comté;27;Doubs;Besançon;03;25;Audincourt;25031;JEAN BAUHIN;REP;47.47951273663528;6.849091552013118;47.47951273663528, 6.849091552013118
2018;0260049M;Auvergne-Rhône-Alpes;84;Drôme;Grenoble;08;26;Valence;26362;JEAN ZAY;REP;44.93594848237967;4.900376271644844;44.93594848237967, 4.900376271644844
2017;0440309X;Pays de la Loire;52;Loire-Atlantique;Nantes;17;44;Nantes;44109;ROSA PARKS;REP+;47.23090407177339;-1.5917089409660616;47.23090407177339, -1.5917089409660616
2017;0490060Z;Pays de la Loire;52;Maine-et-Loire;Nantes;17;49;Angers;49007;JEAN LURCAT;REP+;47.48848486145077;-0.526861448498342;47.48848486145077, -0.526861448498342
2016;0541515D;Grand Est;44;Meurthe-et-Moselle;Nancy-Metz;12;54;Vandoeuvre-lès-Nancy;54547;SIMONE DE BEAUVOIR (HAUT DE PENOY);REP;48.651746885154395;6.17468152058394;48.651746885154395, 6.17468152058394
2019;0601177D;Hauts-de-France;32;Oise;Amiens;20;60;Creil;60175;JEAN JACQUES ROUSSEAU;REP;49.25038471739708;2.4829012850174195;49.25038471739708, 2.4829012850174195
2018;0610045T;Normandie;28;Orne;Caen;05;61;Vimoutiers;61508;ARLETTE HEE-FERGANT;REP;48.93189473314467;0.19956836658599766;48.93189473314467, 0.19956836658599766
2015;0631238D;Auvergne-Rhône-Alpes;84;Puy-de-Dôme;Clermont-Ferrand;06;63;Thiers;63430;ANTOINE AUDEMBRON;REP;45.862829515355195;3.535874946386663;45.862829515355195, 3.535874946386663
2019;0660018L;Occitanie;76;Pyrénées-Orientales;Montpellier;11;66;Perpignan;66136;MADAME DE SEVIGNE;REP+;42.68423084490058;2.886094683581612;42.68423084490058, 2.886094683581612
2017;0671692A;Grand Est;44;Bas-Rhin;Strasbourg;15;67;Strasbourg;67482;SOLIGNAC;REP+;48.547437169091694;7.762684469825641;48.547437169091694, 7.762684469825641
2017;0680009R;Grand Est;44;Haut-Rhin;Strasbourg;15;68;Colmar;68066;PFEFFEL;REP;48.083933924723226;7.3467454230740765;48.083933924723226, 7.3467454230740765
2014;0680084X;Grand Est;44;Haut-Rhin;Strasbourg;15;68;Colmar;68066;MOLIERE;REP+;48.073554759923375;7.328836673422724;48.073554759923375, 7.328836673422724
2017;0680105V;Grand Est;44;Haut-Rhin;Strasbourg;15;68;Mulhouse;68224;KENNEDY;REP+;47.74948473197153;7.333422372433982;47.74948473197153, 7.333422372433982
2018;0680110A;Grand Est;44;Haut-Rhin;Strasbourg;15;68;Mulhouse;68224;JEAN MACE;REP+;47.73365652425607;7.294292726743986;47.73365652425607, 7.294292726743986
2015;0762080Y;Normandie;28;Seine-Maritime;Rouen;21;76;Grand-Couronne;76319;HENRI MATISSE;REP;49.35028153464623;1.0011191422067272;49.35028153464623, 1.0011191422067272
2019;0762080Y;Normandie;28;Seine-Maritime;Rouen;21;76;Grand-Couronne;76319;HENRI MATISSE;REP;49.35028153464623;1.0011191422067272;49.35028153464623, 1.0011191422067272
2016;0771172F;Ile-de-France;11;Seine-et-Marne;Créteil;24;77;Meaux;77284;ALBERT CAMUS;REP+;48.947678338570476;2.9090223532539734;48.947678338570476, 2.9090223532539734
2018;0791002K;Nouvelle-Aquitaine;75;Deux-Sèvres;Poitiers;13;79;Thouars;79329;JEAN ROSTAND;REP;46.973943256506864;-0.18991866628336002;46.973943256506864, -0.18991866628336002
2017;0801264P;Hauts-de-France;32;Somme;Amiens;20;80;Amiens;80021;ROSA PARKS;REP+;49.918082523847424;2.2526129792824383;49.918082523847424, 2.2526129792824383
2016;0840114T;Provence-Alpes-Côte d'Azur;93;Vaucluse;Aix-Marseille;02;84;Carpentras;84031;FRANCOIS RASPAIL;REP;44.06582477802571;5.05331555441208;44.06582477802571, 5.05331555441208
2015;0840761W;Provence-Alpes-Côte d'Azur;93;Vaucluse;Aix-Marseille;02;84;Carpentras;84031;ALPHONSE DAUDET;REP+;44.04873818365949;5.030355340106358;44.04873818365949, 5.030355340106358
2015;0850014D;Pays de la Loire;52;Vendée;Nantes;17;85;L'Ile-d'Elle;85111;GOLFE DES PICTONS;REP;46.32884357303001;-0.9506047439452553;46.32884357303001, -0.9506047439452553
2017;0850015E;Pays de la Loire;52;Vendée;Nantes;17;85;L'Ile-d'Yeu;85113;LES SICARDIERES;REP;46.71655063718814;-2.351836664729886;46.71655063718814, -2.351836664729886
2019;0880151L;Grand Est;44;Vosges;Nancy-Metz;12;88;Saint-Dié-des-Vosges;88413;VAUTRIN LUD;REP;48.296113043988306;6.950038652905892;48.296113043988306, 6.950038652905892
2015;0881101U;Grand Est;44;Vosges;Nancy-Metz;12;88;Senones;88451;ANDRE MALRAUX;REP;48.39437881987966;6.972607436662062;48.39437881987966, 6.972607436662062
2018;0881101U;Grand Est;44;Vosges;Nancy-Metz;12;88;Senones;88451;ANDRE MALRAUX;REP;48.39437881987966;6.972607436662062;48.39437881987966, 6.972607436662062
2016;0881145S;Grand Est;44;Vosges;Nancy-Metz;12;88;Charmes;88090;MAURICE BARRES;REP;48.36773262718728;6.289646442392442;48.36773262718728, 6.289646442392442
2017;0890017K;Bourgogne-Franche-Comté;27;Yonne;Dijon;07;89;Migennes;89257;PAUL FOURREY;REP;47.96481702820786;3.5177534841722395;47.96481702820786, 3.5177534841722395
2018;0890017K;Bourgogne-Franche-Comté;27;Yonne;Dijon;07;89;Migennes;89257;PAUL FOURREY;REP;47.96481702820786;3.5177534841722395;47.96481702820786, 3.5177534841722395
2015;0931144N;Ile-de-France;11;Seine-Saint-Denis;Créteil;24;93;Saint-Ouen-sur-Seine;93070;MICHELET;REP;48.904489198600174;2.3462929511105863;48.904489198600174, 2.3462929511105863
2019;0931212M;Ile-de-France;11;Seine-Saint-Denis;Créteil;24;93;Montreuil;93048;LENAIN DE TILLEMONT;REP+;48.85917027211287;2.4619157796059175;48.85917027211287, 2.4619157796059175
2019;0931216S;Ile-de-France;11;Seine-Saint-Denis;Créteil;24;93;Pantin;93055;JEAN JAURES;REP+;48.915478477507996;2.411462515764594;48.915478477507996, 2.411462515764594
2017;0931218U;Ile-de-France;11;Seine-Saint-Denis;Créteil;24;93;Pantin;93055;JEAN LOLIVE;REP+;48.90262340909542;2.3965560549539098;48.90262340909542, 2.3965560549539098
2018;0931224A;Ile-de-France;11;Seine-Saint-Denis;Créteil;24;93;Pierrefitte-sur-Seine;93059;PABLO NERUDA;REP;48.96900520558446;2.3666350458880605;48.96900520558446, 2.3666350458880605
2017;0931434D;Ile-de-France;11;Seine-Saint-Denis;Créteil;24;93;Aulnay-sous-Bois;93005;CLAUDE DEBUSSY;REP+;48.95245160148491;2.5106985688156387;48.95245160148491, 2.5106985688156387
2015;0931485J;Ile-de-France;11;Seine-Saint-Denis;Créteil;24;93;Neuilly-sur-Marne;93050;GEORGES BRAQUE;REP;48.86737808537872;2.538949647810004;48.86737808537872, 2.538949647810004
2014;0931612X;Ile-de-France;11;Seine-Saint-Denis;Créteil;24;93;Bondy;93010;JEAN ZAY;REP+;48.91080413353783;2.481372219549891;48.91080413353783, 2.481372219549891
2018;9730193X;Guyane;03;Guyane;Guyane;33;973;Maripasoula;97353;GRAN MAN DIFOU;REP+;3.6443175439358924;-54.03658476290652;3.6443175439358924, -54.03658476290652
2019;9730237V;Guyane;03;Guyane;Guyane;33;973;Kourou;97304;VICTOR SCHOELCHER;REP+;5.154257191830882;-52.648870272902585;5.154257191830882, -52.648870272902585
2015;9740018B;La Réunion;04;La Réunion;La Réunion;28;974;Saint-Leu;97413;CHALOUPE ST LEU;REP;-21.15181438318516;55.31992353682122;-21.15181438318516, 55.31992353682122
2015;9740035V;La Réunion;04;La Réunion;La Réunion;28;974;Saint-Paul;97415;CELIMENE GAUDIEUX;REP+;-21.083910692542105;55.268093917686514;-21.083910692542105, 55.268093917686514
2017;9740037X;La Réunion;04;La Réunion;La Réunion;28;974;La Plaine-des-Palmistes;97406;GASTON CROCHET;REP;-21.137251329103904;55.627256812899724;-21.137251329103904, 55.627256812899724
2015;9740083X;La Réunion;04;La Réunion;La Réunion;28;974;Saint-Benoît;97410;AMIRAL PIERRE BOUVET;REP+;-21.04402264934471;55.71805424823558;-21.04402264934471, 55.71805424823558
2015;9740096L;La Réunion;04;La Réunion;La Réunion;28;974;Cilaos;97424;ALSACE CORRE;REP;-21.134631473721967;55.47329595269721;-21.134631473721967, 55.47329595269721
2019;9740599H;La Réunion;04;La Réunion;La Réunion;28;974;Saint-André;97409;JOSEPH BEDIER;REP;-20.95768851859893;55.64865098673106;-20.95768851859893, 55.64865098673106
2014;9740703W;La Réunion;04;La Réunion;La Réunion;28;974;Saint-André;97409;CAMBUSTON;REP+;-20.928536902324367;55.64621069259988;-20.928536902324367, 55.64621069259988
2019;9741189Z;La Réunion;04;La Réunion;La Réunion;28;974;Saint-Louis;97414;JEAN LAFOSSE;REP+;-21.269082247106468;55.40068377565656;-21.269082247106468, 55.40068377565656
2018;9741208V;La Réunion;04;La Réunion;La Réunion;28;974;Saint-Denis;97411;ELIE WIESEL DU CHAUDRON;REP+;-20.89304065901602;55.484908050865435;-20.89304065901602, 55.484908050865435
2016;9760094Y;Mayotte;06;Mayotte;Mayotte;43;976;Bandraboua;97602;BAKARI KUSU (DE DZOUMOGNE);REP;-12.71860722083926;45.109735152264555;-12.71860722083926, 45.109735152264555
2017;9760371Z;Mayotte;06;Mayotte;Mayotte;43;976;Ouangani;97614;OUANGANI;REP+;-12.83862464732454;45.13189527876748;-12.83862464732454, 45.13189527876748
2019;9730306V;Guyane;03;Guyane;Guyane;33;973;Kourou;97304;OMEBA TOBO;REP+;5.174062908158315;-52.65128999571834;5.174062908158315, -52.65128999571834
2018;9740618D;La Réunion;04;La Réunion;La Réunion;28;974;Saint-Denis;97411;LES ALIZES;REP;-20.899458360412943;55.4854607777731;-20.899458360412943, 55.4854607777731
2019;9740841W;La Réunion;04;La Réunion;La Réunion;28;974;Saint-Louis;97414;PLATEAU GOYAVES;REP+;-21.27954118583102;55.42000430939853;-21.27954118583102, 55.42000430939853
2017;9760042S;Mayotte;06;Mayotte;Mayotte;43;976;Chirongui;97606;MARCEL HENRY;REP;-12.934883011040357;45.15055543950539;-12.934883011040357, 45.15055543950539
2014;9760245M;Mayotte;06;Mayotte;Mayotte;43;976;Dembeni;97607;ZAKIA MADI;REP+;-12.836721398736229;45.181504382551516;-12.836721398736229, 45.181504382551516
2016;9760369X;Mayotte;06;Mayotte;Mayotte;43;976;Koungou;97610;DE MAJICAVO;REP+;-12.735749290053134;45.2049713779938;-12.735749290053134, 45.2049713779938
2015;9840332N;TOM et Collectivités territoriales;00;Polynésie Française;Polynésie Française;41;987;Rangiroa;98740;DE RANGIROA;REP+;;;
2018;0691669P;Auvergne-Rhône-Alpes;84;Rhône;Lyon;10;69;Lyon 8e  Arrondissement;69388;VICTOR GRIGNARD;REP;45.72483542490782;4.882624068636099;45.72483542490782, 4.882624068636099
2016;0691730F;Auvergne-Rhône-Alpes;84;Rhône;Lyon;10;69;Vénissieux;69259;PAUL ELUARD;REP+;45.7001179349781;4.86965578916794;45.7001179349781, 4.86965578916794
2017;0692343X;Auvergne-Rhône-Alpes;84;Rhône;Lyon;10;69;Vénissieux;69259;ELSA TRIOLET;REP+;45.69701215351381;4.866453033184436;45.69701215351381, 4.866453033184436
2018;0694295U;Auvergne-Rhône-Alpes;84;Rhône;Lyon;10;69;Lyon 8e  Arrondissement;69388;ALICE GUY;REP;45.73678159289949;4.865034004039976;45.73678159289949, 4.865034004039976
2016;0010987T;Auvergne-Rhône-Alpes;84;Ain;Lyon;10;01;Arbent;01014;JEAN ROSTAND;REP;46.27230385805938;5.671932224901918;46.27230385805938, 5.671932224901918
2018;0160864C;Nouvelle-Aquitaine;75;Charente;Poitiers;13;16;Cognac;16102;CLAUDE BOUCHER;REP;45.69170031539395;-0.34876048375285473;45.69170031539395, -0.34876048375285473
2018;0690249W;Auvergne-Rhône-Alpes;84;Rhône;Lyon;10;69;Vaulx-en-Velin;69256;PIERRE VALDO;REP+;45.77954488342978;4.9295411995665726;45.77954488342978, 4.9295411995665726
2016;0860876K;Nouvelle-Aquitaine;75;Vienne;Poitiers;13;86;Châtellerault;86066;GEORGE SAND;REP+;46.80522819603858;0.5476560930490292;46.80522819603858, 0.5476560930490292
2018;0350052S;Bretagne;53;Ille-et-Vilaine;Rennes;14;35;Val-Couesnon;35004;PIERRE PERRIN;REP;48.42378227657473;-1.4746630756537267;48.42378227657473, -1.4746630756537267
2018;0691793Z;Auvergne-Rhône-Alpes;84;Rhône;Lyon;10;69;Vaulx-en-Velin;69256;JACQUES DUCLOS;REP+;45.755099015967275;4.923594655598949;45.755099015967275, 4.923594655598949
2019;0691793Z;Auvergne-Rhône-Alpes;84;Rhône;Lyon;10;69;Vaulx-en-Velin;69256;JACQUES DUCLOS;REP+;45.755099015967275;4.923594655598949;45.755099015967275, 4.923594655598949
2019;0311231V;Occitanie;76;Haute-Garonne;Toulouse;16;31;Toulouse;31555;MAURICE BECANNE;REP;43.58437571748683;1.4245663009819267;43.58437571748683, 1.4245663009819267
2019;0311718Z;Occitanie;76;Haute-Garonne;Toulouse;16;31;Toulouse;31555;NICOLAS VAUQUELIN;REP;43.58260086861771;1.4012136416218584;43.58260086861771, 1.4012136416218584
2019;0382032C;Auvergne-Rhône-Alpes;84;Isère;Grenoble;08;38;Grenoble;38185;LUCIE AUBRAC GEANTS;REP+;45.16256696245369;5.739678137394584;45.16256696245369, 5.739678137394584
2016;0820588U;Occitanie;76;Tarn-et-Garonne;Toulouse;16;82;Montauban;82121;OLYMPE DE GOUGES;REP;44.01477591537027;1.3802973430395615;44.01477591537027, 1.3802973430395615
2018;0311265G;Occitanie;76;Haute-Garonne;Toulouse;16;31;Toulouse;31555;ROSA PARKS;REP+;43.640540823474176;1.436666843558543;43.640540823474176, 1.436666843558543
2017;0740911N;Auvergne-Rhône-Alpes;84;Haute-Savoie;Grenoble;08;74;Cluses;74081;G ANTHONIOZ DE GAULLE;REP;46.06398201824885;6.574563585342877;46.06398201824885, 6.574563585342877
2017;0750546L;Ile-de-France;11;Paris;Paris;01;75;Paris 18e  Arrondissement;75118;GEORGES CLEMENCEAU;REP+;48.8890134482437;2.3515359569166736;48.8890134482437, 2.3515359569166736
2019;0751793S;Ile-de-France;11;Paris;Paris;01;75;Paris 18e  Arrondissement;75118;MAURICE UTRILLO;REP+;48.89850972237922;2.344331539254156;48.89850972237922, 2.344331539254156
2019;0753938Y;Ile-de-France;11;Paris;Paris;01;75;Paris 19e  Arrondissement;75119;GEORGES ROUAULT;REP+;48.88660486762876;2.3990749972329106;48.88660486762876, 2.3990749972329106
2018;0271320N;Normandie;28;Eure;Rouen;21;27;Les Andelys;27016;ROSA PARKS;REP;49.248316108114196;1.4435775069863328;49.248316108114196, 1.4435775069863328
2015;0280657M;Centre-Val de Loire;24;Eure-et-Loir;Orléans-Tours;18;28;Lucé;28218;LES PETITS SENTIERS;REP;48.43339819251506;1.454989472728926;48.43339819251506, 1.454989472728926
2018;0280657M;Centre-Val de Loire;24;Eure-et-Loir;Orléans-Tours;18;28;Lucé;28218;LES PETITS SENTIERS;REP;48.43339819251506;1.454989472728926;48.43339819251506, 1.454989472728926
2017;0280716B;Centre-Val de Loire;24;Eure-et-Loir;Orléans-Tours;18;28;Dreux;28134;PIERRE ET MARIE CURIE;REP+;48.736241887257606;1.3878250922969768;48.736241887257606, 1.3878250922969768
2017;0360541T;Centre-Val de Loire;24;Indre;Orléans-Tours;18;36;Châteauroux;36044;ROSA PARKS;REP+;46.80038434473314;1.7056685945180377;46.80038434473314, 1.7056685945180377
2018;0360541T;Centre-Val de Loire;24;Indre;Orléans-Tours;18;36;Châteauroux;36044;ROSA PARKS;REP+;46.80038434473314;1.7056685945180377;46.80038434473314, 1.7056685945180377
2016;0370766G;Centre-Val de Loire;24;Indre-et-Loire;Orléans-Tours;18;37;Saint-Pierre-des-Corps;37233;JACQUES DECOUR;REP+;47.39415854305077;0.7222934821433079;47.39415854305077, 0.7222934821433079
2016;0370791J;Centre-Val de Loire;24;Indre-et-Loire;Orléans-Tours;18;37;Joué-lès-Tours;37122;ARCHE DU LUDE;REP;47.34616946970418;0.6506576577664248;47.34616946970418, 0.6506576577664248
2018;0451070U;Centre-Val de Loire;24;Loiret;Orléans-Tours;18;45;Orléans;45234;MONTESQUIEU;REP;47.833157346585494;1.9364235104271923;47.833157346585494, 1.9364235104271923
2019;0451070U;Centre-Val de Loire;24;Loiret;Orléans-Tours;18;45;Orléans;45234;MONTESQUIEU;REP;47.833157346585494;1.9364235104271923;47.833157346585494, 1.9364235104271923
2019;0670105A;Grand Est;44;Bas-Rhin;Strasbourg;15;67;Strasbourg;67482;LEZAY MARNESIA;REP+;48.54835318372379;7.74594502892675;48.54835318372379, 7.74594502892675
2015;0271286B;Normandie;28;Eure;Rouen;21;27;Val-de-Reuil;27701;ALPHONSE ALLAIS;REP+;49.27441537372215;1.2126090888503258;49.27441537372215, 1.2126090888503258
2017;0931195U;Ile-de-France;11;Seine-Saint-Denis;Créteil;24;93;Bobigny;93008;AUGUSTE DELAUNE;REP;48.9080996768158;2.4625423058013696;48.9080996768158, 2.4625423058013696
2017;0931429Y;Ile-de-France;11;Seine-Saint-Denis;Créteil;24;93;La Courneuve;93027;JEAN VILAR;REP+;48.92211216446413;2.384882067943852;48.92211216446413, 2.384882067943852
2017;0932579Y;Ile-de-France;11;Seine-Saint-Denis;Créteil;24;93;Montreuil;93048;CESARIA EVORA;REP;48.8665853173967;2.460121583402077;48.8665853173967, 2.460121583402077
2017;0941040V;Ile-de-France;11;Val-de-Marne;Créteil;24;94;Choisy-le-Roi;94022;EMILE ZOLA;REP;48.768199454529935;2.4057841110469402;48.768199454529935, 2.4057841110469402
2016;0941044Z;Ile-de-France;11;Val-de-Marne;Créteil;24;94;Orly;94054;ROBERT DESNOS;REP+;48.74716494108484;2.409842544423456;48.74716494108484, 2.409842544423456
2019;0941044Z;Ile-de-France;11;Val-de-Marne;Créteil;24;94;Orly;94054;ROBERT DESNOS;REP+;48.74716494108484;2.409842544423456;48.74716494108484, 2.409842544423456
2014;0780180X;Ile-de-France;11;Yvelines;Versailles;25;78;Les Mureaux;78440;JULES VERNE;REP+;48.97948524887258;1.9226146438751084;48.97948524887258, 1.9226146438751084
2016;0780255D;Ile-de-France;11;Yvelines;Versailles;25;78;Limay;78335;ALBERT THIERRY;REP;48.99785973231533;1.7480590529897597;48.99785973231533, 1.7480590529897597
2016;0780420H;Ile-de-France;11;Yvelines;Versailles;25;78;Plaisir;78490;BLAISE PASCAL;REP;48.82476506766831;1.949271628984812;48.82476506766831, 1.949271628984812
2015;0910678T;Ile-de-France;11;Essonne;Versailles;25;91;Sainte-Geneviève-des-Bois;91549;JEAN MACE;REP;48.641146927538486;2.3404266035137584;48.641146927538486, 2.3404266035137584
2017;0910716J;Ile-de-France;11;Essonne;Versailles;25;91;Savigny-sur-Orge;91589;JEAN MERMOZ;REP;48.67265291675446;2.3415313443860524;48.67265291675446, 2.3415313443860524
2017;0911027X;Ile-de-France;11;Essonne;Versailles;25;91;Athis-Mons;91027;MICHEL RICHARD DELALANDE;REP;48.71206175285292;2.394841141019621;48.71206175285292, 2.394841141019621
2015;0911036G;Ile-de-France;11;Essonne;Versailles;25;91;Grigny;91286;JEAN VILAR;REP+;48.650293502327806;2.3758860423792143;48.650293502327806, 2.3758860423792143
2016;0911042N;Ile-de-France;11;Essonne;Versailles;25;91;Sainte-Geneviève-des-Bois;91549;PAUL ELUARD;REP;48.63681102826605;2.344627521432902;48.63681102826605, 2.344627521432902
2016;0911334F;Ile-de-France;11;Essonne;Versailles;25;91;Les Ulis;91692;AIME CESAIRE;REP;48.68261773835202;2.1631089406648067;48.68261773835202, 2.1631089406648067
2018;0911570M;Ile-de-France;11;Essonne;Versailles;25;91;Corbeil-Essonnes;91174;LEOPOLD SEDAR SENGHOR;REP+;48.615198091949125;2.458096105312862;48.615198091949125, 2.458096105312862
2017;0911729K;Ile-de-France;11;Essonne;Versailles;25;91;Evry-Courcouronnes;91228;LES PYRAMIDES;REP+;48.63442827843204;2.431692112699378;48.63442827843204, 2.431692112699378
2018;0911865H;Ile-de-France;11;Essonne;Versailles;25;91;Evry-Courcouronnes;91228;PAUL ELUARD;REP;48.62304584134616;2.4429485467828793;48.62304584134616, 2.4429485467828793
2015;0921157H;Ile-de-France;11;Hauts-de-Seine;Versailles;25;92;Gennevilliers;92036;EDOUARD VAILLANT;REP;48.923946061564834;2.3008059966651633;48.923946061564834, 2.3008059966651633
2015;0921159K;Ile-de-France;11;Hauts-de-Seine;Versailles;25;92;Villeneuve-la-Garenne;92078;EDOUARD MANET;REP;48.93224016659391;2.332970739302508;48.93224016659391, 2.332970739302508
2017;0921159K;Ile-de-France;11;Hauts-de-Seine;Versailles;25;92;Villeneuve-la-Garenne;92078;EDOUARD MANET;REP;48.93224016659391;2.332970739302508;48.93224016659391, 2.332970739302508
2018;0921160L;Ile-de-France;11;Hauts-de-Seine;Versailles;25;92;Colombes;92025;JEAN-BAPTISTE CLEMENT;REP;48.93189999560393;2.2579731719669542;48.93189999560393, 2.2579731719669542
2016;0921589C;Ile-de-France;11;Hauts-de-Seine;Versailles;25;92;Nanterre;92050;EVARISTE GALOIS;REP+;48.88740374784261;2.2203525844504752;48.88740374784261, 2.2203525844504752
2018;0921589C;Ile-de-France;11;Hauts-de-Seine;Versailles;25;92;Nanterre;92050;EVARISTE GALOIS;REP+;48.88740374784261;2.2203525844504752;48.88740374784261, 2.2203525844504752
2015;0950026M;Ile-de-France;11;Val-d'Oise;Versailles;25;95;Goussainville;95280;MAXIMILIEN DE ROBESPIERRE;REP;49.03241256335687;2.454761114690216;49.03241256335687, 2.454761114690216
2017;0950886X;Ile-de-France;11;Val-d'Oise;Versailles;25;95;Argenteuil;95018;CLAUDE MONET;REP+;48.95484737299336;2.22377664854072;48.95484737299336, 2.22377664854072
2015;0950888Z;Ile-de-France;11;Val-d'Oise;Versailles;25;95;Bezons;95063;HENRI WALLON;REP;48.93206006743424;2.2151968413039524;48.93206006743424, 2.2151968413039524
2018;0950895G;Ile-de-France;11;Val-d'Oise;Versailles;25;95;Pontoise;95500;SIMONE VEIL;REP;49.04405966784812;2.0844612413354215;49.04405966784812, 2.0844612413354215
2015;0950939E;Ile-de-France;11;Val-d'Oise;Versailles;25;95;Villiers-le-Bel;95680;LEON BLUM;REP;49.00484986513063;2.4124196194712924;49.00484986513063, 2.4124196194712924
2015;0951142A;Ile-de-France;11;Val-d'Oise;Versailles;25;95;Gonesse;95277;ROBERT DOISNEAU;REP;48.99004572780334;2.4263291241581113;48.99004572780334, 2.4263291241581113
2015;0141553M;Normandie;28;Calvados;Caen;05;14;Fleury-sur-Orne;14271;STEPHEN HAWKING (MARCEL PAGNOL);REP+;49.15728610302962;-0.36023049666148743;49.15728610302962, -0.36023049666148743
2016;0251395F;Bourgogne-Franche-Comté;27;Doubs;Besançon;03;25;Montbéliard;25388;LOU BLAZER;REP+;47.498410868834725;6.79110536713418;47.498410868834725, 6.79110536713418
2015;0251397H;Bourgogne-Franche-Comté;27;Doubs;Besançon;03;25;Seloncourt;25539;LES HAUTES VIGNES;REP;47.471657743512836;6.8564071982789585;47.471657743512836, 6.8564071982789585
2019;0400010U;Nouvelle-Aquitaine;75;Landes;Bordeaux;04;40;Gabarret;40102;JULES FERRY;REP;43.98527944545262;0.006111135857639554;43.98527944545262, 0.006111135857639554
2016;0400648M;Nouvelle-Aquitaine;75;Landes;Bordeaux;04;40;Mont-de-Marsan;40192;VICTOR DURUY;REP;43.89747628754074;-0.5009549383009567;43.89747628754074, -0.5009549383009567
2015;0500068C;Normandie;28;Manche;Caen;05;50;Sainte-Mère-Eglise;50523;SAINT EXUPERY;REP;49.41078137212206;-1.3116902393289178;49.41078137212206, -1.3116902393289178
2018;0500068C;Normandie;28;Manche;Caen;05;50;Sainte-Mère-Eglise;50523;SAINT EXUPERY;REP;49.41078137212206;-1.3116902393289178;49.41078137212206, -1.3116902393289178
2018;0100009F;Grand Est;44;Aube;Reims;19;10;La Chapelle-Saint-Luc;10081;ALBERT CAMUS;REP+;48.31168861337318;4.039035289792559;48.31168861337318, 4.039035289792559
2016;0331618E;Nouvelle-Aquitaine;75;Gironde;Bordeaux;04;33;Bordeaux;33063;LEONARD LENOIR;REP;44.84153932220803;-0.5538237748046175;44.84153932220803, -0.5538237748046175
2016;0590109Y;Hauts-de-France;32;Nord;Lille;09;59;Jeumont;59324;EUGENE THOMAS;REP+;50.29315952895427;4.105945528043302;50.29315952895427, 4.105945528043302
2015;0590151U;Hauts-de-France;32;Nord;Lille;09;59;Maubeuge;59392;ERNEST COUTELLE;REP;50.27794945604184;3.9710125709000965;50.27794945604184, 3.9710125709000965
2016;0592634T;Hauts-de-France;32;Nord;Lille;09;59;Hautmont;59291;ANTOINE DE SAINT EXUPERY;REP;50.24532696812899;3.909300273180787;50.24532696812899, 3.909300273180787
2017;0592714E;Hauts-de-France;32;Nord;Lille;09;59;Tourcoing;59599;MENDES-FRANCE;REP+;50.73603904171261;3.189487898174909;50.73603904171261, 3.189487898174909
2018;0593235W;Hauts-de-France;32;Nord;Lille;09;59;Lille;59350;BORIS VIAN;REP+;50.63057677002072;3.0941272674390845;50.63057677002072, 3.0941272674390845
2017;0593486U;Hauts-de-France;32;Nord;Lille;09;59;Fresnes-sur-Escaut;59253;FELICIEN JOLY;REP;50.4370336665568;3.5717958564687904;50.4370336665568, 3.5717958564687904
2018;0593680E;Hauts-de-France;32;Nord;Lille;09;59;Valenciennes;59606;CHASSE ROYALE;REP+;50.355747136749194;3.5038220362532377;50.355747136749194, 3.5038220362532377
2015;0594405T;Hauts-de-France;32;Nord;Lille;09;59;Somain;59574;VICTOR HUGO;REP;50.36153892734891;3.2761862269502635;50.36153892734891, 3.2761862269502635
2017;0594408W;Hauts-de-France;32;Nord;Lille;09;59;Raismes;59491;GERMINAL;REP+;50.3955694812591;3.4816293075127525;50.3955694812591, 3.4816293075127525
2015;0594533G;Hauts-de-France;32;Nord;Lille;09;59;Lourches;59361;VOLTAIRE;REP;50.31470374644448;3.355410705247856;50.31470374644448, 3.355410705247856
2019;0594533G;Hauts-de-France;32;Nord;Lille;09;59;Lourches;59361;VOLTAIRE;REP;50.31470374644448;3.355410705247856;50.31470374644448, 3.355410705247856
2018;0595337F;Hauts-de-France;32;Nord;Lille;09;59;Le Cateau-Cambrésis;59136;JEAN ROSTAND;REP;50.099125615345045;3.5324148046716264;50.099125615345045, 3.5324148046716264
2019;0620068M;Hauts-de-France;32;Pas-de-Calais;Lille;09;62;Calonne-Ricouart;62194;FREDERIC JOLIOT-CURIE;REP;50.485352478435715;2.4787486346727157;50.485352478435715, 2.4787486346727157
2017;0620219B;Hauts-de-France;32;Pas-de-Calais;Lille;09;62;Liévin;62510;DANIELLE DARRAS RIAUMONT;REP;50.419953696945214;2.788046427719581;50.419953696945214, 2.788046427719581
2015;0622098U;Hauts-de-France;32;Pas-de-Calais;Lille;09;62;Fouquières-lès-Lens;62351;EMILE ZOLA;REP;50.427735063962416;2.9166223973810306;50.427735063962416, 2.9166223973810306
2016;0622273J;Hauts-de-France;32;Pas-de-Calais;Lille;09;62;Calais;62193;LUCIEN VADEZ;REP+;50.95498796438836;1.8989436522359877;50.95498796438836, 1.8989436522359877
2019;0622273J;Hauts-de-France;32;Pas-de-Calais;Lille;09;62;Calais;62193;LUCIEN VADEZ;REP+;50.95498796438836;1.8989436522359877;50.95498796438836, 1.8989436522359877
2018;0622423X;Hauts-de-France;32;Pas-de-Calais;Lille;09;62;Montigny-en-Gohelle;62587;YOURI GAGARINE;REP;50.43106412506696;2.9319665516904587;50.43106412506696, 2.9319665516904587
2018;0622572J;Hauts-de-France;32;Pas-de-Calais;Lille;09;62;Etaples;62318;JEAN JAURES;REP;50.5200401784929;1.64235871377373;50.5200401784929, 1.64235871377373
2015;0622799F;Hauts-de-France;32;Pas-de-Calais;Lille;09;62;Lillers;62516;LEO LAGRANGE;REP;50.56703429094058;2.4807923769905678;50.56703429094058, 2.4807923769905678
2017;0470102F;Nouvelle-Aquitaine;75;Lot-et-Garonne;Bordeaux;04;47;Sainte-Livrade-sur-Lot;47252;PAUL FROMENT;REP;44.402859301269956;0.5990460074059903;44.402859301269956, 0.5990460074059903
2017;0520049W;Grand Est;44;Haute-Marne;Reims;19;52;Saint-Dizier;52448;ANNE FRANK;REP+;48.646994215957285;4.968322464337116;48.646994215957285, 4.968322464337116
2016;0870117E;Nouvelle-Aquitaine;75;Haute-Vienne;Limoges;22;87;Limoges;87085;ALBERT CALMETTE;REP;45.828926286928976;1.2245352814067116;45.828926286928976, 1.2245352814067116
2018;0870729V;Nouvelle-Aquitaine;75;Haute-Vienne;Limoges;22;87;Limoges;87085;PIERRE DE RONSARD;REP+;45.84982733271753;1.2696318103361464;45.84982733271753, 1.2696318103361464
2018;0870791M;Nouvelle-Aquitaine;75;Haute-Vienne;Limoges;22;87;Limoges;87085;ANATOLE FRANCE;REP;45.880315017543715;1.2980833068384146;45.880315017543715, 1.2980833068384146
2015;0020030X;Hauts-de-France;32;Aisne;Amiens;20;02;Guise;02361;CAMILLE DESMOULINS;REP;49.904117444645166;3.636139990380132;49.904117444645166, 3.636139990380132
2015;0070006U;Auvergne-Rhône-Alpes;84;Ardèche;Grenoble;08;07;Bourg-Saint-Andéol;07042;LE LAOUL;REP;44.379869391912045;4.641564051489012;44.379869391912045, 4.641564051489012
2016;0801512J;Hauts-de-France;32;Somme;Amiens;20;80;Abbeville;80001;DE PONTHIEU;REP;50.095585202207566;1.8521552140032465;50.095585202207566, 1.8521552140032465
2017;0801512J;Hauts-de-France;32;Somme;Amiens;20;80;Abbeville;80001;DE PONTHIEU;REP;50.095585202207566;1.8521552140032465;50.095585202207566, 1.8521552140032465
2017;0061279H;Provence-Alpes-Côte d'Azur;93;Alpes-Maritimes;Nice;23;06;Cannes;06029;LES VALLERGUES;REP;43.55869508171123;7.010839675556695;43.55869508171123, 7.010839675556695
2015;0080017A;Grand Est;44;Ardennes;Reims;19;08;Fumay;08185;LES AURAINS;REP;49.99152688488634;4.705631254720321;49.99152688488634, 4.705631254720321
2019;0080925M;Grand Est;44;Ardennes;Reims;19;08;Charleville-Mézières;08105;LEO LAGRANGE;REP+;49.74429144882049;4.720396699736607;49.74429144882049, 4.720396699736607
2018;0110068P;Occitanie;76;Aude;Montpellier;11;11;Narbonne;11262;GEORGES BRASSENS;REP;43.18619491616579;2.9742537468546484;43.18619491616579, 2.9742537468546484
2015;0131604Y;Provence-Alpes-Côte d'Azur;93;Bouches-du-Rhône;Aix-Marseille;02;13;Marseille 14e  Arrondissement;13214;HENRI WALLON;REP+;43.31961782388107;5.386181635547058;43.31961782388107, 5.386181635547058
2015;0131611F;Provence-Alpes-Côte d'Azur;93;Bouches-du-Rhône;Aix-Marseille;02;13;Tarascon;13108;RENE CASSIN;REP;43.81837826589648;4.662029851916059;43.81837826589648, 4.662029851916059
2015;0131703F;Provence-Alpes-Côte d'Azur;93;Bouches-du-Rhône;Aix-Marseille;02;13;Marseille 14e  Arrondissement;13214;EDOUARD MANET;REP+;43.33336908225192;5.399634040443975;43.33336908225192, 5.399634040443975
2017;0132007L;Provence-Alpes-Côte d'Azur;93;Bouches-du-Rhône;Aix-Marseille;02;13;Saint-Victoret;13102;JACQUES PREVERT;REP;43.41697231810928;5.231344038358879;43.41697231810928, 5.231344038358879
2015;0132212J;Provence-Alpes-Côte d'Azur;93;Bouches-du-Rhône;Aix-Marseille;02;13;Port-de-Bouc;13077;FREDERIC MISTRAL;REP+;43.409564143574286;4.977595357233713;43.409564143574286, 4.977595357233713
2019;0132314V;Provence-Alpes-Côte d'Azur;93;Bouches-du-Rhône;Aix-Marseille;02;13;Marseille 13e  Arrondissement;13213;JEAN GIONO;REP;43.3307269894162;5.43448881533234;43.3307269894162, 5.43448881533234
2015;0132428U;Provence-Alpes-Côte d'Azur;93;Bouches-du-Rhône;Aix-Marseille;02;13;Marseille 11e  Arrondissement;13211;AIR BEL;REP;43.290286440882156;5.4300056966885535;43.290286440882156, 5.4300056966885535
2018;0132491M;Provence-Alpes-Côte d'Azur;93;Bouches-du-Rhône;Aix-Marseille;02;13;Marseille 14e  Arrondissement;13214;ALEXANDRE DUMAS;REP+;43.31616262550515;5.3922963354630875;43.31616262550515, 5.3922963354630875
2016;0132730X;Provence-Alpes-Côte d'Azur;93;Bouches-du-Rhône;Aix-Marseille;02;13;Marseille 14e  Arrondissement;13214;PYTHEAS;REP+;43.33378113937141;5.396353065567371;43.33378113937141, 5.396353065567371
2017;0133775H;Provence-Alpes-Côte d'Azur;93;Bouches-du-Rhône;Aix-Marseille;02;13;Marseille 14e  Arrondissement;13214;MARIE LAURENCIN;REP+;43.32037088694167;5.387863339523559;43.32037088694167, 5.387863339523559
2017;0141315D;Normandie;28;Calvados;Caen;05;14;Lisieux;14366;PIERRE SIMON DE LAPLACE;REP;49.144149662772975;0.247455318698348;49.144149662772975, 0.247455318698348
2015;0141363F;Normandie;28;Calvados;Caen;05;14;Hérouville-Saint-Clair;14327;NELSON MANDELA;REP;49.20100443857583;-0.34495744770423786;49.20100443857583, -0.34495744770423786
2016;0210034Y;Bourgogne-Franche-Comté;27;Côte-d'Or;Dijon;07;21;Montbard;21425;LOUIS PASTEUR;REP;47.634684345909704;4.342102481857795;47.634684345909704, 4.342102481857795
2019;0251080N;Bourgogne-Franche-Comté;27;Doubs;Besançon;03;25;Besançon;25056;DIDEROT;REP+;47.22135259462659;5.971546674758418;47.22135259462659, 5.971546674758418
2015;0260029R;Auvergne-Rhône-Alpes;84;Drôme;Grenoble;08;26;Saint-Rambert-d'Albon;26325;FERNAND BERTHON;REP;45.291770635159686;4.817747218823353;45.291770635159686, 4.817747218823353
2015;0260049M;Auvergne-Rhône-Alpes;84;Drôme;Grenoble;08;26;Valence;26362;JEAN ZAY;REP;44.93594848237967;4.900376271644844;44.93594848237967, 4.900376271644844
2018;0260850H;Auvergne-Rhône-Alpes;84;Drôme;Grenoble;08;26;Romans-sur-Isère;26281;ETIENNE-JEAN LAPASSAT;REP;45.0427292309842;5.082057492953541;45.0427292309842, 5.082057492953541
2019;0271095U;Normandie;28;Eure;Rouen;21;27;Evreux;27229;GEORGES POLITZER;REP;49.00612913745159;1.1473266885808986;49.00612913745159, 1.1473266885808986
2018;0301208A;Occitanie;76;Gard;Montpellier;11;30;Beaucaire;30032;EUGENE VIGNE;REP+;43.81046616419739;4.637784042364661;43.81046616419739, 4.637784042364661
2019;0301282F;Occitanie;76;Gard;Montpellier;11;30;Beaucaire;30032;ELSA TRIOLET;REP;43.810467043086405;4.6220114256398;43.810467043086405, 4.6220114256398
2015;0332189A;Nouvelle-Aquitaine;75;Gironde;Bordeaux;04;33;Floirac;33167;NELSON MANDELA;REP;44.83884912390976;-0.5334017954116679;44.83884912390976, -0.5334017954116679
2017;0332285E;Nouvelle-Aquitaine;75;Gironde;Bordeaux;04;33;Bordeaux;33063;JACQUES ELLUL;REP;44.84460328448234;-0.5419703408667669;44.84460328448234, -0.5419703408667669
2017;0340109J;Occitanie;76;Hérault;Montpellier;11;34;Montpellier;34172;LES GARRIGUES;REP+;43.642644037735835;3.8170859935499246;43.642644037735835, 3.8170859935499246
2015;0340996Y;Occitanie;76;Hérault;Montpellier;11;34;Montpellier;34172;LES ESCHOLIERS DE LA MOSSON;REP+;43.63373903555031;3.821653282796258;43.63373903555031, 3.821653282796258
2018;0341065Y;Occitanie;76;Hérault;Montpellier;11;34;Sète;34301;JEAN MOULIN;REP+;43.415364595237705;3.6710787993542855;43.415364595237705, 3.6710787993542855
2015;0350897K;Bretagne;53;Ille-et-Vilaine;Rennes;14;35;Saint-Malo;35288;ROBERT SURCOUF;REP;48.63695135687618;-2.0007389294193323;48.63695135687618, -2.0007389294193323
2019;0382044R;Auvergne-Rhône-Alpes;84;Isère;Grenoble;08;38;Echirolles;38151;PABLO PICASSO;REP;45.144597782235955;5.697006562520474;45.144597782235955, 5.697006562520474
2019;0421451Z;Auvergne-Rhône-Alpes;84;Loire;Lyon;10;42;Saint-Etienne;42218;MARC SEGUIN;REP+;45.465018037373156;4.408860006920129;45.465018037373156, 4.408860006920129
2017;0421686E;Auvergne-Rhône-Alpes;84;Loire;Lyon;10;42;Saint-Etienne;42218;JEAN DASTE;REP;45.42799368238789;4.42167504819566;45.42799368238789, 4.42167504819566
2019;0440348P;Pays de la Loire;52;Loire-Atlantique;Nantes;17;44;Châteaubriant;44036;LA VILLE AUX ROSES;REP;47.7115926492366;-1.3845765477303777;47.7115926492366, -1.3845765477303777
2018;0441608J;Pays de la Loire;52;Loire-Atlantique;Nantes;17;44;Nantes;44109;LA DURANTIERE;REP;47.21486590503068;-1.6039867756565513;47.21486590503068, -1.6039867756565513
2017;0510044W;Grand Est;44;Marne;Reims;19;51;Reims;51454;COLBERT;REP+;49.28297612839761;4.021845641172637;49.28297612839761, 4.021845641172637
2018;0541327Z;Grand Est;44;Meurthe-et-Moselle;Nancy-Metz;12;54;Nancy;54395;JEAN LAMOUR;REP+;48.703697017892615;6.163292244737513;48.703697017892615, 6.163292244737513
2019;0541471F;Grand Est;44;Meurthe-et-Moselle;Nancy-Metz;12;54;Joeuf;54280;MAURICE BARRES;REP;49.231297312517356;6.017072613423467;49.231297312517356, 6.017072613423467
2019;0572023P;Grand Est;44;Moselle;Nancy-Metz;12;57;Farébersviller;57207;GEORGES HOLDERITH;REP;49.12208238127252;6.876108589476251;49.12208238127252, 6.876108589476251
2016;0572168X;Grand Est;44;Moselle;Nancy-Metz;12;57;Metz;57463;FRANCOIS RABELAIS;REP;49.097480279505874;6.171609145364587;49.097480279505874, 6.171609145364587
2016;0572579U;Grand Est;44;Moselle;Nancy-Metz;12;57;Woippy;57751;JULES FERRY;REP+;49.148211624936835;6.168932695830691;49.148211624936835, 6.168932695830691
2018;0572690P;Grand Est;44;Moselle;Nancy-Metz;12;57;Creutzwald;57160;JACQUES-YVES COUSTEAU;REP;49.20940022425659;6.710939100806769;49.20940022425659, 6.710939100806769
2016;0580005R;Bourgogne-Franche-Comté;27;Nièvre;Dijon;07;58;Château-Chinon (Ville);58062;BIBRACTE;REP;47.05796324794272;3.930724852309485;47.05796324794272, 3.930724852309485
2018;0580599L;Bourgogne-Franche-Comté;27;Nièvre;Dijon;07;58;Nevers;58194;ADAM BILLAUT;REP;47.00647110833798;3.1586051792836987;47.00647110833798, 3.1586051792836987
2019;0580669M;Bourgogne-Franche-Comté;27;Nièvre;Dijon;07;58;Cosne-Cours-sur-Loire;58086;CLAUDE TILLIER;REP;47.40310380238856;2.923030447789512;47.40310380238856, 2.923030447789512
2018;0580682B;Bourgogne-Franche-Comté;27;Nièvre;Dijon;07;58;Nevers;58194;LES COURLIS;REP;46.98089342457312;3.1900812152239735;46.98089342457312, 3.1900812152239735
2018;0600018U;Hauts-de-France;32;Oise;Amiens;20;60;Compiègne;60159;GAETAN DENAIN;REP;49.411535771520214;2.819992587665227;49.411535771520214, 2.819992587665227
2016;0601177D;Hauts-de-France;32;Oise;Amiens;20;60;Creil;60175;JEAN JACQUES ROUSSEAU;REP;49.25038471739708;2.4829012850174195;49.25038471739708, 2.4829012850174195
2016;0601178E;Hauts-de-France;32;Oise;Amiens;20;60;Montataire;60414;ANATOLE FRANCE;REP+;49.26079516819449;2.4378990873472115;49.26079516819449, 2.4378990873472115
2019;0601605U;Hauts-de-France;32;Oise;Amiens;20;60;Noyon;60471;PAUL ELUARD;REP;49.58519509905662;2.997788447559591;49.58519509905662, 2.997788447559591
2015;0631199L;Auvergne-Rhône-Alpes;84;Puy-de-Dôme;Clermont-Ferrand;06;63;Clermont-Ferrand;63113;LA CHARME;REP+;45.79772571347159;3.1200387893105104;45.79772571347159, 3.1200387893105104
2018;0631199L;Auvergne-Rhône-Alpes;84;Puy-de-Dôme;Clermont-Ferrand;06;63;Clermont-Ferrand;63113;LA CHARME;REP+;45.79772571347159;3.1200387893105104;45.79772571347159, 3.1200387893105104
2016;0631502R;Auvergne-Rhône-Alpes;84;Puy-de-Dôme;Clermont-Ferrand;06;63;Clermont-Ferrand;63113;CHARLES BAUDELAIRE;REP+;45.75864662579044;3.0950697983947135;45.75864662579044, 3.0950697983947135
2016;0660012E;Occitanie;76;Pyrénées-Orientales;Montpellier;11;66;Perpignan;66136;JOSEPH SEBASTIEN PONS;REP+;42.71974142892545;2.8917514513546663;42.71974142892545, 2.8917514513546663
2015;0671822S;Grand Est;44;Bas-Rhin;Strasbourg;15;67;Bischheim;67043;LAMARTINE;REP;48.61387052227367;7.737823568239101;48.61387052227367, 7.737823568239101
2015;0671825V;Grand Est;44;Bas-Rhin;Strasbourg;15;67;Strasbourg;67482;FRANCOIS TRUFFAUT;REP+;48.599425421842994;7.696410288760466;48.599425421842994, 7.696410288760466
2016;0680084X;Grand Est;44;Haut-Rhin;Strasbourg;15;68;Colmar;68066;MOLIERE;REP+;48.073554759923375;7.328836673422724;48.073554759923375, 7.328836673422724
2019;0680111B;Grand Est;44;Haut-Rhin;Strasbourg;15;68;Mulhouse;68224;SAINT-EXUPERY;REP+;47.75913190321395;7.365076622454544;47.75913190321395, 7.365076622454544
2016;0681127F;Grand Est;44;Haut-Rhin;Strasbourg;15;68;Mulhouse;68224;BOURTZWILLER;REP+;47.77571580591898;7.332873619439134;47.77571580591898, 7.332873619439134
2015;0691645N;Auvergne-Rhône-Alpes;84;Rhône;Lyon;10;69;Villefranche-sur-Saône;69264;FAUBERT;REP;45.99138221737275;4.721831195837468;45.99138221737275, 4.721831195837468
2019;0692337R;Auvergne-Rhône-Alpes;84;Rhône;Lyon;10;69;Villeurbanne;69266;LAMARTINE;REP+;45.75013120351689;4.916143191313106;45.75013120351689, 4.916143191313106
2015;0693834T;Auvergne-Rhône-Alpes;84;Rhône;Lyon;10;69;Bron;69029;THEODORE MONOD;REP;45.73093651337794;4.902401196214135;45.73093651337794, 4.902401196214135
2018;0700788B;Bourgogne-Franche-Comté;27;Haute-Saône;Besançon;03;70;Saint-Loup-sur-Semouse;70467;ANDRE MASSON;REP;47.884549253190436;6.2795588519037615;47.884549253190436, 6.2795588519037615
2016;0710536X;Bourgogne-Franche-Comté;27;Saône-et-Loire;Dijon;07;71;Chalon-sur-Saône;71076;JACQUES PREVERT;REP;46.81310830971988;4.845740006274551;46.81310830971988, 4.845740006274551
2017;0711136Z;Bourgogne-Franche-Comté;27;Saône-et-Loire;Dijon;07;71;Digoin;71176;ROGER SEMET;REP;46.47506659205576;3.9791671855143282;46.47506659205576, 3.9791671855143282
2018;0741097R;Auvergne-Rhône-Alpes;84;Haute-Savoie;Grenoble;08;74;Gaillard;74133;JACQUES PREVERT;REP;46.18490603156181;6.21679100398248;46.18490603156181, 6.21679100398248
2015;0760017F;Normandie;28;Seine-Maritime;Rouen;21;76;Canteleu;76157;LE CEDRE;REP;49.44163509236727;1.0285413912543704;49.44163509236727, 1.0285413912543704
2017;0760050S;Normandie;28;Seine-Maritime;Rouen;21;76;Le Havre;76351;JULES VALLES;REP+;49.51192811793187;0.17755689027558227;49.51192811793187, 0.17755689027558227
2017;0760100W;Normandie;28;Seine-Maritime;Rouen;21;76;Rouen;76540;BOIELDIEU;REP+;49.458343592360514;1.1329414071576054;49.458343592360514, 1.1329414071576054
2014;0761782Z;Normandie;28;Seine-Maritime;Rouen;21;76;Le Havre;76351;EUGENE VARLIN;REP+;49.51611046547872;0.1715632388758433;49.51611046547872, 0.1715632388758433
2019;0762173Z;Normandie;28;Seine-Maritime;Rouen;21;76;Le Havre;76351;MARCEL PAGNOL;REP+;49.49107787381835;0.14078649712721814;49.49107787381835, 0.14078649712721814
2017;0771337K;Ile-de-France;11;Seine-et-Marne;Créteil;24;77;Le Mée-sur-Seine;77285;ELSA TRIOLET;REP;48.54481857106592;2.634709424078541;48.54481857106592, 2.634709424078541
2016;0771420A;Ile-de-France;11;Seine-et-Marne;Créteil;24;77;Meaux;77284;BEAUMARCHAIS;REP;48.948223844510835;2.912188865176466;48.948223844510835, 2.912188865176466
2018;0771841H;Ile-de-France;11;Seine-et-Marne;Créteil;24;77;Noisiel;77337;LE LUZARD;REP;48.846480601359104;2.612890164548638;48.846480601359104, 2.612890164548638
2015;0801485E;Hauts-de-France;32;Somme;Amiens;20;80;Domart-en-Ponthieu;80241;DU VAL DE NIEVRE;REP;50.0770312395959;2.1218710212134195;50.0770312395959, 2.1218710212134195
2017;0801537L;Hauts-de-France;32;Somme;Amiens;20;80;Péronne;80620;BERANGER;REP;49.93093246492848;2.925153107608717;49.93093246492848, 2.925153107608717
2019;0830181W;Provence-Alpes-Côte d'Azur;93;Var;Nice;23;83;Toulon;83137;LA MARQUISANNE;REP+;43.13255825263484;5.891004403930202;43.13255825263484, 5.891004403930202
2015;0840762X;Provence-Alpes-Côte d'Azur;93;Vaucluse;Aix-Marseille;02;84;Orange;84087;BARBARA HENDRICKS;REP;44.142256590956194;4.7983025386082945;44.142256590956194, 4.7983025386082945
2018;0840762X;Provence-Alpes-Côte d'Azur;93;Vaucluse;Aix-Marseille;02;84;Orange;84087;BARBARA HENDRICKS;REP;44.142256590956194;4.7983025386082945;44.142256590956194, 4.7983025386082945
2016;0850015E;Pays de la Loire;52;Vendée;Nantes;17;85;L'Ile-d'Yeu;85113;LES SICARDIERES;REP;46.71655063718814;-2.351836664729886;46.71655063718814, -2.351836664729886
2017;0860702W;Nouvelle-Aquitaine;75;Vienne;Poitiers;13;86;Châtellerault;86066;JEAN-MACE;REP;46.818018360035104;0.5220370136970669;46.818018360035104, 0.5220370136970669
2016;0860723U;Nouvelle-Aquitaine;75;Vienne;Poitiers;13;86;Poitiers;86194;PIERRE DE RONSARD;REP;46.569223242735816;0.34996530967685624;46.569223242735816, 0.34996530967685624
2018;0881099S;Grand Est;44;Vosges;Nancy-Metz;12;88;Saint-Dié-des-Vosges;88413;JOSEPH-JULIEN SOUHAIT;REP;48.281066500528894;6.967291505973852;48.281066500528894, 6.967291505973852
2016;0881101U;Grand Est;44;Vosges;Nancy-Metz;12;88;Senones;88451;ANDRE MALRAUX;REP;48.39437881987966;6.972607436662062;48.39437881987966, 6.972607436662062
2018;0890977D;Bourgogne-Franche-Comté;27;Yonne;Dijon;07;89;Migennes;89257;JACQUES PREVERT;REP;47.96944641087473;3.505749801639799;47.96944641087473, 3.505749801639799
2015;0900006T;Bourgogne-Franche-Comté;27;Territoire de Belfort;Besançon;03;90;Belfort;90010;LEONARD DE VINCI;REP;47.63187735688989;6.849568662127752;47.63187735688989, 6.849568662127752
2016;0900006T;Bourgogne-Franche-Comté;27;Territoire de Belfort;Besançon;03;90;Belfort;90010;LEONARD DE VINCI;REP;47.63187735688989;6.849568662127752;47.63187735688989, 6.849568662127752
2016;0930900Y;Ile-de-France;11;Seine-Saint-Denis;Créteil;24;93;Bobigny;93008;JEAN-PIERRE TIMBAUD;REP;48.90697838271701;2.467808919727758;48.90697838271701, 2.467808919727758
2015;0931186J;Ile-de-France;11;Seine-Saint-Denis;Créteil;24;93;Aubervilliers;93001;DIDEROT;REP;48.916372669440314;2.385547555792195;48.916372669440314, 2.385547555792195
2018;0931979W;Ile-de-France;11;Seine-Saint-Denis;Créteil;24;93;Sevran;93071;GEORGES BRASSENS;REP;48.93883487092013;2.538339531152895;48.93883487092013, 2.538339531152895
2016;0940551N;Ile-de-France;11;Val-de-Marne;Créteil;24;94;L'Haÿ-les-Roses;94038;EUGENE CHEVREUL;REP;48.775328025244704;2.3399556085930624;48.775328025244704, 2.3399556085930624
2015;0940581W;Ile-de-France;11;Val-de-Marne;Créteil;24;94;Chevilly-Larue;94021;JEAN MOULIN;REP;48.774311108658466;2.354999677462201;48.774311108658466, 2.354999677462201
2016;0940786U;Ile-de-France;11;Val-de-Marne;Créteil;24;94;Champigny-sur-Marne;94017;LUCIE AUBRAC;REP;48.81900911460025;2.5081796585833844;48.81900911460025, 2.5081796585833844
2016;0941602F;Ile-de-France;11;Val-de-Marne;Créteil;24;94;Villeneuve-le-Roi;94077;GEORGES BRASSENS;REP;48.73010482366989;2.4276668637645056;48.73010482366989, 2.4276668637645056
2015;6200041A;Corse;94;Corse-du-Sud;Corse;27;2A;Propriano;2A249;JEAN NICOLI;REP;41.674108399469844;8.900312615770453;41.674108399469844, 8.900312615770453
2019;7200160L;Corse;94;Haute-Corse;Corse;27;2B;Penta-di-Casinca;2B207;LA CASINCA HENRI TOMASI;REP;42.445543833308676;9.524839397438077;42.445543833308676, 9.524839397438077
2017;9710022X;TOM et Collectivités territoriales;00;Saint-Martin;Guadeloupe;32;978;Saint-Martin;97801;DU MONT DES ACCORDS;REP;18.069452225572174;-63.079422702310595;18.069452225572174, -63.079422702310595
2015;9710026B;Guadeloupe;01;Guadeloupe;Guadeloupe;32;971;Bouillante;97106;FONTAINES BOUILLANTES;REP;16.14245385751594;-61.76601245036771;16.14245385751594, -61.76601245036771
2015;9710029E;Guadeloupe;01;Guadeloupe;Guadeloupe;32;971;Pointe-Noire;97121;COURBARIL;REP;16.234584612702104;-61.7885586530458;16.234584612702104, -61.7885586530458
2018;9710033J;Guadeloupe;01;Guadeloupe;Guadeloupe;32;971;La Désirade;97110;MARYSE CONDE;REP;16.304903649327933;-61.068447333229244;16.304903649327933, -61.068447333229244
2017;9710661S;Guadeloupe;01;Guadeloupe;Guadeloupe;32;971;Pointe-à-Pitre;97120;NESTOR DE KERMADEC;REP+;16.234751561980858;-61.534061006884215;16.234751561980858, -61.534061006884215
2017;9720012F;Martinique;02;Martinique;Martinique;31;972;Gros-Morne;97212;EUZHAN PALCY;REP;14.712179235327438;-60.99655634218415;14.712179235327438, -60.99655634218415
2015;9720351Z;Martinique;02;Martinique;Martinique;31;972;La Trinité;97230;DE BEAUSEJOUR (BEAUSEJOUR);REP;14.745661327847067;-60.949924943708055;14.745661327847067, -60.949924943708055
2016;9720445B;Martinique;02;Martinique;Martinique;31;972;Le Lorrain;97214;HUBERT NERO (HUBERT NERO LE LORRAIN);REP+;14.831133808787202;-61.05604594792374;14.831133808787202, -61.05604594792374
2015;9720682J;Martinique;02;Martinique;Martinique;31;972;Fort-de-France;97209;CASSIEN SAINTE-CLAIRE;REP;14.636299612209612;-61.0390183298867;14.636299612209612, -61.0390183298867
2017;9730091L;Guyane;03;Guyane;Guyane;33;973;Cayenne;97302;PAUL KAPEL;REP+;4.928757216084589;-52.32316802705945;4.928757216084589, -52.32316802705945
2019;9730193X;Guyane;03;Guyane;Guyane;33;973;Maripasoula;97353;GRAN MAN DIFOU;REP+;3.6443175439358924;-54.03658476290652;3.6443175439358924, -54.03658476290652
2018;9730247F;Guyane;03;Guyane;Guyane;33;973;Cayenne;97302;JUSTIN CATAYEE;REP+;4.9176399313382335;-52.30855955893174;4.9176399313382335, -52.30855955893174
2015;9730394R;Guyane;03;Guyane;Guyane;33;973;Saint-Laurent-du-Maroni;97311;ARSENE BOUYER D'ANGOMA;REP+;5.4803393568405285;-54.0334947558977;5.4803393568405285, -54.0334947558977
2017;9740035V;La Réunion;04;La Réunion;La Réunion;28;974;Saint-Paul;97415;CELIMENE GAUDIEUX;REP+;-21.083910692542105;55.268093917686514;-21.083910692542105, 55.268093917686514
2016;9740094J;La Réunion;04;La Réunion;La Réunion;28;974;Sainte-Suzanne;97420;HIPPOLYTE FOUCQUE;REP;-20.902041563275315;55.59914376045121;-20.902041563275315, 55.59914376045121
2017;9740548C;La Réunion;04;La Réunion;La Réunion;28;974;Le Port;97407;EDMOND ALBIUS;REP;-20.933423930772943;55.30325603624638;-20.933423930772943, 55.30325603624638
2016;9740574F;La Réunion;04;La Réunion;La Réunion;28;974;Saint-Pierre;97416;PAUL HERMANN;REP+;-21.334278368093653;55.46804203609736;-21.334278368093653, 55.46804203609736
2017;9740596E;La Réunion;04;La Réunion;La Réunion;28;974;Saint-Paul;97415;ANTOINE SOUBOU;REP;-20.999956635355037;55.280169312090436;-20.999956635355037, 55.280169312090436
2015;9740618D;La Réunion;04;La Réunion;La Réunion;28;974;Saint-Denis;97411;LES ALIZES;REP;-20.899458360412943;55.4854607777731;-20.899458360412943, 55.4854607777731
2016;9760008E;Mayotte;06;Mayotte;Mayotte;43;976;Dzaoudzi;97608;DE BOUENI M TITI;REP;-12.782772969928365;45.2797283642667;-12.782772969928365, 45.2797283642667
2016;9760166B;Mayotte;06;Mayotte;Mayotte;43;976;Kani-Kéli;97609;DES YLANGS YLANGS (DE KANI-KELI);REP;-12.95664040511923;45.10510859047596;-12.95664040511923, 45.10510859047596
2019;9760166B;Mayotte;06;Mayotte;Mayotte;43;976;Kani-Kéli;97609;DES YLANGS YLANGS;REP;-12.95664040511923;45.10510859047596;-12.95664040511923, 45.10510859047596
2015;0440309X;Pays de la Loire;52;Loire-Atlantique;Nantes;17;44;Nantes;44109;ROSA PARKS;REP+;47.23090407177339;-1.5917089409660616;47.23090407177339, -1.5917089409660616
2015;0611026J;Normandie;28;Orne;Caen;05;61;Alençon;61001;LOUISE MICHEL;REP+;48.41269321117825;0.09501263047424259;48.41269321117825, 0.09501263047424259
2016;0631238D;Auvergne-Rhône-Alpes;84;Puy-de-Dôme;Clermont-Ferrand;06;63;Thiers;63430;ANTOINE AUDEMBRON;REP;45.862829515355195;3.535874946386663;45.862829515355195, 3.535874946386663
2019;0641561Z;Nouvelle-Aquitaine;75;Pyrénées-Atlantiques;Bordeaux;04;64;Mourenx;64410;PIERRE BOURDIEU;REP;43.36890116586861;-0.6250192934871972;43.36890116586861, -0.6250192934871972
2016;0681284B;Grand Est;44;Haut-Rhin;Strasbourg;15;68;Mulhouse;68224;WOLF;REP+;47.759547707494136;7.339751196136685;47.759547707494136, 7.339751196136685
2017;0690280E;Auvergne-Rhône-Alpes;84;Rhône;Lyon;10;69;Villeurbanne;69266;LES IRIS;REP;45.769249777900555;4.897808837994051;45.769249777900555, 4.897808837994051
2018;9710686U;Guadeloupe;01;Guadeloupe;Guadeloupe;32;971;Pointe-à-Pitre;97120;FRONT DE MER;REP;16.24906289422986;-61.544439820698265;16.24906289422986, -61.544439820698265
2015;9711087E;TOM et Collectivités territoriales;00;Saint-Martin;Guadeloupe;32;978;Saint-Martin;97801;QUARTIER D'ORLEANS;REP+;18.063951850030257;-63.03501933380796;18.063951850030257, -63.03501933380796
2016;9720083H;Martinique;02;Martinique;Martinique;31;972;Le Lamentin;97213;PETIT MANOIR;REP;14.613349961691995;-60.998551035046624;14.613349961691995, -60.998551035046624
2017;9730219A;Guyane;03;Guyane;Guyane;33;973;Iracoubo;97303;FERDINAND MADELEINE;REP+;5.475681181472741;-53.21181434691961;5.475681181472741, -53.21181434691961
2019;9730374U;Guyane;03;Guyane;Guyane;33;973;Macouria;97305;ANTOINE SYLVERE FELIX;REP+;4.927894589065533;-52.41104460419332;4.927894589065533, -52.41104460419332
2016;9740083X;La Réunion;04;La Réunion;La Réunion;28;974;Saint-Benoît;97410;AMIRAL PIERRE BOUVET;REP+;-21.04402264934471;55.71805424823558;-21.04402264934471, 55.71805424823558
2015;9741208V;La Réunion;04;La Réunion;La Réunion;28;974;Saint-Denis;97411;ELIE WIESEL DU CHAUDRON (DU CHAUDRON);REP+;-20.89304065901602;55.484908050865435;-20.89304065901602, 55.484908050865435
2017;9741366S;La Réunion;04;La Réunion;La Réunion;28;974;Saint-Benoît;97410;GUY  MÔQUET (GUY  MÔQUET  );REP+;-21.053686101039748;55.71016195332497;-21.053686101039748, 55.71016195332497
2019;9760368W;Mayotte;06;Mayotte;Mayotte;43;976;Mamoudzou;97611;DE KWALE;REP;-12.807939293185237;45.201122611733304;-12.807939293185237, 45.201122611733304
2015;0780514K;Ile-de-France;11;Yvelines;Versailles;25;78;Trappes;78621;LE VILLAGE;REP;48.7809686921288;1.9960568403721615;48.7809686921288, 1.9960568403721615
2018;0781986K;Ile-de-France;11;Yvelines;Versailles;25;78;Chanteloup-les-Vignes;78138;MAGELLAN;REP;48.97079208097478;2.0322546203334193;48.97079208097478, 2.0322546203334193
2017;0783463R;Ile-de-France;11;Yvelines;Versailles;25;78;Sartrouville;78586;LOUIS PAULHAN;REP;48.948168995014555;2.1709483248482035;48.948168995014555, 2.1709483248482035
2015;0910056S;Ile-de-France;11;Essonne;Versailles;25;91;Viry-Châtillon;91687;OLIVIER DE SERRES;REP;48.65643875494793;2.3685082299338918;48.65643875494793, 2.3685082299338918
2015;0911025V;Ile-de-France;11;Essonne;Versailles;25;91;Ris-Orangis;91521;JEAN LURCAT;REP;48.638946236515814;2.4101604483366184;48.638946236515814, 2.4101604483366184
2018;0911027X;Ile-de-France;11;Essonne;Versailles;25;91;Athis-Mons;91027;MICHEL RICHARD DELALANDE;REP;48.71206175285292;2.394841141019621;48.71206175285292, 2.394841141019621
2018;0911036G;Ile-de-France;11;Essonne;Versailles;25;91;Grigny;91286;JEAN VILAR;REP+;48.650293502327806;2.3758860423792143;48.650293502327806, 2.3758860423792143
2019;0912173T;Ile-de-France;11;Essonne;Versailles;25;91;Evry-Courcouronnes;91228;GALILEE;REP;48.618719195715386;2.4448912868334864;48.618719195715386, 2.4448912868334864
2019;0920882J;Ile-de-France;11;Hauts-de-Seine;Versailles;25;92;Nanterre;92050;VICTOR HUGO;REP;48.893382558312744;2.204628484701878;48.893382558312744, 2.204628484701878
2017;0021826Z;Hauts-de-France;32;Aisne;Amiens;20;02;Château-Thierry;02168;JEAN ROSTAND;REP;49.05871287531667;3.383813868598672;49.05871287531667, 3.383813868598672
2018;0080925M;Grand Est;44;Ardennes;Reims;19;08;Charleville-Mézières;08105;LEO LAGRANGE;REP+;49.74429144882049;4.720396699736607;49.74429144882049, 4.720396699736607
2017;0131262B;Provence-Alpes-Côte d'Azur;93;Bouches-du-Rhône;Aix-Marseille;02;13;Marseille 13e  Arrondissement;13213;JACQUES PREVERT;REP+;43.325958622791504;5.432413527640791;43.325958622791504, 5.432413527640791
2016;0131703F;Provence-Alpes-Côte d'Azur;93;Bouches-du-Rhône;Aix-Marseille;02;13;Marseille 14e  Arrondissement;13214;EDOUARD MANET;REP+;43.33336908225192;5.399634040443975;43.33336908225192, 5.399634040443975
2015;0131705H;Provence-Alpes-Côte d'Azur;93;Bouches-du-Rhône;Aix-Marseille;02;13;Berre-l'Etang;13014;FERNAND LEGER;REP;43.488049494784825;5.158740692840738;43.488049494784825, 5.158740692840738
2017;0132407W;Provence-Alpes-Côte d'Azur;93;Bouches-du-Rhône;Aix-Marseille;02;13;Marseille 15e  Arrondissement;13215;JEAN MOULIN;REP+;43.36446543035339;5.358006751284265;43.36446543035339, 5.358006751284265
2016;0141136J;Normandie;28;Calvados;Caen;05;14;Hérouville-Saint-Clair;14327;PIERRE VARIGNON;REP;49.19663021261219;-0.33301993990372764;49.19663021261219, -0.33301993990372764
2017;0331753B;Nouvelle-Aquitaine;75;Gironde;Bordeaux;04;33;Bordeaux;33063;BLANQUI;REP+;44.87392410232151;-0.5504666323294741;44.87392410232151, -0.5504666323294741
2017;0341278E;Occitanie;76;Hérault;Montpellier;11;34;Montpellier;34172;ARTHUR RIMBAUD;REP+;43.616677004255614;3.821586015380678;43.616677004255614, 3.821586015380678
2018;0400014Y;Nouvelle-Aquitaine;75;Landes;Bordeaux;04;40;Labouheyre;40134;FELIX ARNAUDIN;REP;44.200663516399544;-0.9158835487359339;44.200663516399544, -0.9158835487359339
2015;0421451Z;Auvergne-Rhône-Alpes;84;Loire;Lyon;10;42;Saint-Etienne;42218;MARC SEGUIN;REP+;45.465018037373156;4.408860006920129;45.465018037373156, 4.408860006920129
2016;0421452A;Auvergne-Rhône-Alpes;84;Loire;Lyon;10;42;Saint-Etienne;42218;GAMBETTA;REP;45.434077800027296;4.389223650743707;45.434077800027296, 4.389223650743707
2019;0421684C;Auvergne-Rhône-Alpes;84;Loire;Lyon;10;42;Roanne;42187;ALBERT THOMAS;REP;46.0441649729427;4.07418807097307;46.0441649729427, 4.07418807097307
2019;0421919H;Auvergne-Rhône-Alpes;84;Loire;Lyon;10;42;Le Chambon-Feugerolles;42044;MASSENET FOURNEYRON;REP;45.399224995410634;4.333903423571499;45.399224995410634, 4.333903423571499
2016;0491028B;Pays de la Loire;52;Maine-et-Loire;Nantes;17;49;Angers;49007;MONTAIGNE;REP;47.4695553177496;-0.5324441945009276;47.4695553177496, -0.5324441945009276
2017;0691480J;Auvergne-Rhône-Alpes;84;Rhône;Lyon;10;69;Vénissieux;69259;HONORE DE BALZAC;REP;45.72536632204829;4.861450572415911;45.72536632204829, 4.861450572415911
2019;0440013A;Pays de la Loire;52;Loire-Atlantique;Nantes;17;44;Guémené-Penfao;44067;BELLEVUE;REP;47.62733300657911;-1.8193342985376002;47.62733300657911, -1.8193342985376002
2018;0440286X;Pays de la Loire;52;Loire-Atlantique;Nantes;17;44;Nantes;44109;CLAUDE DEBUSSY;REP+;47.20359201918089;-1.6056292775068752;47.20359201918089, -1.6056292775068752
2018;0440309X;Pays de la Loire;52;Loire-Atlantique;Nantes;17;44;Nantes;44109;ROSA PARKS;REP+;47.23090407177339;-1.5917089409660616;47.23090407177339, -1.5917089409660616
2015;0490042E;Pays de la Loire;52;Maine-et-Loire;Nantes;17;49;Saumur;49328;PIERRE MENDES FRANCE;REP;47.2453730033157;-0.07829134687733849;47.2453730033157, -0.07829134687733849
2016;0491675E;Pays de la Loire;52;Maine-et-Loire;Nantes;17;49;Cholet;49099;JOACHIM DU BELLAY;REP;47.040265123704096;-0.8862803545470918;47.040265123704096, -0.8862803545470918
2016;0491703K;Pays de la Loire;52;Maine-et-Loire;Nantes;17;49;Angers;49007;JEAN VILAR;REP+;47.44527395184882;-0.5643456468064906;47.44527395184882, -0.5643456468064906
2018;0511214T;Grand Est;44;Marne;Reims;19;51;Reims;51454;TROIS FONTAINES;REP;49.27653804770413;4.01000843095502;49.27653804770413, 4.01000843095502
2015;0541515D;Grand Est;44;Meurthe-et-Moselle;Nancy-Metz;12;54;Vandoeuvre-lès-Nancy;54547;SIMONE DE BEAUVOIR (HAUT DE PENOY);REP;48.651746885154395;6.17468152058394;48.651746885154395, 6.17468152058394
2019;0561348L;Bretagne;53;Morbihan;Rennes;14;56;Vannes;56260;CLISCOUET;REP;47.63862196971081;-2.7747907631781388;47.63862196971081, -2.7747907631781388
2018;0570104D;Grand Est;44;Moselle;Nancy-Metz;12;57;Stiring-Wendel;57660;NICOLAS UNTERSTELLER;REP;49.19226463396011;6.916063863875816;49.19226463396011, 6.916063863875816
2015;0570318L;Grand Est;44;Moselle;Nancy-Metz;12;57;Uckange;57683;JEAN MOULIN;REP;49.30368416246295;6.146728309488735;49.30368416246295, 6.146728309488735
2016;0580599L;Bourgogne-Franche-Comté;27;Nièvre;Dijon;07;58;Nevers;58194;ADAM BILLAUT;REP;47.00647110833798;3.1586051792836987;47.00647110833798, 3.1586051792836987
2015;0680110A;Grand Est;44;Haut-Rhin;Strasbourg;15;68;Mulhouse;68224;JEAN MACE;REP+;47.73365652425607;7.294292726743986;47.73365652425607, 7.294292726743986
2017;0710534V;Bourgogne-Franche-Comté;27;Saône-et-Loire;Dijon;07;71;Mâcon;71270;ROBERT SCHUMAN;REP;46.319927834942426;4.836662552758503;46.319927834942426, 4.836662552758503
2018;0760050S;Normandie;28;Seine-Maritime;Rouen;21;76;Le Havre;76351;JULES VALLES;REP+;49.51192811793187;0.17755689027558227;49.51192811793187, 0.17755689027558227
2016;0761647C;Normandie;28;Seine-Maritime;Rouen;21;76;Saint-Etienne-du-Rouvray;76575;PAUL ELUARD;REP;49.390803287807294;1.1003915511788311;49.390803287807294, 1.1003915511788311
2018;0761647C;Normandie;28;Seine-Maritime;Rouen;21;76;Saint-Etienne-du-Rouvray;76575;PAUL ELUARD;REP;49.390803287807294;1.1003915511788311;49.390803287807294, 1.1003915511788311
2015;0761777U;Normandie;28;Seine-Maritime;Rouen;21;76;Saint-Etienne-du-Rouvray;76575;LOUISE MICHEL;REP;49.394344125935575;1.0833039510452245;49.394344125935575, 1.0833039510452245
2014;0762132E;Normandie;28;Seine-Maritime;Rouen;21;76;Saint-Etienne-du-Rouvray;76575;ROBESPIERRE;REP+;49.39654910603693;1.067786265207497;49.39654910603693, 1.067786265207497
2015;0801537L;Hauts-de-France;32;Somme;Amiens;20;80;Péronne;80620;BERANGER;REP;49.93093246492848;2.925153107608717;49.93093246492848, 2.925153107608717
2016;0801616X;Hauts-de-France;32;Somme;Amiens;20;80;Amiens;80021;GUY MARESCHAL;REP+;49.870864563152736;2.3281177436464473;49.870864563152736, 2.3281177436464473
2016;0830069Z;Provence-Alpes-Côte d'Azur;93;Var;Nice;23;83;Toulon;83137;PIERRE PUGET;REP;43.12750097006582;5.91099373771614;43.12750097006582, 5.91099373771614
2017;0830069Z;Provence-Alpes-Côte d'Azur;93;Var;Nice;23;83;Toulon;83137;PIERRE PUGET;REP;43.12750097006582;5.91099373771614;43.12750097006582, 5.91099373771614
2015;0890977D;Bourgogne-Franche-Comté;27;Yonne;Dijon;07;89;Migennes;89257;JACQUES PREVERT;REP;47.96944641087473;3.505749801639799;47.96944641087473, 3.505749801639799
2017;0930897V;Ile-de-France;11;Seine-Saint-Denis;Créteil;24;93;Sevran;93071;PAUL PAINLEVE;REP+;48.938987974425515;2.5111801328054666;48.938987974425515, 2.5111801328054666
2017;0870791M;Nouvelle-Aquitaine;75;Haute-Vienne;Limoges;22;87;Limoges;87085;ANATOLE FRANCE;REP;45.880315017543715;1.2980833068384146;45.880315017543715, 1.2980833068384146
2018;0020007X;Hauts-de-France;32;Aisne;Amiens;20;02;Bohain-en-Vermandois;02095;HENRI MATISSE;REP+;49.985103348276716;3.4561271827721325;49.985103348276716, 3.4561271827721325
2019;0020072T;Hauts-de-France;32;Aisne;Amiens;20;02;Wassigny;02830;SIMONE VEIL;REP;50.014243097704416;3.5989289862862623;50.014243097704416, 3.5989289862862623
2016;0030021G;Auvergne-Rhône-Alpes;84;Allier;Clermont-Ferrand;06;03;Lurcy-Lévis;03155;ANDRE BOUTRY;REP;46.73330275144075;2.9382661013351585;46.73330275144075, 2.9382661013351585
2017;0131265E;Provence-Alpes-Côte d'Azur;93;Bouches-du-Rhône;Aix-Marseille;02;13;Salon-de-Provence;13103;JEAN MOULIN;REP;43.642784212843395;5.103994516073329;43.642784212843395, 5.103994516073329
2017;0301282F;Occitanie;76;Gard;Montpellier;11;30;Beaucaire;30032;ELSA TRIOLET;REP;43.810467043086405;4.6220114256398;43.810467043086405, 4.6220114256398
2017;0390883Y;Bourgogne-Franche-Comté;27;Jura;Besançon;03;39;Dole;39198;MARYSE BASTIE;REP;47.08340079628947;5.468921037085184;47.08340079628947, 5.468921037085184
2015;0421684C;Auvergne-Rhône-Alpes;84;Loire;Lyon;10;42;Roanne;42187;ALBERT THOMAS;REP;46.0441649729427;4.07418807097307;46.0441649729427, 4.07418807097307
2017;0500053L;Normandie;28;Manche;Caen;05;50;Périers;50394;LE FAIRAGE;REP;49.18425879565588;-1.4037451208714196;49.18425879565588, -1.4037451208714196
2017;0570318L;Grand Est;44;Moselle;Nancy-Metz;12;57;Uckange;57683;JEAN MOULIN;REP;49.30368416246295;6.146728309488735;49.30368416246295, 6.146728309488735
2018;0572168X;Grand Est;44;Moselle;Nancy-Metz;12;57;Metz;57463;FRANCOIS RABELAIS;REP;49.097480279505874;6.171609145364587;49.097480279505874, 6.171609145364587
2016;0572180K;Grand Est;44;Moselle;Nancy-Metz;12;57;Forbach;57227;PIERRE ADT;REP+;49.17944243921458;6.89271765627171;49.17944243921458, 6.89271765627171
2018;0573269U;Grand Est;44;Moselle;Nancy-Metz;12;57;Fameck;57206;CHARLES DE GAULLE;REP;49.30239963596309;6.116210568501709;49.30239963596309, 6.116210568501709
2017;0601178E;Hauts-de-France;32;Oise;Amiens;20;60;Montataire;60414;ANATOLE FRANCE;REP+;49.26079516819449;2.4378990873472115;49.26079516819449, 2.4378990873472115
2017;0610045T;Normandie;28;Orne;Caen;05;61;Vimoutiers;61508;ARLETTE HEE-FERGANT;REP;48.93189473314467;0.19956836658599766;48.93189473314467, 0.19956836658599766
2016;0672130B;Grand Est;44;Bas-Rhin;Strasbourg;15;67;Bischwiller;67046;ANDRE MAUROIS;REP;48.778940303095645;7.847541941802114;48.778940303095645, 7.847541941802114
2017;0691645N;Auvergne-Rhône-Alpes;84;Rhône;Lyon;10;69;Villefranche-sur-Saône;69264;FAUBERT;REP;45.99138221737275;4.721831195837468;45.99138221737275, 4.721831195837468
2019;0720902P;Pays de la Loire;52;Sarthe;Nantes;17;72;Le Mans;72181;PIERRE GILLES DE GENNES;REP;47.96815808257968;0.1988030040115398;47.96815808257968, 0.1988030040115398
2015;0730901H;Auvergne-Rhône-Alpes;84;Savoie;Grenoble;08;73;Chambéry;73065;COTE ROUSSE;REP+;45.59073845120884;5.920813637963515;45.59073845120884, 5.920813637963515
2019;0741097R;Auvergne-Rhône-Alpes;84;Haute-Savoie;Grenoble;08;74;Gaillard;74133;JACQUES PREVERT;REP;46.18490603156181;6.21679100398248;46.18490603156181, 6.21679100398248
2017;0761737A;Normandie;28;Seine-Maritime;Rouen;21;76;Le Petit-Quevilly;76498;DENIS DIDEROT;REP;49.42158540796852;1.0586284827858308;49.42158540796852, 1.0586284827858308
2017;0761781Y;Normandie;28;Seine-Maritime;Rouen;21;76;Le Havre;76351;JEAN MOULIN;REP;49.51327104019697;0.12233513421113726;49.51327104019697, 0.12233513421113726
2016;0770033T;Ile-de-France;11;Seine-et-Marne;Créteil;24;77;Melun;77288;LES CAPUCINS;REP+;48.552090058093846;2.661565970793356;48.552090058093846, 2.661565970793356
2017;0771070V;Ile-de-France;11;Seine-et-Marne;Créteil;24;77;Melun;77288;FREDERIC CHOPIN;REP;48.55243324813736;2.6408622210764015;48.55243324813736, 2.6408622210764015
2016;0771476L;Ile-de-France;11;Seine-et-Marne;Créteil;24;77;Dammarie-les-Lys;77152;GEORGES POLITZER;REP;48.52140592920995;2.6417260228126995;48.52140592920995, 2.6417260228126995
2018;0772056S;Ile-de-France;11;Seine-et-Marne;Créteil;24;77;Le Mée-sur-Seine;77285;JEAN DE LA FONTAINE;REP;48.54378921926637;2.6242374643895214;48.54378921926637, 2.6242374643895214
2015;0772481D;Ile-de-France;11;Seine-et-Marne;Créteil;24;77;Provins;77379;MARIE CURIE;REP;48.54848989706616;3.2963388803714886;48.54848989706616, 3.2963388803714886
2019;0791002K;Nouvelle-Aquitaine;75;Deux-Sèvres;Poitiers;13;79;Thouars;79329;JEAN ROSTAND;REP;46.973943256506864;-0.18991866628336002;46.973943256506864, -0.18991866628336002
2015;0800029X;Hauts-de-France;32;Somme;Amiens;20;80;Doullens;80253;JEAN ROSTAND;REP;50.155663891466126;2.3348007017392702;50.155663891466126, 2.3348007017392702
2018;0801263N;Hauts-de-France;32;Somme;Amiens;20;80;Amiens;80021;ARTHUR RIMBAUD;REP+;49.9120671218448;2.3002655343569502;49.9120671218448, 2.3002655343569502
2018;0801341Y;Hauts-de-France;32;Somme;Amiens;20;80;Roye;80685;LOUISE MICHEL;REP;49.706199946668214;2.777824534332099;49.706199946668214, 2.777824534332099
2018;0801487G;Hauts-de-France;32;Somme;Amiens;20;80;Flixecourt;80318;ALFRED MANESSIER;REP;50.01002374966968;2.0777483079370413;50.01002374966968, 2.0777483079370413
2017;0801489J;Hauts-de-France;32;Somme;Amiens;20;80;Rue;80688;DU MARQUENTERRE;REP;50.26803982859514;1.6750736682504426;50.26803982859514, 1.6750736682504426
2019;0830148K;Provence-Alpes-Côte d'Azur;93;Var;Nice;23;83;Toulon;83137;MAURICE GENEVOIX;REP+;43.12814230733197;5.981065729639587;43.12814230733197, 5.981065729639587
2015;0840664R;Provence-Alpes-Côte d'Azur;93;Vaucluse;Aix-Marseille;02;84;Le Pontet;84092;JULES VERNE;REP;43.957154166462395;4.861181951860011;43.957154166462395, 4.861181951860011
2017;0840970Y;Provence-Alpes-Côte d'Azur;93;Vaucluse;Aix-Marseille;02;84;Avignon;84007;GERARD PHILIPE;REP+;43.94366208933906;4.845185449360624;43.94366208933906, 4.845185449360624
2018;0840970Y;Provence-Alpes-Côte d'Azur;93;Vaucluse;Aix-Marseille;02;84;Avignon;84007;GERARD PHILIPE;REP+;43.94366208933906;4.845185449360624;43.94366208933906, 4.845185449360624
2016;0890056C;Bourgogne-Franche-Comté;27;Yonne;Dijon;07;89;Auxerre;89024;BIENVENU MARTIN;REP;47.801699966877834;3.5494534030156975;47.801699966877834, 3.5494534030156975
2016;0890790A;Bourgogne-Franche-Comté;27;Yonne;Dijon;07;89;Sens;89387;CHAMPS PLAISANTS;REP;48.19294450765683;3.3028723884886477;48.19294450765683, 3.3028723884886477
2019;0930616P;Ile-de-France;11;Seine-Saint-Denis;Créteil;24;93;Clichy-sous-Bois;93014;ROMAIN ROLLAND;REP+;48.905477807692;2.5477754410179747;48.905477807692, 2.5477754410179747
2015;0930865K;Ile-de-France;11;Seine-Saint-Denis;Créteil;24;93;Saint-Denis;93066;JEAN LURCAT;REP+;48.935717664980714;2.3798522365084533;48.935717664980714, 2.3798522365084533
2016;0931212M;Ile-de-France;11;Seine-Saint-Denis;Créteil;24;93;Montreuil;93048;LENAIN DE TILLEMONT;REP+;48.85917027211287;2.4619157796059175;48.85917027211287, 2.4619157796059175
2017;0931213N;Ile-de-France;11;Seine-Saint-Denis;Créteil;24;93;Montreuil;93048;COLONEL FABIEN;REP;48.87574713825058;2.452868668085811;48.87574713825058, 2.452868668085811
2015;0931218U;Ile-de-France;11;Seine-Saint-Denis;Créteil;24;93;Pantin;93055;JEAN LOLIVE;REP+;48.90262340909542;2.3965560549539098;48.90262340909542, 2.3965560549539098
2015;0931381W;Ile-de-France;11;Seine-Saint-Denis;Créteil;24;93;Romainville;93063;GUSTAVE COURBET;REP;48.87832505139174;2.442439542110729;48.87832505139174, 2.442439542110729
2016;0931433C;Ile-de-France;11;Seine-Saint-Denis;Créteil;24;93;Le Blanc-Mesnil;93007;DESCARTES;REP;48.94956810009261;2.4439654710169867;48.94956810009261, 2.4439654710169867
2018;0931707A;Ile-de-France;11;Seine-Saint-Denis;Créteil;24;93;Montfermeil;93047;PABLO PICASSO;REP;48.89959545083097;2.5780725817817616;48.89959545083097, 2.5780725817817616
2019;0931707A;Ile-de-France;11;Seine-Saint-Denis;Créteil;24;93;Montfermeil;93047;PABLO PICASSO;REP;48.89959545083097;2.5780725817817616;48.89959545083097, 2.5780725817817616
2016;0931709C;Ile-de-France;11;Seine-Saint-Denis;Créteil;24;93;Aubervilliers;93001;HENRI WALLON;REP+;48.91197743782545;2.3884673657201105;48.91197743782545, 2.3884673657201105
2015;0931711E;Ile-de-France;11;Seine-Saint-Denis;Créteil;24;93;Bondy;93010;JEAN RENOIR;REP;48.90325053266919;2.4736555288214475;48.90325053266919, 2.4736555288214475
2016;0931711E;Ile-de-France;11;Seine-Saint-Denis;Créteil;24;93;Bondy;93010;JEAN RENOIR;REP;48.90325053266919;2.4736555288214475;48.90325053266919, 2.4736555288214475
2015;0931765N;Ile-de-France;11;Seine-Saint-Denis;Créteil;24;93;L'Ile-Saint-Denis;93039;ALFRED SISLEY;REP;48.94580713209793;2.3283623403976463;48.94580713209793, 2.3283623403976463
2017;0931860S;Ile-de-France;11;Seine-Saint-Denis;Créteil;24;93;Bondy;93010;BROSSOLETTE;REP;48.90262594300085;2.4884911905172373;48.90262594300085, 2.4884911905172373
2019;0931860S;Ile-de-France;11;Seine-Saint-Denis;Créteil;24;93;Bondy;93010;BROSSOLETTE;REP;48.90262594300085;2.4884911905172373;48.90262594300085, 2.4884911905172373
2016;0932366S;Ile-de-France;11;Seine-Saint-Denis;Créteil;24;93;Clichy-sous-Bois;93014;ROBERT DOISNEAU;REP+;48.91255112569176;2.5469240090057186;48.91255112569176, 2.5469240090057186
2018;0940787V;Ile-de-France;11;Val-de-Marne;Créteil;24;94;Chennevières-sur-Marne;94019;NICOLAS BOILEAU;REP;48.80526018792715;2.554708812976008;48.80526018792715, 2.554708812976008
2019;0940791Z;Ile-de-France;11;Val-de-Marne;Créteil;24;94;Villeneuve-Saint-Georges;94078;PIERRE BROSSOLETTE;REP;48.73275912469773;2.4627014018769846;48.73275912469773, 2.4627014018769846
2017;0940794C;Ile-de-France;11;Val-de-Marne;Créteil;24;94;Vitry-sur-Seine;94081;GUSTAVE MONOD;REP;48.78860638290089;2.3813736026758976;48.78860638290089, 2.3813736026758976
2018;0941029H;Ile-de-France;11;Val-de-Marne;Créteil;24;94;Vitry-sur-Seine;94081;JULES VALLES;REP;48.77514272401906;2.402137046623073;48.77514272401906, 2.402137046623073
2018;0941092B;Ile-de-France;11;Val-de-Marne;Créteil;24;94;Champigny-sur-Marne;94017;ELSA TRIOLET;REP+;48.80386987137369;2.550655155565295;48.80386987137369, 2.550655155565295
2016;9720495F;Martinique;02;Martinique;Martinique;31;972;Le François;97210;TRIANON;REP+;14.620528937675742;-60.91157033423602;14.620528937675742, -60.91157033423602
2017;9730237V;Guyane;03;Guyane;Guyane;33;973;Kourou;97304;VICTOR SCHOELCHER;REP+;5.154257191830882;-52.648870272902585;5.154257191830882, -52.648870272902585
2017;9740083X;La Réunion;04;La Réunion;La Réunion;28;974;Saint-Benoît;97410;AMIRAL PIERRE BOUVET;REP+;-21.04402264934471;55.71805424823558;-21.04402264934471, 55.71805424823558
2019;9740548C;La Réunion;04;La Réunion;La Réunion;28;974;Le Port;97407;EDMOND ALBIUS;REP;-20.933423930772943;55.30325603624638;-20.933423930772943, 55.30325603624638
2016;0692340U;Auvergne-Rhône-Alpes;84;Rhône;Lyon;10;69;Lyon 8e  Arrondissement;69388;HENRI LONGCHAMBON;REP+;45.72632303906099;4.8744875515093415;45.72632303906099, 4.8744875515093415
2015;0692342W;Auvergne-Rhône-Alpes;84;Rhône;Lyon;10;69;Saint-Fons;69199;ALAIN;REP+;45.69680951743064;4.856310939159173;45.69680951743064, 4.856310939159173
2018;0692343X;Auvergne-Rhône-Alpes;84;Rhône;Lyon;10;69;Vénissieux;69259;ELSA TRIOLET;REP+;45.69701215351381;4.866453033184436;45.69701215351381, 4.866453033184436
2018;0010039M;Auvergne-Rhône-Alpes;84;Ain;Lyon;10;01;Saint-Rambert-en-Bugey;01384;DE L'ALBARINE;REP;45.9415465823527;5.431010941578425;45.9415465823527, 5.431010941578425
2016;0160113L;Nouvelle-Aquitaine;75;Charente;Poitiers;13;16;Angoulême;16015;MICHELLE PALLET;REP+;45.65023713721452;0.12969672338718286;45.65023713721452, 0.12969672338718286
2018;0622578R;Hauts-de-France;32;Pas-de-Calais;Lille;09;62;Sains-en-Gohelle;62737;JEAN ROSTAND;REP;50.44429546357188;2.682390834241664;50.44429546357188, 2.682390834241664
2016;0622907Y;Hauts-de-France;32;Pas-de-Calais;Lille;09;62;Saint-Omer;62765;DE LA MORINIE;REP+;50.7477357425642;2.26844856344591;50.7477357425642, 2.26844856344591
2019;0801443J;Hauts-de-France;32;Somme;Amiens;20;80;Beaucamps-le-Vieux;80062;MAL LECLERC DE HAUTECLOCQUE;REP;49.840610251386366;1.7850473314468809;49.840610251386366, 1.7850473314468809
2017;9730483M;Guyane;03;Guyane;Guyane;33;973;Kourou;97304;JOSEPH HO TEN YOU;REP+;5.158375788005646;-52.64275224461112;5.158375788005646, -52.64275224461112
2015;0220008P;Bretagne;53;Côtes-d'Armor;Rennes;14;22;Le Mené;22046;VICTOR VASARELY;REP;48.29702664504201;-2.5124006885687087;48.29702664504201, -2.5124006885687087
2019;0290100B;Bretagne;53;Finistère;Rennes;14;29;Brest;29019;PENN AR C'HLEUZ;REP;48.416841111397005;-4.4824385760001535;48.416841111397005, -4.4824385760001535
2019;0350708E;Bretagne;53;Ille-et-Vilaine;Rennes;14;35;Dol-de-Bretagne;35095;PAUL FEVAL;REP;48.538947132297224;-1.7653987808097409;48.538947132297224, -1.7653987808097409
2018;0350734H;Bretagne;53;Ille-et-Vilaine;Rennes;14;35;Rennes;35238;LES CHALAIS;REP;48.08503447256464;-1.6798232557480084;48.08503447256464, -1.6798232557480084
2015;0311112R;Occitanie;76;Haute-Garonne;Toulouse;16;31;Toulouse;31555;HENRI DE TOULOUSE-LAUTREC;REP;43.62964810118352;1.4407054970957724;43.62964810118352, 1.4407054970957724
2016;0311630D;Occitanie;76;Haute-Garonne;Toulouse;16;31;Toulouse;31555;STENDHAL;REP+;43.57809202706454;1.4106443515965383;43.57809202706454, 1.4106443515965383
2016;0382032C;Auvergne-Rhône-Alpes;84;Isère;Grenoble;08;38;Grenoble;38185;LUCIE AUBRAC GEANTS (LUCIE AUBRAC);REP+;45.16256696245369;5.739678137394584;45.16256696245369, 5.739678137394584
2018;0810126X;Occitanie;76;Tarn;Toulouse;16;81;Mazamet;81163;JEAN-LOUIS ETIENNE;REP;43.5050146298112;2.382168508451101;43.5050146298112, 2.382168508451101
2017;0090007J;Occitanie;76;Ariège;Toulouse;16;09;Lavelanet;09160;VICTOR HUGO;REP;42.93989821922662;1.852727372479213;42.93989821922662, 1.852727372479213
2017;0601524F;Hauts-de-France;32;Oise;Amiens;20;60;Compiègne;60159;ANDRE MALRAUX;REP+;49.39849707216046;2.795551223185853;49.39849707216046, 2.795551223185853
2019;0753939Z;Ile-de-France;11;Paris;Paris;01;75;Paris 20e  Arrondissement;75120;JEAN PERRIN;REP;48.856849443620476;2.4111884491790505;48.856849443620476, 2.4111884491790505
2017;0755030K;Ile-de-France;11;Paris;Paris;01;75;Paris 18e  Arrondissement;75118;DANIEL MAYER;REP;48.89315535723955;2.3638739227670578;48.89315535723955, 2.3638739227670578
2016;0755241P;Ile-de-France;11;Paris;Paris;01;75;Paris 20e  Arrondissement;75120;COLETTE BESSON;REP+;48.86636464907121;2.3847606110544888;48.86636464907121, 2.3847606110544888
2018;0371391L;Centre-Val de Loire;24;Indre-et-Loire;Orléans-Tours;18;37;Saint-Pierre-des-Corps;37233;STALINGRAD;REP;47.390112775448756;0.7297326627853571;47.390112775448756, 0.7297326627853571
2019;0371391L;Centre-Val de Loire;24;Indre-et-Loire;Orléans-Tours;18;37;Saint-Pierre-des-Corps;37233;STALINGRAD;REP;47.390112775448756;0.7297326627853571;47.390112775448756, 0.7297326627853571
2016;0450789N;Centre-Val de Loire;24;Loiret;Orléans-Tours;18;45;Montargis;45208;LE GRAND CLOS;REP;47.999177571696144;2.7404888555112725;47.999177571696144, 2.7404888555112725
2018;0450939B;Centre-Val de Loire;24;Loiret;Orléans-Tours;18;45;Orléans;45234;ALAIN FOURNIER;REP;47.83242533285168;1.9304588934488824;47.83242533285168, 1.9304588934488824
2017;0451241E;Centre-Val de Loire;24;Loiret;Orléans-Tours;18;45;Saint-Jean-de-la-Ruelle;45285;ANDRE MALRAUX;REP+;47.90393253310024;1.8658707819300295;47.90393253310024, 1.8658707819300295
2016;0762287Y;Normandie;28;Seine-Maritime;Rouen;21;76;Fécamp;76259;GEORGES CUVIER;REP;49.75768398597076;0.3662971722172709;49.75768398597076, 0.3662971722172709
2017;0762287Y;Normandie;28;Seine-Maritime;Rouen;21;76;Fécamp;76259;GEORGES CUVIER;REP;49.75768398597076;0.3662971722172709;49.75768398597076, 0.3662971722172709
2017;0910049J;Ile-de-France;11;Essonne;Versailles;25;91;Ris-Orangis;91521;ALBERT CAMUS;REP;48.65238645663789;2.4010894641725207;48.65238645663789, 2.4010894641725207
2015;0951401G;Ile-de-France;11;Val-d'Oise;Versailles;25;95;Cergy;95127;LA JUSTICE;REP;49.04485916757148;2.0626711880873145;49.04485916757148, 2.0626711880873145
2018;0951401G;Ile-de-France;11;Val-d'Oise;Versailles;25;95;Cergy;95127;LA JUSTICE;REP;49.04485916757148;2.0626711880873145;49.04485916757148, 2.0626711880873145
2015;0951617S;Ile-de-France;11;Val-d'Oise;Versailles;25;95;Cergy;95127;GERARD PHILIPE;REP;49.046237274432976;2.0432308074885728;49.046237274432976, 2.0432308074885728
2019;0930893R;Ile-de-France;11;Seine-Saint-Denis;Créteil;24;93;Epinay-sur-Seine;93031;ROGER MARTIN DU GARD;REP+;48.95124030255269;2.336226593178637;48.95124030255269, 2.336226593178637
2016;0931143M;Ile-de-France;11;Seine-Saint-Denis;Créteil;24;93;Saint-Ouen-sur-Seine;93070;JEAN JAURES;REP;48.910874237875625;2.3353320313295063;48.910874237875625, 2.3353320313295063
2017;0931145P;Ile-de-France;11;Seine-Saint-Denis;Créteil;24;93;Epinay-sur-Seine;93031;ROBESPIERRE;REP;48.95840522776568;2.310799082524989;48.95840522776568, 2.310799082524989
2018;0931145P;Ile-de-France;11;Seine-Saint-Denis;Créteil;24;93;Epinay-sur-Seine;93031;ROBESPIERRE;REP;48.95840522776568;2.310799082524989;48.95840522776568, 2.310799082524989
2017;0931147S;Ile-de-France;11;Seine-Saint-Denis;Créteil;24;93;Stains;93072;BARBARA;REP+;48.9516454471708;2.369980113585586;48.9516454471708, 2.369980113585586
2019;0931147S;Ile-de-France;11;Seine-Saint-Denis;Créteil;24;93;Stains;93072;BARBARA;REP+;48.9516454471708;2.369980113585586;48.9516454471708, 2.369980113585586
2016;0931148T;Ile-de-France;11;Seine-Saint-Denis;Créteil;24;93;La Courneuve;93027;GEORGES POLITZER;REP+;48.93077703057477;2.3994601504794164;48.93077703057477, 2.3994601504794164
2018;0931181D;Ile-de-France;11;Seine-Saint-Denis;Créteil;24;93;Bagnolet;93006;GEORGES POLITZER;REP;48.85988612830851;2.417538463347195;48.85988612830851, 2.417538463347195
2017;0781896M;Ile-de-France;11;Yvelines;Versailles;25;78;Mantes-la-Jolie;78361;PASTEUR;REP+;48.9940204302503;1.6919869306633348;48.9940204302503, 1.6919869306633348
2015;0910776Z;Ile-de-France;11;Essonne;Versailles;25;91;Vigneux-sur-Seine;91657;PAUL ELUARD;REP;48.703297383583454;2.418351480369723;48.703297383583454, 2.418351480369723
2018;0920854D;Ile-de-France;11;Hauts-de-Seine;Versailles;25;92;Clamart;92023;DES PETITS PONTS;REP;48.78768947706803;2.2515796941126833;48.78768947706803, 2.2515796941126833
2018;0921159K;Ile-de-France;11;Hauts-de-Seine;Versailles;25;92;Villeneuve-la-Garenne;92078;EDOUARD MANET;REP;48.93224016659391;2.332970739302508;48.93224016659391, 2.332970739302508
2015;0950943J;Ile-de-France;11;Val-d'Oise;Versailles;25;95;Sarcelles;95585;CHANTEREINE;REP+;48.98416120005371;2.375387134722661;48.98416120005371, 2.375387134722661
2015;0951094Y;Ile-de-France;11;Val-d'Oise;Versailles;25;95;Argenteuil;95018;PAUL VAILLANT COUTURIER;REP;48.943769470319445;2.2465352236353207;48.943769470319445, 2.2465352236353207
2019;0951142A;Ile-de-France;11;Val-d'Oise;Versailles;25;95;Gonesse;95277;ROBERT DOISNEAU;REP;48.99004572780334;2.4263291241581113;48.99004572780334, 2.4263291241581113
2017;0251395F;Bourgogne-Franche-Comté;27;Doubs;Besançon;03;25;Montbéliard;25388;LOU BLAZER;REP+;47.498410868834725;6.79110536713418;47.498410868834725, 6.79110536713418
2017;0021518P;Hauts-de-France;32;Aisne;Amiens;20;02;La Fère;02304;MARIE DE LUXEMBOURG;REP;49.66395474914851;3.364096263402182;49.66395474914851, 3.364096263402182
2018;0590088A;Hauts-de-France;32;Nord;Lille;09;59;Grande-Synthe;59271;JULES VERNE;REP+;51.020127902647296;2.3046996668512616;51.020127902647296, 2.3046996668512616
2016;0590131X;Hauts-de-France;32;Nord;Lille;09;59;Lille;59350;JEAN JAURES;REP;50.640952154979885;3.010190722430137;50.640952154979885, 3.010190722430137
2019;0590238N;Hauts-de-France;32;Nord;Lille;09;59;Waziers;59654;ROMAIN ROLLAND;REP;50.38602048239937;3.10799200332045;50.38602048239937, 3.10799200332045
2017;0590271Z;Hauts-de-France;32;Nord;Lille;09;59;Lille;59350;PAUL VERLAINE;REP+;50.61075822507696;3.0701328367609584;50.61075822507696, 3.0701328367609584
2015;0593242D;Hauts-de-France;32;Nord;Lille;09;59;Wattrelos;59650;GUSTAVE NADAUD;REP;50.70884740732559;3.1978302784174524;50.70884740732559, 3.1978302784174524
2019;0593486U;Hauts-de-France;32;Nord;Lille;09;59;Fresnes-sur-Escaut;59253;FELICIEN JOLY;REP;50.4370336665568;3.5717958564687904;50.4370336665568, 3.5717958564687904
2016;0594290T;Hauts-de-France;32;Nord;Lille;09;59;Ostricourt;59452;HENRI MATISSE;REP;50.45757568246098;3.026605336596045;50.45757568246098, 3.026605336596045
2016;0594301E;Hauts-de-France;32;Nord;Lille;09;59;Beuvrages;59079;PAUL ELUARD;REP+;50.38544699303679;3.500883268037926;50.38544699303679, 3.500883268037926
2017;0620021L;Hauts-de-France;32;Pas-de-Calais;Lille;09;62;Auchel;62048;SEVIGNE;REP;50.506572780566515;2.464543788933794;50.506572780566515, 2.464543788933794
2019;0620051U;Hauts-de-France;32;Pas-de-Calais;Lille;09;62;Boulogne-sur-Mer;62160;ANGELLIER;REP;50.721100934407204;1.6093851105641255;50.721100934407204, 1.6093851105641255
2017;0020054Y;Hauts-de-France;32;Aisne;Amiens;20;02;Saint-Quentin;02691;MONTAIGNE;REP+;49.86307292091498;3.3006092629510237;49.86307292091498, 3.3006092629510237
2015;0030050N;Auvergne-Rhône-Alpes;84;Allier;Clermont-Ferrand;06;03;Vichy;03310;JULES FERRY;REP;46.14892108729096;3.412013449397127;46.14892108729096, 3.412013449397127
2016;0030119N;Auvergne-Rhône-Alpes;84;Allier;Clermont-Ferrand;06;03;Montluçon;03185;JULES VERNE;REP+;46.34298705679311;2.572362324811446;46.34298705679311, 2.572362324811446
2017;0131935H;Provence-Alpes-Côte d'Azur;93;Bouches-du-Rhône;Aix-Marseille;02;13;Marseille  3e  Arrondissement;13203;EDGAR QUINET;REP+;43.30694525124522;5.379561803755705;43.30694525124522, 5.379561803755705
2019;0132007L;Provence-Alpes-Côte d'Azur;93;Bouches-du-Rhône;Aix-Marseille;02;13;Saint-Victoret;13102;JACQUES PREVERT;REP;43.41697231810928;5.231344038358879;43.41697231810928, 5.231344038358879
2016;0132164G;Provence-Alpes-Côte d'Azur;93;Bouches-du-Rhône;Aix-Marseille;02;13;Septèmes-les-Vallons;13106;LANGEVIN WALLON;REP;43.3862767999242;5.352698984930238;43.3862767999242, 5.352698984930238
2015;0132208E;Provence-Alpes-Côte d'Azur;93;Bouches-du-Rhône;Aix-Marseille;02;13;Martigues;13056;MARCEL PAGNOL;REP;43.41239943428008;5.04205763920382;43.41239943428008, 5.04205763920382
2017;0132314V;Provence-Alpes-Côte d'Azur;93;Bouches-du-Rhône;Aix-Marseille;02;13;Marseille 13e  Arrondissement;13213;JEAN GIONO;REP;43.3307269894162;5.43448881533234;43.3307269894162, 5.43448881533234
2018;0132322D;Provence-Alpes-Côte d'Azur;93;Bouches-du-Rhône;Aix-Marseille;02;13;Port-de-Bouc;13077;PAUL ELUARD;REP;43.41282157756637;4.992829441665292;43.41282157756637, 4.992829441665292
2019;0211225T;Bourgogne-Franche-Comté;27;Côte-d'Or;Dijon;07;21;Chenôve;21166;LE CHAPITRE;REP+;47.29561204768497;5.0035174720635744;47.29561204768497, 5.0035174720635744
2019;0301208A;Occitanie;76;Gard;Montpellier;11;30;Beaucaire;30032;EUGENE VIGNE;REP+;43.81046616419739;4.637784042364661;43.81046616419739, 4.637784042364661
2015;0331462K;Nouvelle-Aquitaine;75;Gironde;Bordeaux;04;33;Bordeaux;33063;FRANCISCO GOYA;REP;44.83433606051566;-0.5771063716112431;44.83433606051566, -0.5771063716112431
2018;0341066Z;Occitanie;76;Hérault;Montpellier;11;34;Béziers;34032;JEAN PERRIN;REP;43.343281958277856;3.2393222329882696;43.343281958277856, 3.2393222329882696
2018;0382044R;Auvergne-Rhône-Alpes;84;Isère;Grenoble;08;38;Echirolles;38151;PABLO PICASSO;REP;45.144597782235955;5.697006562520474;45.144597782235955, 5.697006562520474
2018;0421451Z;Auvergne-Rhône-Alpes;84;Loire;Lyon;10;42;Saint-Etienne;42218;MARC SEGUIN;REP+;45.465018037373156;4.408860006920129;45.465018037373156, 4.408860006920129
2019;0421452A;Auvergne-Rhône-Alpes;84;Loire;Lyon;10;42;Saint-Etienne;42218;GAMBETTA;REP;45.434077800027296;4.389223650743707;45.434077800027296, 4.389223650743707
2014;0490060Z;Pays de la Loire;52;Maine-et-Loire;Nantes;17;49;Angers;49007;JEAN LURCAT;REP+;47.48848486145077;-0.526861448498342;47.48848486145077, -0.526861448498342
2018;0541515D;Grand Est;44;Meurthe-et-Moselle;Nancy-Metz;12;54;Vandoeuvre-lès-Nancy;54547;SIMONE DE BEAUVOIR (HAUT DE PENOY);REP;48.651746885154395;6.17468152058394;48.651746885154395, 6.17468152058394
2018;0541817G;Grand Est;44;Meurthe-et-Moselle;Nancy-Metz;12;54;Jarville-la-Malgrange;54274;ALBERT CAMUS;REP;48.67584250742665;6.201198042197508;48.67584250742665, 6.201198042197508
2016;0640227Z;Nouvelle-Aquitaine;75;Pyrénées-Atlantiques;Bordeaux;04;64;Pau;64445;JEANNE D ALBRET;REP;43.30142820681462;-0.34301325336439786;43.30142820681462, -0.34301325336439786
2019;0660012E;Occitanie;76;Pyrénées-Orientales;Montpellier;11;66;Perpignan;66136;JOSEPH SEBASTIEN PONS;REP+;42.71974142892545;2.8917514513546663;42.71974142892545, 2.8917514513546663
2017;0660051X;Occitanie;76;Pyrénées-Orientales;Montpellier;11;66;Perpignan;66136;ALBERT CAMUS;REP;42.69115421832449;2.909024832548399;42.69115421832449, 2.909024832548399
2016;0660522J;Occitanie;76;Pyrénées-Orientales;Montpellier;11;66;Perpignan;66136;MARCEL PAGNOL;REP+;42.712151441824304;2.8818739650825473;42.712151441824304, 2.8818739650825473
2015;0672130B;Grand Est;44;Bas-Rhin;Strasbourg;15;67;Bischwiller;67046;ANDRE MAUROIS;REP;48.778940303095645;7.847541941802114;48.778940303095645, 7.847541941802114
2016;0691483M;Auvergne-Rhône-Alpes;84;Rhône;Lyon;10;69;Givors;69091;LUCIE AUBRAC;REP;45.600094808242886;4.768598306249514;45.600094808242886, 4.768598306249514
2016;0700045U;Bourgogne-Franche-Comté;27;Haute-Saône;Besançon;03;70;Lure;70310;ALBERT JACQUARD;REP;47.68647891786745;6.507537530235195;47.68647891786745, 6.507537530235195
2017;0710056A;Bourgogne-Franche-Comté;27;Saône-et-Loire;Dijon;07;71;Montceau-les-Mines;71306;JEAN MOULIN;REP;46.67375648575554;4.366562992835783;46.67375648575554, 4.366562992835783
2018;0710536X;Bourgogne-Franche-Comté;27;Saône-et-Loire;Dijon;07;71;Chalon-sur-Saône;71076;JACQUES PREVERT;REP;46.81310830971988;4.845740006274551;46.81310830971988, 4.845740006274551
2016;0720081X;Pays de la Loire;52;Sarthe;Nantes;17;72;Le Mans;72181;ALAIN-FOURNIER;REP+;47.98751300802963;0.21532225850621747;47.98751300802963, 0.21532225850621747
2018;0720081X;Pays de la Loire;52;Sarthe;Nantes;17;72;Le Mans;72181;ALAIN-FOURNIER;REP+;47.98751300802963;0.21532225850621747;47.98751300802963, 0.21532225850621747
2014;0801264P;Hauts-de-France;32;Somme;Amiens;20;80;Amiens;80021;ROSA PARKS (ETOUVIE);REP+;49.918082523847424;2.2526129792824383;49.918082523847424, 2.2526129792824383
2015;0801489J;Hauts-de-France;32;Somme;Amiens;20;80;Rue;80688;DU MARQUENTERRE;REP;50.26803982859514;1.6750736682504426;50.26803982859514, 1.6750736682504426
2015;0830148K;Provence-Alpes-Côte d'Azur;93;Var;Nice;23;83;Toulon;83137;MAURICE GENEVOIX;REP+;43.12814230733197;5.981065729639587;43.12814230733197, 5.981065729639587
2018;0830180V;Provence-Alpes-Côte d'Azur;93;Var;Nice;23;83;La Seyne-sur-Mer;83126;HENRI WALLON;REP+;43.11331405455519;5.870521401657112;43.11331405455519, 5.870521401657112
2017;0890056C;Bourgogne-Franche-Comté;27;Yonne;Dijon;07;89;Auxerre;89024;BIENVENU MARTIN;REP;47.801699966877834;3.5494534030156975;47.801699966877834, 3.5494534030156975
2017;0900006T;Bourgogne-Franche-Comté;27;Territoire de Belfort;Besançon;03;90;Belfort;90010;LEONARD DE VINCI;REP;47.63187735688989;6.849568662127752;47.63187735688989, 6.849568662127752
2016;0930616P;Ile-de-France;11;Seine-Saint-Denis;Créteil;24;93;Clichy-sous-Bois;93014;ROMAIN ROLLAND;REP+;48.905477807692;2.5477754410179747;48.905477807692, 2.5477754410179747
2017;0930865K;Ile-de-France;11;Seine-Saint-Denis;Créteil;24;93;Saint-Denis;93066;JEAN LURCAT;REP+;48.935717664980714;2.3798522365084533;48.935717664980714, 2.3798522365084533
2019;9730337D;Guyane;03;Guyane;Guyane;33;973;Apatou;97360;MA AIYE;REP+;5.162072787983317;-54.338404329000966;5.162072787983317, -54.338404329000966
2017;0690249W;Auvergne-Rhône-Alpes;84;Rhône;Lyon;10;69;Vaulx-en-Velin;69256;PIERRE VALDO;REP+;45.77954488342978;4.9295411995665726;45.77954488342978, 4.9295411995665726
2015;0691479H;Auvergne-Rhône-Alpes;84;Rhône;Lyon;10;69;Bron;69029;JOLIOT CURIE;REP;45.74776194194042;4.913878997099337;45.74776194194042, 4.913878997099337
2016;0692336P;Auvergne-Rhône-Alpes;84;Rhône;Lyon;10;69;Vaulx-en-Velin;69256;HENRI BARBUSSE;REP+;45.78561586444178;4.915963140888081;45.78561586444178, 4.915963140888081
2019;0790004A;Nouvelle-Aquitaine;75;Deux-Sèvres;Poitiers;13;79;Loretz-d'Argenton;79014;MOLIERE;REP;47.08068748791579;-0.27477000244024463;47.08068748791579, -0.27477000244024463
2017;0951142A;Ile-de-France;11;Val-d'Oise;Versailles;25;95;Gonesse;95277;ROBERT DOISNEAU;REP;48.99004572780334;2.4263291241581113;48.99004572780334, 2.4263291241581113
2016;0951195H;Ile-de-France;11;Val-d'Oise;Versailles;25;95;Saint-Ouen-l'Aumône;95572;MARCEL PAGNOL;REP;49.03412711777583;2.1148501733564222;49.03412711777583, 2.1148501733564222
2018;0951196J;Ile-de-France;11;Val-d'Oise;Versailles;25;95;Sarcelles;95585;VOLTAIRE;REP;48.99743440642606;2.3711700636073902;48.99743440642606, 2.3711700636073902
2015;0952128X;Ile-de-France;11;Val-d'Oise;Versailles;25;95;Goussainville;95280;GEORGES CHARPAK;REP;49.02579621586045;2.4599239966924262;49.02579621586045, 2.4599239966924262
2015;0593483R;Hauts-de-France;32;Nord;Lille;09;59;Masny;59390;ROBERT DESNOS;REP;50.342317608166105;3.200689310892901;50.342317608166105, 3.200689310892901
2015;0593235W;Hauts-de-France;32;Nord;Lille;09;59;Lille;59350;BORIS VIAN;REP+;50.63057677002072;3.0941272674390845;50.63057677002072, 3.0941272674390845
2016;0593488W;Hauts-de-France;32;Nord;Lille;09;59;Cambrai;59122;LAMARTINE;REP;50.158508681826056;3.263584824286446;50.158508681826056, 3.263584824286446
2015;0593686L;Hauts-de-France;32;Nord;Lille;09;59;Louvroil;59365;JACQUES BREL;REP+;50.26333775507384;3.965091081203428;50.26333775507384, 3.965091081203428
2015;0594293W;Hauts-de-France;32;Nord;Lille;09;59;Tourcoing;59599;ALBERT ROUSSEL;REP+;50.723101525848385;3.168441695203991;50.723101525848385, 3.168441695203991
2015;0594408W;Hauts-de-France;32;Nord;Lille;09;59;Raismes;59491;GERMINAL;REP+;50.3955694812591;3.4816293075127525;50.3955694812591, 3.4816293075127525
2019;0594524X;Hauts-de-France;32;Nord;Lille;09;59;Wattignies;59648;JEAN MOULIN;REP;50.59193523668529;3.0459524056141873;50.59193523668529, 3.0459524056141873
2016;0595782P;Hauts-de-France;32;Nord;Lille;09;59;Grande-Synthe;59271;DU MOULIN;REP+;51.01131527401728;2.3041700698011334;51.01131527401728, 2.3041700698011334
2017;0620051U;Hauts-de-France;32;Pas-de-Calais;Lille;09;62;Boulogne-sur-Mer;62160;ANGELLIER;REP;50.721100934407204;1.6093851105641255;50.721100934407204, 1.6093851105641255
2018;0620068M;Hauts-de-France;32;Pas-de-Calais;Lille;09;62;Calonne-Ricouart;62194;FREDERIC JOLIOT-CURIE;REP;50.485352478435715;2.4787486346727157;50.485352478435715, 2.4787486346727157
2017;0622572J;Hauts-de-France;32;Pas-de-Calais;Lille;09;62;Etaples;62318;JEAN JAURES;REP;50.5200401784929;1.64235871377373;50.5200401784929, 1.64235871377373
2017;0623313P;Hauts-de-France;32;Pas-de-Calais;Lille;09;62;Auchel;62048;LAVOISIER;REP;50.50690419565359;2.475706251535828;50.50690419565359, 2.475706251535828
2019;0100787B;Grand Est;44;Aube;Reims;19;10;Romilly-sur-Seine;10323;PAUL LANGEVIN;REP;48.52134379613188;3.7278663657992177;48.52134379613188, 3.7278663657992177
2015;0600036N;Hauts-de-France;32;Oise;Amiens;20;60;Nogent-sur-Oise;60463;EDOUARD HERRIOT;REP;49.267760854693826;2.451049890230202;49.267760854693826, 2.451049890230202
2018;0720797A;Pays de la Loire;52;Sarthe;Nantes;17;72;Le Mans;72181;JOSEPHINE BAKER (VAUGUYON);REP+;47.97450893691801;0.22124896261441748;47.97450893691801, 0.22124896261441748
2019;0020090M;Hauts-de-France;32;Aisne;Amiens;20;02;Laon;02408;CHARLEMAGNE;REP+;49.562295092692814;3.6408474695518827;49.562295092692814, 3.6408474695518827
2017;0030021G;Auvergne-Rhône-Alpes;84;Allier;Clermont-Ferrand;06;03;Lurcy-Lévis;03155;ANDRE BOUTRY;REP;46.73330275144075;2.9382661013351585;46.73330275144075, 2.9382661013351585
2018;0030050N;Auvergne-Rhône-Alpes;84;Allier;Clermont-Ferrand;06;03;Vichy;03310;JULES FERRY;REP;46.14892108729096;3.412013449397127;46.14892108729096, 3.412013449397127
2015;0040055N;Provence-Alpes-Côte d'Azur;93;Alpes-de-Haute-Provence;Aix-Marseille;02;04;Manosque;04112;JEAN GIONO;REP;43.82531251715252;5.776499993006937;43.82531251715252, 5.776499993006937
2018;0130007M;Provence-Alpes-Côte d'Azur;93;Bouches-du-Rhône;Aix-Marseille;02;13;Aix-en-Provence;13001;JAS DE BOUFFAN;REP;43.52563802605482;5.420918688465994;43.52563802605482, 5.420918688465994
2018;0132208E;Provence-Alpes-Côte d'Azur;93;Bouches-du-Rhône;Aix-Marseille;02;13;Martigues;13056;MARCEL PAGNOL;REP;43.41239943428008;5.04205763920382;43.41239943428008, 5.04205763920382
2016;0132404T;Provence-Alpes-Côte d'Azur;93;Bouches-du-Rhône;Aix-Marseille;02;13;Marseille 14e  Arrondissement;13214;CLAIR SOLEIL;REP+;43.32354905418095;5.385893227377723;43.32354905418095, 5.385893227377723
2017;0133352Y;Provence-Alpes-Côte d'Azur;93;Bouches-du-Rhône;Aix-Marseille;02;13;Vitrolles;13117;CAMILLE CLAUDEL;REP;43.423374589814806;5.275227694276315;43.423374589814806, 5.275227694276315
2019;0141257R;Normandie;28;Calvados;Caen;05;14;Isigny-sur-Mer;14342;DU VAL D'AURE;REP;49.31870397951404;-1.104999863147956;49.31870397951404, -1.104999863147956
2016;0141363F;Normandie;28;Calvados;Caen;05;14;Hérouville-Saint-Clair;14327;NELSON MANDELA;REP;49.20100443857583;-0.34495744770423786;49.20100443857583, -0.34495744770423786
2018;0211225T;Bourgogne-Franche-Comté;27;Côte-d'Or;Dijon;07;21;Chenôve;21166;LE CHAPITRE;REP+;47.29561204768497;5.0035174720635744;47.29561204768497, 5.0035174720635744
2017;0250056A;Bourgogne-Franche-Comté;27;Doubs;Besançon;03;25;Sochaux;25547;JOUFFROY D'ABBANS;REP;47.512047327798165;6.841445759070088;47.512047327798165, 6.841445759070088
2016;0251599C;Bourgogne-Franche-Comté;27;Doubs;Besançon;03;25;Valentigney;25580;LES BRUYERES;REP;47.45420213424987;6.829897618916385;47.45420213424987, 6.829897618916385
2017;0260029R;Auvergne-Rhône-Alpes;84;Drôme;Grenoble;08;26;Saint-Rambert-d'Albon;26325;FERNAND BERTHON;REP;45.291770635159686;4.817747218823353;45.291770635159686, 4.817747218823353
2019;0301098F;Occitanie;76;Gard;Montpellier;11;30;Nîmes;30189;LES OLIVIERS;REP;43.83392478371075;4.384733350512415;43.83392478371075, 4.384733350512415
2015;0341066Z;Occitanie;76;Hérault;Montpellier;11;34;Béziers;34032;JEAN PERRIN;REP;43.343281958277856;3.2393222329882696;43.343281958277856, 3.2393222329882696
2015;0341364Y;Occitanie;76;Hérault;Montpellier;11;34;Montpellier;34172;GERARD PHILIPE;REP;43.59734336560839;3.8844132992149993;43.59734336560839, 3.8844132992149993
2017;0441616T;Pays de la Loire;52;Loire-Atlantique;Nantes;17;44;Trignac;44210;JULIEN LAMBOT;REP;47.30118042819184;-2.1999287150715574;47.30118042819184, -2.1999287150715574
2018;0490048L;Pays de la Loire;52;Maine-et-Loire;Nantes;17;49;Trélazé;49353;JEAN ROSTAND;REP;47.44934443235111;-0.5000595269804583;47.44934443235111, -0.5000595269804583
2016;0490060Z;Pays de la Loire;52;Maine-et-Loire;Nantes;17;49;Angers;49007;JEAN LURCAT;REP+;47.48848486145077;-0.526861448498342;47.48848486145077, -0.526861448498342
2017;0490783K;Pays de la Loire;52;Maine-et-Loire;Nantes;17;49;Angers;49007;JEAN MERMOZ;REP;47.451685736805544;-0.5682399539106795;47.451685736805544, -0.5682399539106795
2017;0541817G;Grand Est;44;Meurthe-et-Moselle;Nancy-Metz;12;54;Jarville-la-Malgrange;54274;ALBERT CAMUS;REP;48.67584250742665;6.201198042197508;48.67584250742665, 6.201198042197508
2017;0561348L;Bretagne;53;Morbihan;Rennes;14;56;Vannes;56260;CLISCOUET;REP;47.63862196971081;-2.7747907631781388;47.63862196971081, -2.7747907631781388
2016;0572491Y;Grand Est;44;Moselle;Nancy-Metz;12;57;Hombourg-Haut;57332;ROBERT SCHUMAN;REP+;49.13890738186971;6.777449906556984;49.13890738186971, 6.777449906556984
2017;0572491Y;Grand Est;44;Moselle;Nancy-Metz;12;57;Hombourg-Haut;57332;ROBERT SCHUMAN;REP+;49.13890738186971;6.777449906556984;49.13890738186971, 6.777449906556984
2015;0580669M;Bourgogne-Franche-Comté;27;Nièvre;Dijon;07;58;Cosne-Cours-sur-Loire;58086;CLAUDE TILLIER;REP;47.40310380238856;2.923030447789512;47.40310380238856, 2.923030447789512
2019;0601178E;Hauts-de-France;32;Oise;Amiens;20;60;Montataire;60414;ANATOLE FRANCE;REP+;49.26079516819449;2.4378990873472115;49.26079516819449, 2.4378990873472115
2018;0601297J;Hauts-de-France;32;Oise;Amiens;20;60;Noyon;60471;LOUIS PASTEUR;REP;49.58549250764419;3.015309560553724;49.58549250764419, 3.015309560553724
2016;0601718S;Hauts-de-France;32;Oise;Amiens;20;60;Méru;60395;PIERRE MENDES FRANCE;REP;49.23013888034001;2.1407553941368223;49.23013888034001, 2.1407553941368223
2017;0640227Z;Nouvelle-Aquitaine;75;Pyrénées-Atlantiques;Bordeaux;04;64;Pau;64445;JEANNE D ALBRET;REP;43.30142820681462;-0.34301325336439786;43.30142820681462, -0.34301325336439786
2017;0640609P;Nouvelle-Aquitaine;75;Pyrénées-Atlantiques;Bordeaux;04;64;Bayonne;64102;ALBERT CAMUS;REP;43.499451901550565;-1.4535052713256427;43.499451901550565, -1.4535052713256427
2019;0671825V;Grand Est;44;Bas-Rhin;Strasbourg;15;67;Strasbourg;67482;FRANCOIS TRUFFAUT;REP+;48.599425421842994;7.696410288760466;48.599425421842994, 7.696410288760466
2019;0672459J;Grand Est;44;Bas-Rhin;Strasbourg;15;67;Strasbourg;67482;ERASME;REP+;48.591899888580684;7.700796166355622;48.591899888580684, 7.700796166355622
2019;0680084X;Grand Est;44;Haut-Rhin;Strasbourg;15;68;Colmar;68066;MOLIERE;REP+;48.073554759923375;7.328836673422724;48.073554759923375, 7.328836673422724
2015;0691483M;Auvergne-Rhône-Alpes;84;Rhône;Lyon;10;69;Givors;69091;LUCIE AUBRAC;REP;45.600094808242886;4.768598306249514;45.600094808242886, 4.768598306249514
2019;0691498D;Auvergne-Rhône-Alpes;84;Rhône;Lyon;10;69;Rillieux-la-Pape;69286;MARIA CASARES;REP+;45.81768929664611;4.899690581547433;45.81768929664611, 4.899690581547433
2015;0692159X;Auvergne-Rhône-Alpes;84;Rhône;Lyon;10;69;Rillieux-la-Pape;69286;PAUL-EMILE VICTOR;REP+;45.817496040385485;4.90725345663432;45.817496040385485, 4.90725345663432
2017;0692337R;Auvergne-Rhône-Alpes;84;Rhône;Lyon;10;69;Villeurbanne;69266;LAMARTINE;REP+;45.75013120351689;4.916143191313106;45.75013120351689, 4.916143191313106
2017;0694296V;Auvergne-Rhône-Alpes;84;Rhône;Lyon;10;69;Villeurbanne;69266;SIMONE LAGRANGE;REP+;45.77926110953106;4.903773214002433;45.77926110953106, 4.903773214002433
2016;0761781Y;Normandie;28;Seine-Maritime;Rouen;21;76;Le Havre;76351;JEAN MOULIN;REP;49.51327104019697;0.12233513421113726;49.51327104019697, 0.12233513421113726
2017;0761782Z;Normandie;28;Seine-Maritime;Rouen;21;76;Le Havre;76351;EUGENE VARLIN;REP+;49.51611046547872;0.1715632388758433;49.51611046547872, 0.1715632388758433
2015;0761949F;Normandie;28;Seine-Maritime;Rouen;21;76;Le Petit-Quevilly;76498;FERNAND LEGER;REP;49.42858130082447;1.0649233061333692;49.42858130082447, 1.0649233061333692
2016;0761954L;Normandie;28;Seine-Maritime;Rouen;21;76;Gonfreville-l'Orcher;76305;GUSTAVE COURBET;REP;49.507302017213476;0.23305471421860752;49.507302017213476, 0.23305471421860752
2015;0762089H;Normandie;28;Seine-Maritime;Rouen;21;76;Canteleu;76157;CHARLES GOUNOD;REP;49.45443411486617;1.0324560741068125;49.45443411486617, 1.0324560741068125
2016;0762173Z;Normandie;28;Seine-Maritime;Rouen;21;76;Le Havre;76351;MARCEL PAGNOL;REP+;49.49107787381835;0.14078649712721814;49.49107787381835, 0.14078649712721814
2016;0762459K;Normandie;28;Seine-Maritime;Rouen;21;76;Elbeuf;76231;NELSON MANDELA;REP+;49.2815418565957;1.0070565223231869;49.2815418565957, 1.0070565223231869
2017;0771618R;Ile-de-France;11;Seine-et-Marne;Créteil;24;77;Moissy-Cramayel;77296;LES MAILLETTES;REP;48.62336631008905;2.5878120464992356;48.62336631008905, 2.5878120464992356
2019;0940581W;Ile-de-France;11;Val-de-Marne;Créteil;24;94;Chevilly-Larue;94021;JEAN MOULIN;REP;48.774311108658466;2.354999677462201;48.774311108658466, 2.354999677462201
2017;0941296Y;Ile-de-France;11;Val-de-Marne;Créteil;24;94;Fontenay-sous-Bois;94033;JEAN MACE;REP;48.85627637106781;2.4810972403934977;48.85627637106781, 2.4810972403934977
2016;0622087G;Hauts-de-France;32;Pas-de-Calais;Lille;09;62;Mazingarbe;62563;BLAISE PASCAL;REP;50.461641880259855;2.71946421178554;50.461641880259855, 2.71946421178554
2018;0220008P;Bretagne;53;Côtes-d'Armor;Rennes;14;22;Le Mené;22046;VICTOR VASARELY;REP;48.29702664504201;-2.5124006885687087;48.29702664504201, -2.5124006885687087
2018;0220054P;Bretagne;53;Côtes-d'Armor;Rennes;14;22;Saint-Brieuc;22278;JEAN RACINE;REP;48.51009998578219;-2.7504463387125155;48.51009998578219, -2.7504463387125155
2016;0381604M;Auvergne-Rhône-Alpes;84;Isère;Grenoble;08;38;Grenoble;38185;VERCORS;REP;45.17716263584228;5.743447818869533;45.17716263584228, 5.743447818869533
2019;0381604M;Auvergne-Rhône-Alpes;84;Isère;Grenoble;08;38;Grenoble;38185;VERCORS;REP;45.17716263584228;5.743447818869533;45.17716263584228, 5.743447818869533
2016;0311232W;Occitanie;76;Haute-Garonne;Toulouse;16;31;Toulouse;31555;CLAUDE NOUGARO;REP;43.620138320981326;1.4339488463155168;43.620138320981326, 1.4339488463155168
2017;0311232W;Occitanie;76;Haute-Garonne;Toulouse;16;31;Toulouse;31555;CLAUDE NOUGARO;REP;43.620138320981326;1.4339488463155168;43.620138320981326, 1.4339488463155168
2015;0750465Y;Ile-de-France;11;Paris;Paris;01;75;Paris 11e  Arrondissement;75111;LUCIE ET RAYMOND AUBRAC;REP;48.86823146219155;2.3743098395826583;48.86823146219155, 2.3743098395826583
2016;0750478M;Ile-de-France;11;Paris;Paris;01;75;Paris 20e  Arrondissement;75120;JEAN-BAPTISTE CLEMENT;REP;48.869960452798956;2.3893750912220355;48.869960452798956, 2.3893750912220355
2018;0751707Y;Ile-de-France;11;Paris;Paris;01;75;Paris 19e  Arrondissement;75119;EDOUARD PAILLERON;REP;48.88124786463433;2.37869142490499;48.88124786463433, 2.37869142490499
2016;0752544H;Ile-de-France;11;Paris;Paris;01;75;Paris 14e  Arrondissement;75114;FRANCOIS VILLON;REP;48.82633823074932;2.3058051533120643;48.82633823074932, 2.3058051533120643
2019;0370071B;Centre-Val de Loire;24;Indre-et-Loire;Orléans-Tours;18;37;Joué-lès-Tours;37122;LA RABIERE;REP+;47.346335402662156;0.6683218923736088;47.346335402662156, 0.6683218923736088
2016;0761704P;Normandie;28;Seine-Maritime;Rouen;21;76;Fécamp;76259;JULES FERRY;REP;49.755461078651145;0.38232728158670715;49.755461078651145, 0.38232728158670715
2015;0921623P;Ile-de-France;11;Hauts-de-Seine;Versailles;25;92;Clichy;92024;JEAN JAURES;REP;48.90666303930971;2.3072864207664914;48.90666303930971, 2.3072864207664914
2015;0931143M;Ile-de-France;11;Seine-Saint-Denis;Créteil;24;93;Saint-Ouen-sur-Seine;93070;JEAN JAURES;REP;48.910874237875625;2.3353320313295063;48.910874237875625, 2.3353320313295063
2019;0931181D;Ile-de-France;11;Seine-Saint-Denis;Créteil;24;93;Bagnolet;93006;GEORGES POLITZER;REP;48.85988612830851;2.417538463347195;48.85988612830851, 2.417538463347195
2019;0931978V;Ile-de-France;11;Seine-Saint-Denis;Créteil;24;93;Noisy-le-Grand;93051;VICTOR HUGO;REP;48.837928725771405;2.5566627344585777;48.837928725771405, 2.5566627344585777
2015;0932273R;Ile-de-France;11;Seine-Saint-Denis;Créteil;24;93;Saint-Denis;93066;IQBAL MASIH;REP+;48.911910939521704;2.360742652412832;48.911910939521704, 2.360742652412832
2019;0932273R;Ile-de-France;11;Seine-Saint-Denis;Créteil;24;93;Saint-Denis;93066;IQBAL MASIH;REP+;48.911910939521704;2.360742652412832;48.911910939521704, 2.360742652412832
2015;0932310F;Ile-de-France;11;Seine-Saint-Denis;Créteil;24;93;Aulnay-sous-Bois;93005;CHRISTINE DE PISAN;REP;48.94775691453297;2.494528421283935;48.94775691453297, 2.494528421283935
2019;0941040V;Ile-de-France;11;Val-de-Marne;Créteil;24;94;Choisy-le-Roi;94022;EMILE ZOLA;REP;48.768199454529935;2.4057841110469402;48.768199454529935, 2.4057841110469402
2019;0941231C;Ile-de-France;11;Val-de-Marne;Créteil;24;94;Choisy-le-Roi;94022;HENRI MATISSE;REP;48.759874597767364;2.4096281262319406;48.759874597767364, 2.4096281262319406
2015;0771339M;Ile-de-France;11;Seine-et-Marne;Créteil;24;77;Melun;77288;PIERRE BROSSOLETTE;REP;48.54592873477794;2.6750387874761676;48.54592873477794, 2.6750387874761676
2016;0780180X;Ile-de-France;11;Yvelines;Versailles;25;78;Les Mureaux;78440;JULES VERNE;REP+;48.97948524887258;1.9226146438751084;48.97948524887258, 1.9226146438751084
2015;0780187E;Ile-de-France;11;Yvelines;Versailles;25;78;Trappes;78621;YOURI GAGARINE;REP+;48.774574980095814;1.9800850051779413;48.774574980095814, 1.9800850051779413
2018;0780187E;Ile-de-France;11;Yvelines;Versailles;25;78;Trappes;78621;YOURI GAGARINE;REP+;48.774574980095814;1.9800850051779413;48.774574980095814, 1.9800850051779413
2017;0781618K;Ile-de-France;11;Yvelines;Versailles;25;78;Trappes;78621;GUSTAVE COURBET;REP;48.78494668361262;1.978197191007046;48.78494668361262, 1.978197191007046
2016;0783463R;Ile-de-France;11;Yvelines;Versailles;25;78;Sartrouville;78586;LOUIS PAULHAN;REP;48.948168995014555;2.1709483248482035;48.948168995014555, 2.1709483248482035
2018;0911025V;Ile-de-France;11;Essonne;Versailles;25;91;Ris-Orangis;91521;JEAN LURCAT;REP;48.638946236515814;2.4101604483366184;48.638946236515814, 2.4101604483366184
2019;0911729K;Ile-de-France;11;Essonne;Versailles;25;91;Evry-Courcouronnes;91228;LES PYRAMIDES;REP+;48.63442827843204;2.431692112699378;48.63442827843204, 2.431692112699378
2015;0921160L;Ile-de-France;11;Hauts-de-Seine;Versailles;25;92;Colombes;92025;JEAN-BAPTISTE CLEMENT;REP;48.93189999560393;2.2579731719669542;48.93189999560393, 2.2579731719669542
2019;0921543C;Ile-de-France;11;Hauts-de-Seine;Versailles;25;92;Villeneuve-la-Garenne;92078;GEORGES POMPIDOU;REP;48.94177266475734;2.3276690551320613;48.94177266475734, 2.3276690551320613
2019;0921778H;Ile-de-France;11;Hauts-de-Seine;Versailles;25;92;Bagneux;92007;JOLIOT CURIE;REP;48.802382299288986;2.3161393300177355;48.802382299288986, 2.3161393300177355
2017;0950023J;Ile-de-France;11;Val-d'Oise;Versailles;25;95;Garges-lès-Gonesse;95268;HENRI WALLON;REP+;48.967648082901526;2.399471302782061;48.967648082901526, 2.399471302782061
2017;0950045H;Ile-de-France;11;Val-d'Oise;Versailles;25;95;Sarcelles;95585;EVARISTE GALOIS;REP;48.9753167986829;2.3737763017274895;48.9753167986829, 2.3737763017274895
2015;0100009F;Grand Est;44;Aube;Reims;19;10;La Chapelle-Saint-Luc;10081;ALBERT CAMUS;REP+;48.31168861337318;4.039035289792559;48.31168861337318, 4.039035289792559
2016;0331621H;Nouvelle-Aquitaine;75;Gironde;Bordeaux;04;33;Coutras;33138;HENRI DE NAVARRE;REP;45.04088895820108;-0.11876092864146748;45.04088895820108, -0.11876092864146748
2018;0590183D;Hauts-de-France;32;Nord;Lille;09;59;Roubaix;59512;MADAME DE SEVIGNE;REP+;50.693178521110575;3.164916731917064;50.693178521110575, 3.164916731917064
2019;0590190L;Hauts-de-France;32;Nord;Lille;09;59;Roubaix;59512;JEAN-BAPTISTE LEBAS;REP+;50.6810181463498;3.18306554680389;50.6810181463498, 3.18306554680389
2017;0593178J;Hauts-de-France;32;Nord;Lille;09;59;Mons-en-Baroeul;59410;FRANCOIS RABELAIS;REP+;50.64172886934788;3.117519053486168;50.64172886934788, 3.117519053486168
2015;0593179K;Hauts-de-France;32;Nord;Lille;09;59;Lille;59350;CLAUDE LEVI STRAUSS;REP;50.631471243283144;3.036736680468459;50.631471243283144, 3.036736680468459
2015;0593252P;Hauts-de-France;32;Nord;Lille;09;59;Fourmies;59249;LEO LAGRANGE;REP;50.02108570295754;4.050693448897231;50.02108570295754, 4.050693448897231
2019;0593252P;Hauts-de-France;32;Nord;Lille;09;59;Fourmies;59249;LEO LAGRANGE;REP;50.02108570295754;4.050693448897231;50.02108570295754, 4.050693448897231
2015;0593254S;Hauts-de-France;32;Nord;Lille;09;59;Maubeuge;59392;JULES VERNE (EPINETTE);REP+;50.29012556895734;3.9636847843289913;50.29012556895734, 3.9636847843289913
2018;0593484S;Hauts-de-France;32;Nord;Lille;09;59;Douchy-les-Mines;59179;EMILE LITTRE;REP;50.300260044948736;3.3985551893724146;50.300260044948736, 3.3985551893724146
2015;0593664M;Hauts-de-France;32;Nord;Lille;09;59;Dunkerque;59183;LUCIE AUBRAC;REP+;51.02206577461727;2.3564601592025523;51.02206577461727, 2.3564601592025523
2016;0593686L;Hauts-de-France;32;Nord;Lille;09;59;Louvroil;59365;JACQUES BREL;REP+;50.26333775507384;3.965091081203428;50.26333775507384, 3.965091081203428
2019;0594405T;Hauts-de-France;32;Nord;Lille;09;59;Somain;59574;VICTOR HUGO;REP;50.36153892734891;3.2761862269502635;50.36153892734891, 3.2761862269502635
2017;0595277R;Hauts-de-France;32;Nord;Lille;09;59;Caudry;59139;JACQUES PREVERT;REP;50.12524216701542;3.421173349740972;50.12524216701542, 3.421173349740972
2017;0596860L;Hauts-de-France;32;Nord;Lille;09;59;Tourcoing;59599;LUCIE AUBRAC;REP+;50.73096722790286;3.1303902796289336;50.73096722790286, 3.1303902796289336
2016;0620079Z;Hauts-de-France;32;Pas-de-Calais;Lille;09;62;Divion;62270;HENRI WALLON;REP;50.4704255657497;2.4967671858231517;50.4704255657497, 2.4967671858231517
2019;0620180J;Hauts-de-France;32;Pas-de-Calais;Lille;09;62;Wingles;62895;LEON BLUM;REP;50.495571858346906;2.8643441870297437;50.495571858346906, 2.8643441870297437
2019;0622262X;Hauts-de-France;32;Pas-de-Calais;Lille;09;62;Méricourt;62570;HENRI WALLON;REP;50.41020311008424;2.8770975805740813;50.41020311008424, 2.8770975805740813
2015;0622269E;Hauts-de-France;32;Pas-de-Calais;Lille;09;62;Noeux-les-Mines;62617;ANATOLE FRANCE;REP;50.47179839212424;2.6625189557643254;50.47179839212424, 2.6625189557643254
2016;0622269E;Hauts-de-France;32;Pas-de-Calais;Lille;09;62;Noeux-les-Mines;62617;ANATOLE FRANCE;REP;50.47179839212424;2.6625189557643254;50.47179839212424, 2.6625189557643254
2016;0230507B;Nouvelle-Aquitaine;75;Creuse;Limoges;22;23;Bourganeuf;23030;JEAN PICART LE DOUX;REP;45.95327215447841;1.749399447140099;45.95327215447841, 1.749399447140099
2016;0331619F;Nouvelle-Aquitaine;75;Gironde;Bordeaux;04;33;Lormont;33249;GEORGES LAPIERRE;REP+;44.87439740292492;-0.5224067411379382;44.87439740292492, -0.5224067411379382
2017;0932263E;Ile-de-France;11;Seine-Saint-Denis;Créteil;24;93;Villepinte;93078;CAMILLE CLAUDEL;REP;48.952478375012944;2.561792390694863;48.952478375012944, 2.561792390694863
2019;0131703F;Provence-Alpes-Côte d'Azur;93;Bouches-du-Rhône;Aix-Marseille;02;13;Marseille 14e  Arrondissement;13214;EDOUARD MANET;REP+;43.33336908225192;5.399634040443975;43.33336908225192, 5.399634040443975
2018;0132314V;Provence-Alpes-Côte d'Azur;93;Bouches-du-Rhône;Aix-Marseille;02;13;Marseille 13e  Arrondissement;13213;JEAN GIONO;REP;43.3307269894162;5.43448881533234;43.3307269894162, 5.43448881533234
2016;0132491M;Provence-Alpes-Côte d'Azur;93;Bouches-du-Rhône;Aix-Marseille;02;13;Marseille 14e  Arrondissement;13214;ALEXANDRE DUMAS;REP+;43.31616262550515;5.3922963354630875;43.31616262550515, 5.3922963354630875
2019;0141268C;Normandie;28;Calvados;Caen;05;14;Caen;14118;GUILLAUME DE NORMANDIE;REP;49.16098458295274;-0.34696061196262384;49.16098458295274, -0.34696061196262384
2017;0141363F;Normandie;28;Calvados;Caen;05;14;Hérouville-Saint-Clair;14327;NELSON MANDELA;REP;49.20100443857583;-0.34495744770423786;49.20100443857583, -0.34495744770423786
2016;0300141R;Occitanie;76;Gard;Montpellier;11;30;Nîmes;30189;CONDORCET;REP+;43.82766087022205;4.336147287866047;43.82766087022205, 4.336147287866047
2015;0671907J;Grand Est;44;Bas-Rhin;Strasbourg;15;67;Strasbourg;67482;HANS ARP;REP+;48.56944059936516;7.718020925078196;48.56944059936516, 7.718020925078196
2017;0672130B;Grand Est;44;Bas-Rhin;Strasbourg;15;67;Bischwiller;67046;ANDRE MAUROIS;REP;48.778940303095645;7.847541941802114;48.778940303095645, 7.847541941802114
2019;0700045U;Bourgogne-Franche-Comté;27;Haute-Saône;Besançon;03;70;Lure;70310;ALBERT JACQUARD;REP;47.68647891786745;6.507537530235195;47.68647891786745, 6.507537530235195
2016;0710534V;Bourgogne-Franche-Comté;27;Saône-et-Loire;Dijon;07;71;Mâcon;71270;ROBERT SCHUMAN;REP;46.319927834942426;4.836662552758503;46.319927834942426, 4.836662552758503
2019;0720081X;Pays de la Loire;52;Sarthe;Nantes;17;72;Le Mans;72181;ALAIN-FOURNIER;REP+;47.98751300802963;0.21532225850621747;47.98751300802963, 0.21532225850621747
2015;0761701L;Normandie;28;Seine-Maritime;Rouen;21;76;Bolbec;76114;RONCHEROLLES;REP;49.56996027597236;0.4785859188493273;49.56996027597236, 0.4785859188493273
2015;0771029A;Ile-de-France;11;Seine-et-Marne;Créteil;24;77;Meaux;77284;HENRI DUNANT;REP+;48.94575695819722;2.898224073484964;48.94575695819722, 2.898224073484964
2015;0771337K;Ile-de-France;11;Seine-et-Marne;Créteil;24;77;Le Mée-sur-Seine;77285;ELSA TRIOLET;REP;48.54481857106592;2.634709424078541;48.54481857106592, 2.634709424078541
2018;0800029X;Hauts-de-France;32;Somme;Amiens;20;80;Doullens;80253;JEAN ROSTAND;REP;50.155663891466126;2.3348007017392702;50.155663891466126, 2.3348007017392702
2015;0801341Y;Hauts-de-France;32;Somme;Amiens;20;80;Roye;80685;LOUISE MICHEL;REP;49.706199946668214;2.777824534332099;49.706199946668214, 2.777824534332099
2018;0890980G;Bourgogne-Franche-Comté;27;Yonne;Dijon;07;89;Tonnerre;89418;ABEL MINARD;REP;47.863079174723275;3.987936178730635;47.863079174723275, 3.987936178730635
2019;0930900Y;Ile-de-France;11;Seine-Saint-Denis;Créteil;24;93;Bobigny;93008;JEAN-PIERRE TIMBAUD;REP;48.90697838271701;2.467808919727758;48.90697838271701, 2.467808919727758
2017;0931144N;Ile-de-France;11;Seine-Saint-Denis;Créteil;24;93;Saint-Ouen-sur-Seine;93070;MICHELET;REP;48.904489198600174;2.3462929511105863;48.904489198600174, 2.3462929511105863
2015;0931194T;Ile-de-France;11;Seine-Saint-Denis;Créteil;24;93;Bobigny;93008;REPUBLIQUE;REP+;48.90680312563858;2.4350391127060096;48.90680312563858, 2.4350391127060096
2018;0931202B;Ile-de-France;11;Seine-Saint-Denis;Créteil;24;93;Drancy;93029;LIBERTE;REP;48.91398000565638;2.4500203291017235;48.91398000565638, 2.4500203291017235
2015;0931433C;Ile-de-France;11;Seine-Saint-Denis;Créteil;24;93;Le Blanc-Mesnil;93007;DESCARTES;REP;48.94956810009261;2.4439654710169867;48.94956810009261, 2.4439654710169867
2017;0931433C;Ile-de-France;11;Seine-Saint-Denis;Créteil;24;93;Le Blanc-Mesnil;93007;DESCARTES;REP;48.94956810009261;2.4439654710169867;48.94956810009261, 2.4439654710169867
2018;0931489N;Ile-de-France;11;Seine-Saint-Denis;Créteil;24;93;Saint-Denis;93066;FEDERICO GARCIA LORCA;REP+;48.924394743649856;2.3727720012393645;48.924394743649856, 2.3727720012393645
2016;9740702V;La Réunion;04;La Réunion;La Réunion;28;974;Saint-Benoît;97410;HUBERT DELISLE BEAULIEU;REP+;-21.03270633455095;55.707378966164384;-21.03270633455095, 55.707378966164384
2017;9740702V;La Réunion;04;La Réunion;La Réunion;28;974;Saint-Benoît;97410;HUBERT DELISLE BEAULIEU;REP+;-21.03270633455095;55.707378966164384;-21.03270633455095, 55.707378966164384
2018;9740702V;La Réunion;04;La Réunion;La Réunion;28;974;Saint-Benoît;97410;HUBERT DELISLE BEAULIEU;REP+;-21.03270633455095;55.707378966164384;-21.03270633455095, 55.707378966164384
2017;9730110G;Guyane;03;Guyane;Guyane;33;973;Saint-Laurent-du-Maroni;97311;EUGENIE TELL-EBOUE;REP+;5.503966415464399;-54.027881321610295;5.503966415464399, -54.027881321610295
2017;0010987T;Auvergne-Rhône-Alpes;84;Ain;Lyon;10;01;Arbent;01014;JEAN ROSTAND;REP;46.27230385805938;5.671932224901918;46.27230385805938, 5.671932224901918
2018;0160113L;Nouvelle-Aquitaine;75;Charente;Poitiers;13;16;Angoulême;16015;MICHELLE PALLET;REP+;45.65023713721452;0.12969672338718286;45.65023713721452, 0.12969672338718286
2018;0330064R;Nouvelle-Aquitaine;75;Gironde;Bordeaux;04;33;Castillon-la-Bataille;33108;ALIENOR D AQUITAINE;REP;44.85105553271757;-0.050614821083837136;44.85105553271757, -0.050614821083837136
2017;0790004A;Nouvelle-Aquitaine;75;Deux-Sèvres;Poitiers;13;79;Loretz-d'Argenton;79014;MOLIERE;REP;47.08068748791579;-0.27477000244024463;47.08068748791579, -0.27477000244024463
2019;9730483M;Guyane;03;Guyane;Guyane;33;973;Kourou;97304;JOSEPH HO TEN YOU;REP+;5.158375788005646;-52.64275224461112;5.158375788005646, -52.64275224461112
2014;0131704G;Provence-Alpes-Côte d'Azur;93;Bouches-du-Rhône;Aix-Marseille;02;13;Marseille 15e  Arrondissement;13215;ARTHUR RIMBAUD;REP+;43.34432893263555;5.348482706937176;43.34432893263555, 5.348482706937176
2017;0291089B;Bretagne;53;Finistère;Rennes;14;29;Brest;29019;LA FONTAINE MARGOT-KERANROUX;REP;48.38375266123298;-4.540692750735194;48.38375266123298, -4.540692750735194
2015;0350734H;Bretagne;53;Ille-et-Vilaine;Rennes;14;35;Rennes;35238;LES CHALAIS;REP;48.08503447256464;-1.6798232557480084;48.08503447256464, -1.6798232557480084
2019;0350895H;Bretagne;53;Ille-et-Vilaine;Rennes;14;35;Rennes;35238;ROSA PARKS;REP;48.1212018513474;-1.7146786496809414;48.1212018513474, -1.7146786496809414
2018;0350963G;Bretagne;53;Ille-et-Vilaine;Rennes;14;35;Rennes;35238;DES HAUTES OURMES;REP+;48.08946760007525;-1.64941146931163;48.08946760007525, -1.64941146931163
2018;0351851X;Bretagne;53;Ille-et-Vilaine;Rennes;14;35;Rennes;35238;LA BINQUENAIS;REP;48.0904863079808;-1.6632653804557214;48.0904863079808, -1.6632653804557214
2017;0560020T;Bretagne;53;Morbihan;Rennes;14;56;Josselin;56091;MAX JACOB;REP;47.95977164494284;-2.552341992855388;47.95977164494284, -2.552341992855388
2016;0560071Y;Bretagne;53;Morbihan;Rennes;14;56;Lorient;56121;JEAN LE COUTALLER;REP;47.762890451665484;-3.380117358648323;47.762890451665484, -3.380117358648323
2015;0691793Z;Auvergne-Rhône-Alpes;84;Rhône;Lyon;10;69;Vaulx-en-Velin;69256;JACQUES DUCLOS;REP+;45.755099015967275;4.923594655598949;45.755099015967275, 4.923594655598949
2017;0090490J;Occitanie;76;Ariège;Toulouse;16;09;Lavelanet;09160;LOUIS PASTEUR;REP;42.923099607067826;1.842259562340841;42.923099607067826, 1.842259562340841
2017;0311112R;Occitanie;76;Haute-Garonne;Toulouse;16;31;Toulouse;31555;HENRI DE TOULOUSE-LAUTREC;REP;43.62964810118352;1.4407054970957724;43.62964810118352, 1.4407054970957724
2018;0381604M;Auvergne-Rhône-Alpes;84;Isère;Grenoble;08;38;Grenoble;38185;VERCORS;REP;45.17716263584228;5.743447818869533;45.17716263584228, 5.743447818869533
2015;0381780D;Auvergne-Rhône-Alpes;84;Isère;Grenoble;08;38;Grenoble;38185;OLYMPIQUE;REP;45.16173096250118;5.728092999279628;45.16173096250118, 5.728092999279628
2015;0381810L;Auvergne-Rhône-Alpes;84;Isère;Grenoble;08;38;Fontaine;38169;GERARD PHILIPE;REP;45.19985227600166;5.6784492663384025;45.19985227600166, 5.6784492663384025
2019;0421688G;Auvergne-Rhône-Alpes;84;Loire;Lyon;10;42;Saint-Chamond;42207;JEAN ROSTAND;REP+;45.478983219139735;4.536360987619161;45.478983219139735, 4.536360987619161
2019;0750478M;Ile-de-France;11;Paris;Paris;01;75;Paris 20e  Arrondissement;75120;JEAN-BAPTISTE CLEMENT;REP;48.869960452798956;2.3893750912220355;48.869960452798956, 2.3893750912220355
2019;0755030K;Ile-de-France;11;Paris;Paris;01;75;Paris 18e  Arrondissement;75118;DANIEL MAYER;REP;48.89315535723955;2.3638739227670578;48.89315535723955, 2.3638739227670578
2017;0755241P;Ile-de-France;11;Paris;Paris;01;75;Paris 20e  Arrondissement;75120;COLETTE BESSON;REP+;48.86636464907121;2.3847606110544888;48.86636464907121, 2.3847606110544888
2019;0755433Y;Ile-de-France;11;Paris;Paris;01;75;Paris 18e  Arrondissement;75118;AIMÉ CÉSAIRE;REP;48.888404995750385;2.362494551374222;48.888404995750385, 2.362494551374222
2016;0810127Y;Occitanie;76;Tarn;Toulouse;16;81;Mazamet;81163;MARCEL PAGNOL;REP;43.49232759938056;2.368581115529193;43.49232759938056, 2.368581115529193
2019;0180766K;Centre-Val de Loire;24;Cher;Orléans-Tours;18;18;Bourges;18033;LE GRAND MEAULNES;REP+;47.09925745215562;2.4118912457535915;47.09925745215562, 2.4118912457535915
2016;0280918W;Centre-Val de Loire;24;Eure-et-Loir;Orléans-Tours;18;28;Châteaudun;28088;ANATOLE FRANCE;REP;48.081228926920254;1.3505958610753224;48.081228926920254, 1.3505958610753224
2016;0360544W;Centre-Val de Loire;24;Indre;Orléans-Tours;18;36;Issoudun;36088;DENIS DIDEROT;REP;46.94493412226158;2.0037684192177854;46.94493412226158, 2.0037684192177854
2019;0370766G;Centre-Val de Loire;24;Indre-et-Loire;Orléans-Tours;18;37;Saint-Pierre-des-Corps;37233;JACQUES DECOUR;REP+;47.39415854305077;0.7222934821433079;47.39415854305077, 0.7222934821433079
2018;0410952M;Centre-Val de Loire;24;Loir-et-Cher;Orléans-Tours;18;41;Blois;41018;FRANCOIS RABELAIS;REP+;47.59447795583979;1.3163813087568494;47.59447795583979, 1.3163813087568494
2018;0910049J;Ile-de-France;11;Essonne;Versailles;25;91;Ris-Orangis;91521;ALBERT CAMUS;REP;48.65238645663789;2.4010894641725207;48.65238645663789, 2.4010894641725207
2017;9741346V;La Réunion;04;La Réunion;La Réunion;28;974;Saint-Pierre;97416;LIGNE DES BAMBOUS;REP;-21.297981146652237;55.49373179682299;-21.297981146652237, 55.49373179682299
2016;0932310F;Ile-de-France;11;Seine-Saint-Denis;Créteil;24;93;Aulnay-sous-Bois;93005;CHRISTINE DE PISAN;REP;48.94775691453297;2.494528421283935;48.94775691453297, 2.494528421283935
2015;0932579Y;Ile-de-France;11;Seine-Saint-Denis;Créteil;24;93;Montreuil;93048;CESARIA EVORA;REP;48.8665853173967;2.460121583402077;48.8665853173967, 2.460121583402077
2017;0940006W;Ile-de-France;11;Val-de-Marne;Créteil;24;94;Créteil;94028;ALBERT SCHWEITZER;REP;48.772986292106474;2.463996359674385;48.772986292106474, 2.463996359674385
2018;0780572Y;Ile-de-France;11;Yvelines;Versailles;25;78;Les Mureaux;78440;PAUL VERLAINE;REP;48.997252663634264;1.9162272404442955;48.997252663634264, 1.9162272404442955
2015;0781618K;Ile-de-France;11;Yvelines;Versailles;25;78;Trappes;78621;GUSTAVE COURBET;REP;48.78494668361262;1.978197191007046;48.78494668361262, 1.978197191007046
2018;0910624J;Ile-de-France;11;Essonne;Versailles;25;91;Massy;91377;BLAISE PASCAL;REP;48.733546546599314;2.2952564209461044;48.733546546599314, 2.2952564209461044
2015;0910971L;Ile-de-France;11;Essonne;Versailles;25;91;Viry-Châtillon;91687;LES SABLONS;REP;48.668466485032084;2.3645388015047955;48.668466485032084, 2.3645388015047955
2018;0911253T;Ile-de-France;11;Essonne;Versailles;25;91;Grigny;91286;PABLO NERUDA;REP+;48.653377607820595;2.391128043160554;48.653377607820595, 2.391128043160554
2016;0920854D;Ile-de-France;11;Hauts-de-Seine;Versailles;25;92;Clamart;92023;DES PETITS PONTS;REP;48.78768947706803;2.2515796941126833;48.78768947706803, 2.2515796941126833
2017;0921543C;Ile-de-France;11;Hauts-de-Seine;Versailles;25;92;Villeneuve-la-Garenne;92078;GEORGES POMPIDOU;REP;48.94177266475734;2.3276690551320613;48.94177266475734, 2.3276690551320613
2015;0950885W;Ile-de-France;11;Val-d'Oise;Versailles;25;95;Argenteuil;95018;IRENE JOLIOT-CURIE;REP;48.95734582673471;2.281378046591629;48.95734582673471, 2.281378046591629
2017;0950939E;Ile-de-France;11;Val-d'Oise;Versailles;25;95;Villiers-le-Bel;95680;LEON BLUM;REP;49.00484986513063;2.4124196194712924;49.00484986513063, 2.4124196194712924
2017;0951945Y;Ile-de-France;11;Val-d'Oise;Versailles;25;95;Sarcelles;95585;VICTOR HUGO;REP;48.99971518212608;2.3845892396935042;48.99971518212608, 2.3845892396935042
2017;0952036X;Ile-de-France;11;Val-d'Oise;Versailles;25;95;Garges-lès-Gonesse;95268;HENRI MATISSE;REP;48.96593088472408;2.406593247759822;48.96593088472408, 2.406593247759822
2019;0840716X;Provence-Alpes-Côte d'Azur;93;Vaucluse;Aix-Marseille;02;84;Valréas;84138;VALLIS AERIA;REP;44.387896326262734;5.005314177299518;44.387896326262734, 5.005314177299518
2015;0501205N;Normandie;28;Manche;Caen;05;50;Cherbourg-en-Cotentin;50129;LES PROVINCES;REP+;49.62796998464379;-1.6298799572344473;49.62796998464379, -1.6298799572344473
2016;0501205N;Normandie;28;Manche;Caen;05;50;Cherbourg-en-Cotentin;50129;LES PROVINCES;REP+;49.62796998464379;-1.6298799572344473;49.62796998464379, -1.6298799572344473
2018;0240043S;Nouvelle-Aquitaine;75;Dordogne;Bordeaux;04;24;Piégut-Pluviers;24328;LES MARCHES DE L'OCCITANIE;REP;45.62506150837178;0.6866645274351735;45.62506150837178, 0.6866645274351735
2016;0590157A;Hauts-de-France;32;Nord;Lille;09;59;Onnaing;59447;SAINT EXUPERY;REP;50.38314539443764;3.5828661629108627;50.38314539443764, 3.5828661629108627
2019;0592634T;Hauts-de-France;32;Nord;Lille;09;59;Hautmont;59291;ANTOINE DE SAINT EXUPERY;REP;50.24532696812899;3.909300273180787;50.24532696812899, 3.909300273180787
2015;0592751V;Hauts-de-France;32;Nord;Lille;09;59;Escaudain;59205;FELICIEN JOLY;REP;50.33786550372361;3.357428109026394;50.33786550372361, 3.357428109026394
2015;0593177H;Hauts-de-France;32;Nord;Lille;09;59;Lille;59350;JEAN ZAY;REP;50.647749627649176;2.9854987317161483;50.647749627649176, 2.9854987317161483
2015;0594297A;Hauts-de-France;32;Nord;Lille;09;59;Auby;59028;VICTOR HUGO;REP;50.41270786143014;3.053583416353366;50.41270786143014, 3.053583416353366
2016;0594299C;Hauts-de-France;32;Nord;Lille;09;59;Denain;59172;TURGOT;REP+;50.330725874412636;3.395437553989738;50.330725874412636, 3.395437553989738
2018;0594300D;Hauts-de-France;32;Nord;Lille;09;59;Denain;59172;BAYARD;REP+;50.336086715358014;3.3829331787295605;50.336086715358014, 3.3829331787295605
2015;0594303G;Hauts-de-France;32;Nord;Lille;09;59;Quiévrechain;59484;JEHAN FROISSART;REP;50.40095513807872;3.6577933972314653;50.40095513807872, 3.6577933972314653
2018;0594392D;Hauts-de-France;32;Nord;Lille;09;59;Wattrelos;59650;PABLO NERUDA;REP;50.70934262131982;3.2378495967709715;50.70934262131982, 3.2378495967709715
2015;0594409X;Hauts-de-France;32;Nord;Lille;09;59;Escautpont;59207;JEAN ZAY;REP;50.4207805664941;3.5518413509651863;50.4207805664941, 3.5518413509651863
2016;0594412A;Hauts-de-France;32;Nord;Lille;09;59;Vieux-Condé;59616;JEAN JAURES;REP;50.46468284594241;3.566440487065162;50.46468284594241, 3.566440487065162
2015;0594634S;Hauts-de-France;32;Nord;Lille;09;59;Roubaix;59512;THEODORE MONOD;REP+;50.67211692083564;3.1825854232379704;50.67211692083564, 3.1825854232379704
2015;0595190W;Hauts-de-France;32;Nord;Lille;09;59;Douai;59178;GAYANT;REP+;50.40191279357779;3.1245508692857875;50.40191279357779, 3.1245508692857875
2015;0595277R;Hauts-de-France;32;Nord;Lille;09;59;Caudry;59139;JACQUES PREVERT;REP;50.12524216701542;3.421173349740972;50.12524216701542, 3.421173349740972
2019;0595328W;Hauts-de-France;32;Nord;Lille;09;59;Villeneuve-d'Ascq;59009;SIMONE DE BEAUVOIR;REP;50.62942853983625;3.130324180890012;50.62942853983625, 3.130324180890012
2019;0595337F;Hauts-de-France;32;Nord;Lille;09;59;Le Cateau-Cambrésis;59136;JEAN ROSTAND;REP;50.099125615345045;3.5324148046716264;50.099125615345045, 3.5324148046716264
2015;0597004T;Hauts-de-France;32;Nord;Lille;09;59;Lille;59350;MIRIAM MAKEBA (MOULINS);REP+;50.61837154141253;3.064760508565509;50.61837154141253, 3.064760508565509
2017;0620055Y;Hauts-de-France;32;Pas-de-Calais;Lille;09;62;Boulogne-sur-Mer;62160;PAUL LANGEVIN;REP+;50.73372509352722;1.6185558409775755;50.73372509352722, 1.6185558409775755
2016;0620219B;Hauts-de-France;32;Pas-de-Calais;Lille;09;62;Liévin;62510;DANIELLE DARRAS RIAUMONT;REP;50.419953696945214;2.788046427719581;50.419953696945214, 2.788046427719581
2017;0622261W;Hauts-de-France;32;Pas-de-Calais;Lille;09;62;Frévent;62361;PIERRE CUALLACCI;REP;50.27638953962339;2.2847019206027017;50.27638953962339, 2.2847019206027017
2015;0622572J;Hauts-de-France;32;Pas-de-Calais;Lille;09;62;Etaples;62318;JEAN JAURES;REP;50.5200401784929;1.64235871377373;50.5200401784929, 1.64235871377373
2016;0622789V;Hauts-de-France;32;Pas-de-Calais;Lille;09;62;Arras;62041;CHARLES PEGUY;REP;50.30128752249181;2.7505076668006163;50.30128752249181, 2.7505076668006163
2019;0622789V;Hauts-de-France;32;Pas-de-Calais;Lille;09;62;Arras;62041;CHARLES PEGUY;REP;50.30128752249181;2.7505076668006163;50.30128752249181, 2.7505076668006163
2019;0623018U;Hauts-de-France;32;Pas-de-Calais;Lille;09;62;Oignies;62637;LOUIS PASTEUR;REP;50.47531115412596;2.990668467776574;50.47531115412596, 2.990668467776574
2015;0870072F;Nouvelle-Aquitaine;75;Haute-Vienne;Limoges;22;87;Limoges;87085;ANDRE MAUROIS;REP;45.83550567407413;1.2289869813255776;45.83550567407413, 1.2289869813255776
2016;0381907S;Auvergne-Rhône-Alpes;84;Isère;Grenoble;08;38;Vienne;38544;FRANCOIS PONSARD;REP;45.526479780659216;4.877149252538211;45.526479780659216, 4.877149252538211
2019;0030021G;Auvergne-Rhône-Alpes;84;Allier;Clermont-Ferrand;06;03;Lurcy-Lévis;03155;ANDRE BOUTRY;REP;46.73330275144075;2.9382661013351585;46.73330275144075, 2.9382661013351585
2018;0030030S;Auvergne-Rhône-Alpes;84;Allier;Clermont-Ferrand;06;03;Montluçon;03185;JEAN ZAY;REP+;46.34920418907676;2.5925813819802643;46.34920418907676, 2.5925813819802643
2014;0300141R;Occitanie;76;Gard;Montpellier;11;30;Nîmes;30189;CONDORCET;REP+;43.82766087022205;4.336147287866047;43.82766087022205, 4.336147287866047
2015;0301014P;Occitanie;76;Gard;Montpellier;11;30;Alès;30007;DENIS DIDEROT;REP;44.132806298096284;4.078730529941349;44.132806298096284, 4.078730529941349
2016;0382110M;Auvergne-Rhône-Alpes;84;Isère;Grenoble;08;38;Pont-de-Chéruy;38316;LE GRAND CHAMP;REP;45.75803081395993;5.174668821271615;45.75803081395993, 5.174668821271615
2015;0421176A;Auvergne-Rhône-Alpes;84;Loire;Lyon;10;42;Saint-Etienne;42218;JULES VALLES;REP+;45.44597670092138;4.400361676846748;45.44597670092138, 4.400361676846748
2016;0421176A;Auvergne-Rhône-Alpes;84;Loire;Lyon;10;42;Saint-Etienne;42218;JULES VALLES;REP+;45.44597670092138;4.400361676846748;45.44597670092138, 4.400361676846748
2018;0421686E;Auvergne-Rhône-Alpes;84;Loire;Lyon;10;42;Saint-Etienne;42218;JEAN DASTE;REP;45.42799368238789;4.42167504819566;45.42799368238789, 4.42167504819566
2019;0541469D;Grand Est;44;Meurthe-et-Moselle;Nancy-Metz;12;54;Laxou;54304;LA FONTAINE;REP+;48.69846278531934;6.134792562369573;48.69846278531934, 6.134792562369573
2018;0541471F;Grand Est;44;Meurthe-et-Moselle;Nancy-Metz;12;54;Joeuf;54280;MAURICE BARRES;REP;49.231297312517356;6.017072613423467;49.231297312517356, 6.017072613423467
2017;0541565H;Grand Est;44;Meurthe-et-Moselle;Nancy-Metz;12;54;Toul;54528;CROIX DE METZ;REP;48.69189997098338;5.8968211819837215;48.69189997098338, 5.8968211819837215
2018;0541578X;Grand Est;44;Meurthe-et-Moselle;Nancy-Metz;12;54;Longlaville;54321;LEODILE BERA (DES TROIS FRONTIERES);REP;49.5273751189283;5.7971874967425086;49.5273751189283, 5.7971874967425086
2017;0680110A;Grand Est;44;Haut-Rhin;Strasbourg;15;68;Mulhouse;68224;JEAN MACE;REP+;47.73365652425607;7.294292726743986;47.73365652425607, 7.294292726743986
2016;0690076H;Auvergne-Rhône-Alpes;84;Rhône;Lyon;10;69;Pierre-Bénite;69152;MARCEL PAGNOL;REP+;45.69905751361218;4.818770899242259;45.69905751361218, 4.818770899242259
2014;0692337R;Auvergne-Rhône-Alpes;84;Rhône;Lyon;10;69;Villeurbanne;69266;LAMARTINE;REP+;45.75013120351689;4.916143191313106;45.75013120351689, 4.916143191313106
2017;0700045U;Bourgogne-Franche-Comté;27;Haute-Saône;Besançon;03;70;Lure;70310;ALBERT JACQUARD;REP;47.68647891786745;6.507537530235195;47.68647891786745, 6.507537530235195
2016;0760026R;Normandie;28;Seine-Maritime;Rouen;21;76;Dieppe;76217;CLAUDE DELVINCOURT;REP;49.90711519029852;1.068356388364917;49.90711519029852, 1.068356388364917
2018;0760086F;Normandie;28;Seine-Maritime;Rouen;21;76;Petit-Couronne;76497;LOUIS PASTEUR;REP;49.38874081231662;1.0278253121850742;49.38874081231662, 1.0278253121850742
2017;0761777U;Normandie;28;Seine-Maritime;Rouen;21;76;Saint-Etienne-du-Rouvray;76575;LOUISE MICHEL;REP;49.394344125935575;1.0833039510452245;49.394344125935575, 1.0833039510452245
2019;0940794C;Ile-de-France;11;Val-de-Marne;Créteil;24;94;Vitry-sur-Seine;94081;GUSTAVE MONOD;REP;48.78860638290089;2.3813736026758976;48.78860638290089, 2.3813736026758976
2017;0941602F;Ile-de-France;11;Val-de-Marne;Créteil;24;94;Villeneuve-le-Roi;94077;GEORGES BRASSENS;REP;48.73010482366989;2.4276668637645056;48.73010482366989, 2.4276668637645056
2018;6200006M;Corse;94;Corse-du-Sud;Corse;27;2A;Ajaccio;2A004;ARTHUR GIOVONI;REP;41.94127253834111;8.74877474120482;41.94127253834111, 8.74877474120482
2017;6200084X;Corse;94;Corse-du-Sud;Corse;27;2A;Ajaccio;2A004;DU STILETTU (LES PADULE);REP;41.935690374984034;8.738529098703887;41.935690374984034, 8.738529098703887
2016;9710029E;Guadeloupe;01;Guadeloupe;Guadeloupe;32;971;Pointe-Noire;97121;COURBARIL;REP;16.234584612702104;-61.7885586530458;16.234584612702104, -61.7885586530458
2015;9710710V;Guadeloupe;01;Guadeloupe;Guadeloupe;32;971;Les Abymes;97101;ALEXANDRE ISAAC;REP;16.27885123063387;-61.50644991428947;16.27885123063387, -61.50644991428947
2016;9720021R;Martinique;02;Martinique;Martinique;31;972;Saint-Joseph;97224;BELLE ETOILE;REP;14.676934221385956;-61.03596646097219;14.676934221385956, -61.03596646097219
2015;9720446C;Martinique;02;Martinique;Martinique;31;972;Saint-Pierre;97225;LOUIS DELGRES;REP+;14.74812418796093;-61.176966190469834;14.74812418796093, -61.176966190469834
2018;9720861D;Martinique;02;Martinique;Martinique;31;972;Le Robert;97222;PONTALERY (CLG ROBERT 3);REP;14.670036478971713;-60.94447582026197;14.670036478971713, -60.94447582026197
2016;9730020J;Guyane;03;Guyane;Guyane;33;973;Cayenne;97302;AUXENCE CONTOUT;REP+;4.938098189471638;-52.32086178385031;4.938098189471638, -52.32086178385031
2016;9730219A;Guyane;03;Guyane;Guyane;33;973;Iracoubo;97303;FERDINAND MADELEINE;REP+;5.475681181472741;-53.21181434691961;5.475681181472741, -53.21181434691961
2016;9730381B;Guyane;03;Guyane;Guyane;33;973;Papaichton;97362;CAPITAINE CHARLES TAFANIER;REP+;3.8129691359868465;-54.14644631667771;3.8129691359868465, -54.14644631667771
2019;9740577J;La Réunion;04;La Réunion;La Réunion;28;974;Saint-Joseph;97412;JOSEPH HUBERT;REP;-21.373477936389445;55.62781350172971;-21.373477936389445, 55.62781350172971
2017;9760179R;Mayotte;06;Mayotte;Mayotte;43;976;Bandrele;97603;DE BANDRELE;REP+;-12.908713306912244;45.19442566535277;-12.908713306912244, 45.19442566535277
2015;9760274U;Mayotte;06;Mayotte;Mayotte;43;976;Tsingoni;97617;DE TSINGONI;REP+;-12.787540216827775;45.10278264129162;-12.787540216827775, 45.10278264129162
2016;9760371Z;Mayotte;06;Mayotte;Mayotte;43;976;Ouangani;97614;OUANGANI;REP+;-12.83862464732454;45.13189527876748;-12.83862464732454, 45.13189527876748
2016;0541469D;Grand Est;44;Meurthe-et-Moselle;Nancy-Metz;12;54;Laxou;54304;LA FONTAINE;REP+;48.69846278531934;6.134792562369573;48.69846278531934, 6.134792562369573
2018;0671825V;Grand Est;44;Bas-Rhin;Strasbourg;15;67;Strasbourg;67482;FRANCOIS TRUFFAUT;REP+;48.599425421842994;7.696410288760466;48.599425421842994, 7.696410288760466
2017;0691483M;Auvergne-Rhône-Alpes;84;Rhône;Lyon;10;69;Givors;69091;LUCIE AUBRAC;REP;45.600094808242886;4.768598306249514;45.600094808242886, 4.768598306249514
2019;0691497C;Auvergne-Rhône-Alpes;84;Rhône;Lyon;10;69;Saint-Priest;69290;COLETTE;REP;45.69021551638441;4.943089318167755;45.69021551638441, 4.943089318167755
2017;0762919K;Normandie;28;Seine-Maritime;Rouen;21;76;Caudebec-lès-Elbeuf;76165;JACQUES-YVES COUSTEAU;REP;49.27731739680282;1.0242361608065944;49.27731739680282, 1.0242361608065944
2018;0762919K;Normandie;28;Seine-Maritime;Rouen;21;76;Caudebec-lès-Elbeuf;76165;JACQUES-YVES COUSTEAU;REP;49.27731739680282;1.0242361608065944;49.27731739680282, 1.0242361608065944
2018;0770019C;Ile-de-France;11;Seine-et-Marne;Créteil;24;77;Dammarie-les-Lys;77152;ROBERT DOISNEAU;REP;48.51906187319006;2.645716399210894;48.51906187319006, 2.645716399210894
2015;0801487G;Hauts-de-France;32;Somme;Amiens;20;80;Flixecourt;80318;ALFRED MANESSIER;REP;50.01002374966968;2.0777483079370413;50.01002374966968, 2.0777483079370413
2015;0690094C;Auvergne-Rhône-Alpes;84;Rhône;Lyon;10;69;Vénissieux;69259;JULES MICHELET;REP+;45.688818406807236;4.872191381653365;45.688818406807236, 4.872191381653365
2017;0694295U;Auvergne-Rhône-Alpes;84;Rhône;Lyon;10;69;Lyon 8e  Arrondissement;69388;ALICE GUY;REP;45.73678159289949;4.865034004039976;45.73678159289949, 4.865034004039976
2019;0010039M;Auvergne-Rhône-Alpes;84;Ain;Lyon;10;01;Saint-Rambert-en-Bugey;01384;DE L'ALBARINE;REP;45.9415465823527;5.431010941578425;45.9415465823527, 5.431010941578425
2017;0171117X;Nouvelle-Aquitaine;75;Charente-Maritime;Poitiers;13;17;La Rochelle;17300;FABRE D EGLANTINE;REP;46.15199513206427;-1.116581317457312;46.15199513206427, -1.116581317457312
2019;0420916T;Auvergne-Rhône-Alpes;84;Loire;Lyon;10;42;Saint-Etienne;42218;PUITS DE LA LOIRE;REP;45.444862713347334;4.372745904122476;45.444862713347334, 4.372745904122476
2019;0131262B;Provence-Alpes-Côte d'Azur;93;Bouches-du-Rhône;Aix-Marseille;02;13;Marseille 13e  Arrondissement;13213;JACQUES PREVERT;REP+;43.325958622791504;5.432413527640791;43.325958622791504, 5.432413527640791
2018;0132007L;Provence-Alpes-Côte d'Azur;93;Bouches-du-Rhône;Aix-Marseille;02;13;Saint-Victoret;13102;JACQUES PREVERT;REP;43.41697231810928;5.231344038358879;43.41697231810928, 5.231344038358879
2018;0132204A;Provence-Alpes-Côte d'Azur;93;Bouches-du-Rhône;Aix-Marseille;02;13;Marseille 10e  Arrondissement;13210;PONT DE VIVAUX;REP;43.27705881258553;5.416832831934671;43.27705881258553, 5.416832831934671
2015;0132327J;Provence-Alpes-Côte d'Azur;93;Bouches-du-Rhône;Aix-Marseille;02;13;Miramas;13063;MIRAMARIS;REP+;43.59320165356297;5.010470120513064;43.59320165356297, 5.010470120513064
2019;0132491M;Provence-Alpes-Côte d'Azur;93;Bouches-du-Rhône;Aix-Marseille;02;13;Marseille 14e  Arrondissement;13214;ALEXANDRE DUMAS;REP+;43.31616262550515;5.3922963354630875;43.31616262550515, 5.3922963354630875
2019;0141136J;Normandie;28;Calvados;Caen;05;14;Hérouville-Saint-Clair;14327;PIERRE VARIGNON;REP;49.19663021261219;-0.33301993990372764;49.19663021261219, -0.33301993990372764
2019;0260049M;Auvergne-Rhône-Alpes;84;Drôme;Grenoble;08;26;Valence;26362;JEAN ZAY;REP;44.93594848237967;4.900376271644844;44.93594848237967, 4.900376271644844
2016;0260117L;Auvergne-Rhône-Alpes;84;Drôme;Grenoble;08;26;Valence;26362;PAUL VALERY;REP;44.92851244891291;4.896083838100739;44.92851244891291, 4.896083838100739
2014;0541468C;Grand Est;44;Meurthe-et-Moselle;Nancy-Metz;12;54;Nancy;54395;CLAUDE LE LORRAIN;REP+;48.69931608743069;6.146617429214828;48.69931608743069, 6.146617429214828
2017;0573269U;Grand Est;44;Moselle;Nancy-Metz;12;57;Fameck;57206;CHARLES DE GAULLE;REP;49.30239963596309;6.116210568501709;49.30239963596309, 6.116210568501709
2018;0580012Y;Bourgogne-Franche-Comté;27;Nièvre;Dijon;07;58;Corbigny;58083;NOEL BERRIER;REP;47.25231365786925;3.6834916025305837;47.25231365786925, 3.6834916025305837
2017;0600007G;Hauts-de-France;32;Oise;Amiens;20;60;Beauvais;60057;HENRI BAUMONT;REP+;49.43936350125355;2.10239377784103;49.43936350125355, 2.10239377784103
2015;0601178E;Hauts-de-France;32;Oise;Amiens;20;60;Montataire;60414;ANATOLE FRANCE;REP+;49.26079516819449;2.4378990873472115;49.26079516819449, 2.4378990873472115
2015;0601190T;Hauts-de-France;32;Oise;Amiens;20;60;Beauvais;60057;CHARLES FAUQUEUX;REP+;49.41636223062097;2.080824472473269;49.41636223062097, 2.080824472473269
2017;0601190T;Hauts-de-France;32;Oise;Amiens;20;60;Beauvais;60057;CHARLES FAUQUEUX;REP+;49.41636223062097;2.080824472473269;49.41636223062097, 2.080824472473269
2019;0611026J;Normandie;28;Orne;Caen;05;61;Alençon;61001;LOUISE MICHEL;REP+;48.41269321117825;0.09501263047424259;48.41269321117825, 0.09501263047424259
2017;0631238D;Auvergne-Rhône-Alpes;84;Puy-de-Dôme;Clermont-Ferrand;06;63;Thiers;63430;ANTOINE AUDEMBRON;REP;45.862829515355195;3.535874946386663;45.862829515355195, 3.535874946386663
2017;0631502R;Auvergne-Rhône-Alpes;84;Puy-de-Dôme;Clermont-Ferrand;06;63;Clermont-Ferrand;63113;CHARLES BAUDELAIRE;REP+;45.75864662579044;3.0950697983947135;45.75864662579044, 3.0950697983947135
2015;0640227Z;Nouvelle-Aquitaine;75;Pyrénées-Atlantiques;Bordeaux;04;64;Pau;64445;JEANNE D ALBRET;REP;43.30142820681462;-0.34301325336439786;43.30142820681462, -0.34301325336439786
2019;0640227Z;Nouvelle-Aquitaine;75;Pyrénées-Atlantiques;Bordeaux;04;64;Pau;64445;JEANNE D ALBRET;REP;43.30142820681462;-0.34301325336439786;43.30142820681462, -0.34301325336439786
2018;0660522J;Occitanie;76;Pyrénées-Orientales;Montpellier;11;66;Perpignan;66136;MARCEL PAGNOL;REP+;42.712151441824304;2.8818739650825473;42.712151441824304, 2.8818739650825473
2019;0671508A;Grand Est;44;Bas-Rhin;Strasbourg;15;67;Strasbourg;67482;JACQUES TWINGER;REP;48.58103418153954;7.7055771967708315;48.58103418153954, 7.7055771967708315
2015;0671590P;Grand Est;44;Bas-Rhin;Strasbourg;15;67;Strasbourg;67482;SOPHIE GERMAIN;REP;48.60107038309423;7.719251489407021;48.60107038309423, 7.719251489407021
2018;0671692A;Grand Est;44;Bas-Rhin;Strasbourg;15;67;Strasbourg;67482;SOLIGNAC;REP+;48.547437169091694;7.762684469825641;48.547437169091694, 7.762684469825641
2015;0680084X;Grand Est;44;Haut-Rhin;Strasbourg;15;68;Colmar;68066;MOLIERE;REP+;48.073554759923375;7.328836673422724;48.073554759923375, 7.328836673422724
2018;0681284B;Grand Est;44;Haut-Rhin;Strasbourg;15;68;Mulhouse;68224;WOLF;REP+;47.759547707494136;7.339751196136685;47.759547707494136, 7.339751196136685
2019;0690076H;Auvergne-Rhône-Alpes;84;Rhône;Lyon;10;69;Pierre-Bénite;69152;MARCEL PAGNOL;REP+;45.69905751361218;4.818770899242259;45.69905751361218, 4.818770899242259
2018;0690099H;Auvergne-Rhône-Alpes;84;Rhône;Lyon;10;69;Villefranche-sur-Saône;69264;JEAN MOULIN;REP+;45.983144177172896;4.7148976208946936;45.983144177172896, 4.7148976208946936
2019;0691483M;Auvergne-Rhône-Alpes;84;Rhône;Lyon;10;69;Givors;69091;LUCIE AUBRAC;REP;45.600094808242886;4.768598306249514;45.600094808242886, 4.768598306249514
2017;0691673U;Auvergne-Rhône-Alpes;84;Rhône;Lyon;10;69;Oullins;69149;LA CLAVELIERE;REP;45.70991826953932;4.8171069569531815;45.70991826953932, 4.8171069569531815
2017;0710536X;Bourgogne-Franche-Comté;27;Saône-et-Loire;Dijon;07;71;Chalon-sur-Saône;71076;JACQUES PREVERT;REP;46.81310830971988;4.845740006274551;46.81310830971988, 4.845740006274551
2018;0711136Z;Bourgogne-Franche-Comté;27;Saône-et-Loire;Dijon;07;71;Digoin;71176;ROGER SEMET;REP;46.47506659205576;3.9791671855143282;46.47506659205576, 3.9791671855143282
2015;0711323C;Bourgogne-Franche-Comté;27;Saône-et-Loire;Dijon;07;71;Montcenis;71309;LES EPONTOTS;REP;46.78745430788005;4.418240441015353;46.78745430788005, 4.418240441015353
2019;0711323C;Bourgogne-Franche-Comté;27;Saône-et-Loire;Dijon;07;71;Montcenis;71309;LES EPONTOTS;REP;46.78745430788005;4.418240441015353;46.78745430788005, 4.418240441015353
2018;0711348E;Bourgogne-Franche-Comté;27;Saône-et-Loire;Dijon;07;71;Chalon-sur-Saône;71076;JEAN VILAR;REP;46.801794885374015;4.853275409644558;46.801794885374015, 4.853275409644558
2018;0741139L;Auvergne-Rhône-Alpes;84;Haute-Savoie;Grenoble;08;74;Scionzier;74264;JEAN JACQUES GALLAY;REP;46.06842108335853;6.5382277639335395;46.06842108335853, 6.5382277639335395
2019;0760050S;Normandie;28;Seine-Maritime;Rouen;21;76;Le Havre;76351;JULES VALLES;REP+;49.51192811793187;0.17755689027558227;49.51192811793187, 0.17755689027558227
2017;0761698H;Normandie;28;Seine-Maritime;Rouen;21;76;Le Havre;76351;GERARD PHILIPE;REP;49.496910107205935;0.13827363002900778;49.496910107205935, 0.13827363002900778
2015;0761700K;Normandie;28;Seine-Maritime;Rouen;21;76;Le Havre;76351;GUY MOQUET;REP+;49.506972715256175;0.18357809988725463;49.506972715256175, 0.18357809988725463
2015;0761703N;Normandie;28;Seine-Maritime;Rouen;21;76;Dieppe;76217;ALBERT CAMUS;REP+;49.92925906931375;1.1043914140734894;49.92925906931375, 1.1043914140734894
2015;0761745J;Normandie;28;Seine-Maritime;Rouen;21;76;Rouen;76540;CAMILLE CLAUDEL;REP;49.42928741250463;1.0891656628493005;49.42928741250463, 1.0891656628493005
2015;0761781Y;Normandie;28;Seine-Maritime;Rouen;21;76;Le Havre;76351;JEAN MOULIN;REP;49.51327104019697;0.12233513421113726;49.51327104019697, 0.12233513421113726
2018;0762133F;Normandie;28;Seine-Maritime;Rouen;21;76;Saint-Etienne-du-Rouvray;76575;PABLO PICASSO;REP;49.37870843212924;1.10480465339136;49.37870843212924, 1.10480465339136
2015;0762173Z;Normandie;28;Seine-Maritime;Rouen;21;76;Le Havre;76351;MARCEL PAGNOL;REP+;49.49107787381835;0.14078649712721814;49.49107787381835, 0.14078649712721814
2015;0762459K;Normandie;28;Seine-Maritime;Rouen;21;76;Elbeuf;76231;NELSON MANDELA;REP+;49.2815418565957;1.0070565223231869;49.2815418565957, 1.0070565223231869
2019;0762459K;Normandie;28;Seine-Maritime;Rouen;21;76;Elbeuf;76231;NELSON MANDELA;REP+;49.2815418565957;1.0070565223231869;49.2815418565957, 1.0070565223231869
2017;0762679Z;Normandie;28;Seine-Maritime;Rouen;21;76;Cléon;76178;JACQUES BREL;REP;49.30871952285049;1.0284967152295577;49.30871952285049, 1.0284967152295577
2015;0770033T;Ile-de-France;11;Seine-et-Marne;Créteil;24;77;Melun;77288;LES CAPUCINS;REP+;48.552090058093846;2.661565970793356;48.552090058093846, 2.661565970793356
2017;0771476L;Ile-de-France;11;Seine-et-Marne;Créteil;24;77;Dammarie-les-Lys;77152;GEORGES POLITZER;REP;48.52140592920995;2.6417260228126995;48.52140592920995, 2.6417260228126995
2019;0772481D;Ile-de-France;11;Seine-et-Marne;Créteil;24;77;Provins;77379;MARIE CURIE;REP;48.54848989706616;3.2963388803714886;48.54848989706616, 3.2963388803714886
2019;0801341Y;Hauts-de-France;32;Somme;Amiens;20;80;Roye;80685;LOUISE MICHEL;REP;49.706199946668214;2.777824534332099;49.706199946668214, 2.777824534332099
2015;0830181W;Provence-Alpes-Côte d'Azur;93;Var;Nice;23;83;Toulon;83137;LA MARQUISANNE;REP+;43.13255825263484;5.891004403930202;43.13255825263484, 5.891004403930202
2016;0840007B;Provence-Alpes-Côte d'Azur;93;Vaucluse;Aix-Marseille;02;84;Avignon;84007;JOSEPH ROUMANILLE;REP+;43.93426301817834;4.828267734856219;43.93426301817834, 4.828267734856219
2016;0840033E;Provence-Alpes-Côte d'Azur;93;Vaucluse;Aix-Marseille;02;84;Sorgues;84129;VOLTAIRE;REP;44.00953101963995;4.874862345856605;44.00953101963995, 4.874862345856605
2019;0840033E;Provence-Alpes-Côte d'Azur;93;Vaucluse;Aix-Marseille;02;84;Sorgues;84129;VOLTAIRE;REP;44.00953101963995;4.874862345856605;44.00953101963995, 4.874862345856605
2016;0840699D;Provence-Alpes-Côte d'Azur;93;Vaucluse;Aix-Marseille;02;84;Bollène;84019;PAUL ELUARD;REP;44.275511517716396;4.745288125657382;44.275511517716396, 4.745288125657382
2014;0840761W;Provence-Alpes-Côte d'Azur;93;Vaucluse;Aix-Marseille;02;84;Carpentras;84031;ALPHONSE DAUDET;REP+;44.04873818365949;5.030355340106358;44.04873818365949, 5.030355340106358
2017;0860723U;Nouvelle-Aquitaine;75;Vienne;Poitiers;13;86;Poitiers;86194;PIERRE DE RONSARD;REP;46.569223242735816;0.34996530967685624;46.569223242735816, 0.34996530967685624
2016;0931151W;Ile-de-France;11;Seine-Saint-Denis;Créteil;24;93;Montreuil;93048;JEAN MOULIN;REP;48.85870279826701;2.450673356933251;48.85870279826701, 2.450673356933251
2015;0931212M;Ile-de-France;11;Seine-Saint-Denis;Créteil;24;93;Montreuil;93048;LENAIN DE TILLEMONT;REP+;48.85917027211287;2.4619157796059175;48.85917027211287, 2.4619157796059175
2015;0931221X;Ile-de-France;11;Seine-Saint-Denis;Créteil;24;93;Clichy-sous-Bois;93014;LOUISE MICHEL;REP+;48.907316488005385;2.533836070325916;48.907316488005385, 2.533836070325916
2017;0931222Y;Ile-de-France;11;Seine-Saint-Denis;Créteil;24;93;Romainville;93063;PIERRE-ANDRE HOUEL;REP;48.88368735049553;2.4358339843748347;48.88368735049553, 2.4358339843748347
2019;0931223Z;Ile-de-France;11;Seine-Saint-Denis;Créteil;24;93;Pierrefitte-sur-Seine;93059;GUSTAVE COURBET;REP;48.94917843236779;2.362944286139678;48.94917843236779, 2.362944286139678
2018;0931434D;Ile-de-France;11;Seine-Saint-Denis;Créteil;24;93;Aulnay-sous-Bois;93005;CLAUDE DEBUSSY;REP+;48.95245160148491;2.5106985688156387;48.95245160148491, 2.5106985688156387
2018;0931788N;Ile-de-France;11;Seine-Saint-Denis;Créteil;24;93;Bondy;93010;HENRI SELLIER;REP;48.900813017871066;2.4923120346503396;48.900813017871066, 2.4923120346503396
2016;0941015T;Ile-de-France;11;Val-de-Marne;Créteil;24;94;Champigny-sur-Marne;94017;WILLY RONIS;REP;48.825481863315396;2.522608593185134;48.825481863315396, 2.522608593185134
2017;0941024C;Ile-de-France;11;Val-de-Marne;Créteil;24;94;Maisons-Alfort;94046;JULES FERRY;REP;48.79246922741321;2.434551245936811;48.79246922741321, 2.434551245936811
2018;0941052H;Ile-de-France;11;Val-de-Marne;Créteil;24;94;Valenton;94074;FERNANDE FLAGON;REP;48.75023862132853;2.463883037993066;48.75023862132853, 2.463883037993066
2015;0941602F;Ile-de-France;11;Val-de-Marne;Créteil;24;94;Villeneuve-le-Roi;94077;GEORGES BRASSENS;REP;48.73010482366989;2.4276668637645056;48.73010482366989, 2.4276668637645056
2017;0941781A;Ile-de-France;11;Val-de-Marne;Créteil;24;94;Ivry-sur-Seine;94041;HENRI WALLON;REP;48.814930528118204;2.3808189133454682;48.814930528118204, 2.3808189133454682
2015;6200011T;Corse;94;Corse-du-Sud;Corse;27;2A;Ajaccio;2A004;LAETITIA BONAPARTE;REP;41.9258044852173;8.733178566816639;41.9258044852173, 8.733178566816639
2019;6200041A;Corse;94;Corse-du-Sud;Corse;27;2A;Propriano;2A249;JEAN NICOLI;REP;41.674108399469844;8.900312615770453;41.674108399469844, 8.900312615770453
2016;7200013B;Corse;94;Haute-Corse;Corse;27;2B;Bastia;2B033;MONTESORO;REP;42.669559408298056;9.427441902808672;42.669559408298056, 9.427441902808672
2015;7200160L;Corse;94;Haute-Corse;Corse;27;2B;Penta-di-Casinca;2B207;LA CASINCA HENRI TOMASI;REP;42.445543833308676;9.524839397438077;42.445543833308676, 9.524839397438077
2016;9710041T;Guadeloupe;01;Guadeloupe;Guadeloupe;32;971;Baillif;97104;JEAN JAURES ( JEAN JAURES);REP+;16.01802026178037;-61.7440780236232;16.01802026178037, -61.7440780236232
2015;9710686U;Guadeloupe;01;Guadeloupe;Guadeloupe;32;971;Pointe-à-Pitre;97120;FRONT DE MER;REP;16.24906289422986;-61.544439820698265;16.24906289422986, -61.544439820698265
2015;9720028Y;Martinique;02;Martinique;Martinique;31;972;Le Marigot;97216;EUGENE MONA;REP;14.822176114487469;-61.02806296226077;14.822176114487469, -61.02806296226077
2016;9720031B;Martinique;02;Martinique;Martinique;31;972;Le Vauclin;97232;DU VAUCLIN (LE VAUCLIN);REP+;14.544374150854615;-60.83773965674344;14.544374150854615, -60.83773965674344
2018;9720445B;Martinique;02;Martinique;Martinique;31;972;Le Lorrain;97214;HUBERT NERO (HUBERT NERO );REP+;14.831133808787202;-61.05604594792374;14.831133808787202, -61.05604594792374
2015;9730373T;Guyane;03;Guyane;Guyane;33;973;Mana;97306;PAULE BERTHELOT;REP+;5.604712438037872;-53.815128745813944;5.604712438037872, -53.815128745813944
2015;9730380A;Guyane;03;Guyane;Guyane;33;973;Grand-Santi;97357;ACHMAT KARTADINAMA;REP+;4.276021244993842;-54.38202331288551;4.276021244993842, -54.38202331288551
2015;0622578R;Hauts-de-France;32;Pas-de-Calais;Lille;09;62;Sains-en-Gohelle;62737;JEAN ROSTAND;REP;50.44429546357188;2.682390834241664;50.44429546357188, 2.682390834241664
2019;0622578R;Hauts-de-France;32;Pas-de-Calais;Lille;09;62;Sains-en-Gohelle;62737;JEAN ROSTAND;REP;50.44429546357188;2.682390834241664;50.44429546357188, 2.682390834241664
2019;0350734H;Bretagne;53;Ille-et-Vilaine;Rennes;14;35;Rennes;35238;LES CHALAIS;REP;48.08503447256464;-1.6798232557480084;48.08503447256464, -1.6798232557480084
2015;0280924C;Centre-Val de Loire;24;Eure-et-Loir;Orléans-Tours;18;28;Nogent-le-Rotrou;28280;PIERRE BROSSOLETTE;REP;48.324188698636085;0.7992509438265312;48.324188698636085, 0.7992509438265312
2016;0311231V;Occitanie;76;Haute-Garonne;Toulouse;16;31;Toulouse;31555;MAURICE BECANNE;REP;43.58437571748683;1.4245663009819267;43.58437571748683, 1.4245663009819267
2018;0380050Y;Auvergne-Rhône-Alpes;84;Isère;Grenoble;08;38;Roussillon;38344;DE L'EDIT;REP;45.368354962382234;4.802908041675792;45.368354962382234, 4.802908041675792
2015;0381604M;Auvergne-Rhône-Alpes;84;Isère;Grenoble;08;38;Grenoble;38185;VERCORS;REP;45.17716263584228;5.743447818869533;45.17716263584228, 5.743447818869533
2019;0820588U;Occitanie;76;Tarn-et-Garonne;Toulouse;16;82;Montauban;82121;OLYMPE DE GOUGES;REP;44.01477591537027;1.3802973430395615;44.01477591537027, 1.3802973430395615
2015;0080079T;Grand Est;44;Ardennes;Reims;19;08;Charleville-Mézières;08105;FRED SCAMARONI;REP;49.76579474979848;4.6949726944206205;49.76579474979848, 4.6949726944206205
2016;0771339M;Ile-de-France;11;Seine-et-Marne;Créteil;24;77;Melun;77288;PIERRE BROSSOLETTE;REP;48.54592873477794;2.6750387874761676;48.54592873477794, 2.6750387874761676
2016;0781618K;Ile-de-France;11;Yvelines;Versailles;25;78;Trappes;78621;GUSTAVE COURBET;REP;48.78494668361262;1.978197191007046;48.78494668361262, 1.978197191007046
2018;0920594W;Ile-de-France;11;Hauts-de-Seine;Versailles;25;92;Nanterre;92050;REPUBLIQUE;REP;48.90210588734616;2.2064963999114635;48.90210588734616, 2.2064963999114635
2019;0920594W;Ile-de-France;11;Hauts-de-Seine;Versailles;25;92;Nanterre;92050;REPUBLIQUE;REP;48.90210588734616;2.2064963999114635;48.90210588734616, 2.2064963999114635
2019;0921160L;Ile-de-France;11;Hauts-de-Seine;Versailles;25;92;Colombes;92025;JEAN-BAPTISTE CLEMENT;REP;48.93189999560393;2.2579731719669542;48.93189999560393, 2.2579731719669542
2019;0501300S;Normandie;28;Manche;Caen;05;50;Saint-Vaast-la-Hougue;50562;GUILLAUME FOUACE;REP;49.589236205211506;-1.27119995876091;49.589236205211506, -1.27119995876091
2015;0470049Y;Nouvelle-Aquitaine;75;Lot-et-Garonne;Bordeaux;04;47;Villeneuve-sur-Lot;47323;ANATOLE FRANCE;REP;44.40709634399353;0.7167480383076739;44.40709634399353, 0.7167480383076739
2019;0623314R;Hauts-de-France;32;Pas-de-Calais;Lille;09;62;Bruay-la-Buissière;62178;SIMONE SIGNORET;REP;50.48207734088022;2.547271612850223;50.48207734088022, 2.547271612850223
2018;0100787B;Grand Est;44;Aube;Reims;19;10;Romilly-sur-Seine;10323;PAUL LANGEVIN;REP;48.52134379613188;3.7278663657992177;48.52134379613188, 3.7278663657992177
2019;0511802G;Grand Est;44;Marne;Reims;19;51;Reims;51454;GEORGES BRAQUE;REP+;49.22324921302735;4.017080105216009;49.22324921302735, 4.017080105216009
2014;0870729V;Nouvelle-Aquitaine;75;Haute-Vienne;Limoges;22;87;Limoges;87085;PIERRE DE RONSARD;REP+;45.84982733271753;1.2696318103361464;45.84982733271753, 1.2696318103361464
2017;0600036N;Hauts-de-France;32;Oise;Amiens;20;60;Nogent-sur-Oise;60463;EDOUARD HERRIOT;REP;49.267760854693826;2.451049890230202;49.267760854693826, 2.451049890230202
2015;0601191U;Hauts-de-France;32;Oise;Amiens;20;60;Méru;60395;DU THELLE;REP;49.230635543834566;2.1241908808375523;49.230635543834566, 2.1241908808375523
2017;0720797A;Pays de la Loire;52;Sarthe;Nantes;17;72;Le Mans;72181;JOSEPHINE BAKER (VAUGUYON);REP+;47.97450893691801;0.22124896261441748;47.97450893691801, 0.22124896261441748
2019;0801512J;Hauts-de-France;32;Somme;Amiens;20;80;Abbeville;80001;DE PONTHIEU;REP;50.095585202207566;1.8521552140032465;50.095585202207566, 1.8521552140032465
2015;0840758T;Provence-Alpes-Côte d'Azur;93;Vaucluse;Aix-Marseille;02;84;Avignon;84007;FREDERIC MISTRAL;REP;43.946129241418305;4.7998681470359825;43.946129241418305, 4.7998681470359825
2016;0010035H;Auvergne-Rhône-Alpes;84;Ain;Lyon;10;01;Oyonnax;01283;LOUIS LUMIERE;REP+;46.25485445619305;5.638293758962887;46.25485445619305, 5.638293758962887
2017;0020024R;Hauts-de-France;32;Aisne;Amiens;20;02;Fère-en-Tardenois;02305;ANNE DE MONTMORENCY;REP;49.19890491055798;3.506935476255361;49.19890491055798, 3.506935476255361
2018;0020054Y;Hauts-de-France;32;Aisne;Amiens;20;02;Saint-Quentin;02691;MONTAIGNE;REP+;49.86307292091498;3.3006092629510237;49.86307292091498, 3.3006092629510237
2017;0020072T;Hauts-de-France;32;Aisne;Amiens;20;02;Wassigny;02830;SIMONE VEIL;REP;50.014243097704416;3.5989289862862623;50.014243097704416, 3.5989289862862623
2015;0020090M;Hauts-de-France;32;Aisne;Amiens;20;02;Laon;02408;CHARLEMAGNE;REP+;49.562295092692814;3.6408474695518827;49.562295092692814, 3.6408474695518827
2014;0021492L;Hauts-de-France;32;Aisne;Amiens;20;02;Soissons;02722;GERARD PHILIPE;REP+;49.37219655136736;3.3058392298789374;49.37219655136736, 3.3058392298789374
2015;0021492L;Hauts-de-France;32;Aisne;Amiens;20;02;Soissons;02722;GERARD PHILIPE;REP+;49.37219655136736;3.3058392298789374;49.37219655136736, 3.3058392298789374
2015;0030030S;Auvergne-Rhône-Alpes;84;Allier;Clermont-Ferrand;06;03;Montluçon;03185;JEAN ZAY;REP+;46.34920418907676;2.5925813819802643;46.34920418907676, 2.5925813819802643
2019;0061130W;Provence-Alpes-Côte d'Azur;93;Alpes-Maritimes;Nice;23;06;Carros;06033;PAUL LANGEVIN;REP;43.76870751891086;7.198154760607124;43.76870751891086, 7.198154760607124
2017;0080017A;Grand Est;44;Ardennes;Reims;19;08;Fumay;08185;LES AURAINS;REP;49.99152688488634;4.705631254720321;49.99152688488634, 4.705631254720321
2015;0080105W;Grand Est;44;Ardennes;Reims;19;08;Bogny-sur-Meuse;08081;JULES FERRY;REP;49.85394810024129;4.73502608012874;49.85394810024129, 4.73502608012874
2018;0100947A;Grand Est;44;Aube;Reims;19;10;Troyes;10387;PIERRE ET FRANCOIS PITHOU;REP;48.30754421390066;4.061637592634238;48.30754421390066, 4.061637592634238
2015;0131261A;Provence-Alpes-Côte d'Azur;93;Bouches-du-Rhône;Aix-Marseille;02;13;Marseille 13e  Arrondissement;13213;AUGUSTE RENOIR;REP+;43.32773029636164;5.408349520146369;43.32773029636164, 5.408349520146369
2018;0131264D;Provence-Alpes-Côte d'Azur;93;Bouches-du-Rhône;Aix-Marseille;02;13;Marseille  3e  Arrondissement;13203;VERSAILLES;REP+;43.31136866347166;5.375387663777026;43.31136866347166, 5.375387663777026
2017;0131887F;Provence-Alpes-Côte d'Azur;93;Bouches-du-Rhône;Aix-Marseille;02;13;Marseille 15e  Arrondissement;13215;ELSA TRIOLET;REP+;43.37143648119913;5.355300391983345;43.37143648119913, 5.355300391983345
2015;0132007L;Provence-Alpes-Côte d'Azur;93;Bouches-du-Rhône;Aix-Marseille;02;13;Saint-Victoret;13102;JACQUES PREVERT;REP;43.41697231810928;5.231344038358879;43.41697231810928, 5.231344038358879
2017;0132217P;Provence-Alpes-Côte d'Azur;93;Bouches-du-Rhône;Aix-Marseille;02;13;Orgon;13067;MONT SAUVY;REP;43.7960920994055;5.031266668352428;43.7960920994055, 5.031266668352428
2015;0132313U;Provence-Alpes-Côte d'Azur;93;Bouches-du-Rhône;Aix-Marseille;02;13;Marseille 13e  Arrondissement;13213;STEPHANE MALLARME;REP+;43.330958835404665;5.43018344762998;43.330958835404665, 5.43018344762998
2019;0132428U;Provence-Alpes-Côte d'Azur;93;Bouches-du-Rhône;Aix-Marseille;02;13;Marseille 11e  Arrondissement;13211;AIR BEL;REP;43.290286440882156;5.4300056966885535;43.290286440882156, 5.4300056966885535
2019;0211357L;Bourgogne-Franche-Comté;27;Côte-d'Or;Dijon;07;21;Dijon;21231;JEAN PHILIPPE RAMEAU;REP;47.32280760346612;4.994750769473767;47.32280760346612, 4.994750769473767
2016;0212102W;Bourgogne-Franche-Comté;27;Côte-d'Or;Dijon;07;21;Dijon;21231;CHAMPOLLION;REP;47.331506115773834;5.0715664091030215;47.331506115773834, 5.0715664091030215
2017;0260117L;Auvergne-Rhône-Alpes;84;Drôme;Grenoble;08;26;Valence;26362;PAUL VALERY;REP;44.92851244891291;4.896083838100739;44.92851244891291, 4.896083838100739
2018;0271095U;Normandie;28;Eure;Rouen;21;27;Evreux;27229;GEORGES POLITZER;REP;49.00612913745159;1.1473266885808986;49.00612913745159, 1.1473266885808986
2019;0271398Y;Normandie;28;Eure;Rouen;21;27;Louviers;27375;LES FOUGERES;REP;49.21189789214124;1.1537173898769217;49.21189789214124, 1.1537173898769217
2018;0271804P;Normandie;28;Eure;Rouen;21;27;Val-de-Reuil;27701;LOUISE MICHEL;REP;49.265826144747294;1.2197749949228307;49.265826144747294, 1.2197749949228307
2019;0300025P;Occitanie;76;Gard;Montpellier;11;30;Nîmes;30189;ROMAIN ROLLAND;REP+;43.84465289564224;4.390213911640572;43.84465289564224, 4.390213911640572
2018;0301098F;Occitanie;76;Gard;Montpellier;11;30;Nîmes;30189;LES OLIVIERS;REP;43.83392478371075;4.384733350512415;43.83392478371075, 4.384733350512415
2018;0320584L;Occitanie;76;Gers;Toulouse;16;32;Auch;32013;MARIE SK ODOWSKA-CURIE (D'ARTAGNAN);REP;43.635972233297586;0.596960331102503;43.635972233297586, 0.596960331102503
2015;0331888Y;Nouvelle-Aquitaine;75;Gironde;Bordeaux;04;33;Saint-Yzan-de-Soudiac;33492;DU VAL DE SAYE;REP;45.139901961854015;-0.41016480013994383;45.139901961854015, -0.41016480013994383
2016;0332189A;Nouvelle-Aquitaine;75;Gironde;Bordeaux;04;33;Floirac;33167;NELSON MANDELA;REP;44.83884912390976;-0.5334017954116679;44.83884912390976, -0.5334017954116679
2015;0340109J;Occitanie;76;Hérault;Montpellier;11;34;Montpellier;34172;LES GARRIGUES;REP+;43.642644037735835;3.8170859935499246;43.642644037735835, 3.8170859935499246
2019;0340836Z;Occitanie;76;Hérault;Montpellier;11;34;Béziers;34032;PAUL RIQUET;REP+;43.34503046125156;3.2190910269912676;43.34503046125156, 3.2190910269912676
2016;0382044R;Auvergne-Rhône-Alpes;84;Isère;Grenoble;08;38;Echirolles;38151;PABLO PICASSO;REP;45.144597782235955;5.697006562520474;45.144597782235955, 5.697006562520474
2015;0382110M;Auvergne-Rhône-Alpes;84;Isère;Grenoble;08;38;Pont-de-Chéruy;38316;LE GRAND CHAMP;REP;45.75803081395993;5.174668821271615;45.75803081395993, 5.174668821271615
2019;0421176A;Auvergne-Rhône-Alpes;84;Loire;Lyon;10;42;Saint-Etienne;42218;JULES VALLES;REP+;45.44597670092138;4.400361676846748;45.44597670092138, 4.400361676846748
2014;0421451Z;Auvergne-Rhône-Alpes;84;Loire;Lyon;10;42;Saint-Etienne;42218;MARC SEGUIN;REP+;45.465018037373156;4.408860006920129;45.465018037373156, 4.408860006920129
2015;0421686E;Auvergne-Rhône-Alpes;84;Loire;Lyon;10;42;Saint-Etienne;42218;JEAN DASTE;REP;45.42799368238789;4.42167504819566;45.42799368238789, 4.42167504819566
2015;0440348P;Pays de la Loire;52;Loire-Atlantique;Nantes;17;44;Châteaubriant;44036;LA VILLE AUX ROSES;REP;47.7115926492366;-1.3845765477303777;47.7115926492366, -1.3845765477303777
2019;0510044W;Grand Est;44;Marne;Reims;19;51;Reims;51454;COLBERT;REP+;49.28297612839761;4.021845641172637;49.28297612839761, 4.021845641172637
2016;0511214T;Grand Est;44;Marne;Reims;19;51;Reims;51454;TROIS FONTAINES;REP;49.27653804770413;4.01000843095502;49.27653804770413, 4.01000843095502
2017;0541469D;Grand Est;44;Meurthe-et-Moselle;Nancy-Metz;12;54;Laxou;54304;LA FONTAINE;REP+;48.69846278531934;6.134792562369573;48.69846278531934, 6.134792562369573
2015;0541565H;Grand Est;44;Meurthe-et-Moselle;Nancy-Metz;12;54;Toul;54528;CROIX DE METZ;REP;48.69189997098338;5.8968211819837215;48.69189997098338, 5.8968211819837215
2019;0541565H;Grand Est;44;Meurthe-et-Moselle;Nancy-Metz;12;54;Toul;54528;CROIX DE METZ;REP;48.69189997098338;5.8968211819837215;48.69189997098338, 5.8968211819837215
2016;0550020Y;Grand Est;44;Meuse;Nancy-Metz;12;55;Stenay;55502;ALFRED KASTLER;REP;49.486407625535406;5.198128057060013;49.486407625535406, 5.198128057060013
2018;0550020Y;Grand Est;44;Meuse;Nancy-Metz;12;55;Stenay;55502;ALFRED KASTLER;REP;49.486407625535406;5.198128057060013;49.486407625535406, 5.198128057060013
2018;0572487U;Grand Est;44;Moselle;Nancy-Metz;12;57;L'Hôpital;57336;FRANCOIS RABELAIS;REP;49.1629195731653;6.744415378946826;49.1629195731653, 6.744415378946826
2019;0931194T;Ile-de-France;11;Seine-Saint-Denis;Créteil;24;93;Bobigny;93008;REPUBLIQUE;REP+;48.90680312563858;2.4350391127060096;48.90680312563858, 2.4350391127060096
2019;0931206F;Ile-de-France;11;Seine-Saint-Denis;Créteil;24;93;Villetaneuse;93079;JEAN VILAR;REP+;48.95284036866517;2.3434594675069613;48.95284036866517, 2.3434594675069613
2016;0931485J;Ile-de-France;11;Seine-Saint-Denis;Créteil;24;93;Neuilly-sur-Marne;93050;GEORGES BRAQUE;REP;48.86737808537872;2.538949647810004;48.86737808537872, 2.538949647810004
2018;0931711E;Ile-de-France;11;Seine-Saint-Denis;Créteil;24;93;Bondy;93010;JEAN RENOIR;REP;48.90325053266919;2.4736555288214475;48.90325053266919, 2.4736555288214475
2015;0931860S;Ile-de-France;11;Seine-Saint-Denis;Créteil;24;93;Bondy;93010;BROSSOLETTE;REP;48.90262594300085;2.4884911905172373;48.90262594300085, 2.4884911905172373
2018;0932272P;Ile-de-France;11;Seine-Saint-Denis;Créteil;24;93;Aubervilliers;93001;ROSA LUXEMBURG;REP+;48.91487715211166;2.3744299078797684;48.91487715211166, 2.3744299078797684
2015;9760219J;Mayotte;06;Mayotte;Mayotte;43;976;Mamoudzou;97611;DE M'GOMBANI;REP;-12.780679987606566;45.23170455144827;-12.780679987606566, 45.23170455144827
2018;9840360U;TOM et Collectivités territoriales;00;Polynésie Française;Polynésie Française;41;987;Hao;98720;DE HAO;REP+;;;
2017;9760183V;Mayotte;06;Mayotte;Mayotte;43;976;Pamandzi;97615;ZENA M'DERE;REP;-12.79754060161789;45.28237155675771;-12.79754060161789, 45.28237155675771
2016;9760245M;Mayotte;06;Mayotte;Mayotte;43;976;Dembeni;97607;ZAKIA MADI;REP+;-12.836721398736229;45.181504382551516;-12.836721398736229, 45.181504382551516
2017;9840332N;TOM et Collectivités territoriales;00;Polynésie Française;Polynésie Française;41;987;Rangiroa;98740;DE RANGIROA;REP+;;;
2016;0500068C;Normandie;28;Manche;Caen;05;50;Sainte-Mère-Eglise;50523;SAINT EXUPERY;REP;49.41078137212206;-1.3116902393289178;49.41078137212206, -1.3116902393289178
2019;0331891B;Nouvelle-Aquitaine;75;Gironde;Bordeaux;04;33;Lesparre-Médoc;33240;LES LESQUES;REP;45.299778351907634;-0.9264684515393479;45.299778351907634, -0.9264684515393479
2016;0510052E;Grand Est;44;Marne;Reims;19;51;Sermaize-les-Bains;51531;LOUIS PASTEUR;REP;48.784965984150425;4.908203900551351;48.784965984150425, 4.908203900551351
2016;0020075W;Hauts-de-France;32;Aisne;Amiens;20;02;Hirson;02381;GEORGES COBAST;REP;49.92307135976976;4.095104935661628;49.92307135976976, 4.095104935661628
2017;0020075W;Hauts-de-France;32;Aisne;Amiens;20;02;Hirson;02381;GEORGES COBAST;REP;49.92307135976976;4.095104935661628;49.92307135976976, 4.095104935661628
2016;0590002G;Hauts-de-France;32;Nord;Lille;09;59;Aniche;59008;THEODORE MONOD;REP;50.33142704002752;3.2463491444158867;50.33142704002752, 3.2463491444158867
2015;0593482P;Hauts-de-France;32;Nord;Lille;09;59;Lallaing;59327;FREDERIC JOLIOT-CURIE;REP;50.38278262102924;3.172527691977889;50.38278262102924, 3.172527691977889
2019;0593482P;Hauts-de-France;32;Nord;Lille;09;59;Lallaing;59327;FREDERIC JOLIOT-CURIE;REP;50.38278262102924;3.172527691977889;50.38278262102924, 3.172527691977889
2016;0593667R;Hauts-de-France;32;Nord;Lille;09;59;Roubaix;59512;ROSA PARKS (ALBERT SAMAIN);REP+;50.70142966195706;3.1864633596926426;50.70142966195706, 3.1864633596926426
2017;0594293W;Hauts-de-France;32;Nord;Lille;09;59;Tourcoing;59599;ALBERT ROUSSEL;REP+;50.723101525848385;3.168441695203991;50.723101525848385, 3.168441695203991
2015;0594392D;Hauts-de-France;32;Nord;Lille;09;59;Wattrelos;59650;PABLO NERUDA;REP;50.70934262131982;3.2378495967709715;50.70934262131982, 3.2378495967709715
2016;0594865T;Hauts-de-France;32;Nord;Lille;09;59;Ronchin;59507;ANATOLE FRANCE;REP;50.611817196222624;3.080527878227017;50.611817196222624, 3.080527878227017
2016;0595168X;Hauts-de-France;32;Nord;Lille;09;59;Roubaix;59512;MAXENCE VAN DER MEERSCH;REP+;50.68128084233904;3.207217144531587;50.68128084233904, 3.207217144531587
2017;0595328W;Hauts-de-France;32;Nord;Lille;09;59;Villeneuve-d'Ascq;59009;SIMONE DE BEAUVOIR;REP;50.62942853983625;3.130324180890012;50.62942853983625, 3.130324180890012
2017;0596833G;Hauts-de-France;32;Nord;Lille;09;59;Lille;59350;NINA SIMONE (DE WAZEMMES);REP+;50.62421657110629;3.044394796238675;50.62421657110629, 3.044394796238675
2018;0597004T;Hauts-de-France;32;Nord;Lille;09;59;Lille;59350;MIRIAM MAKEBA;REP+;50.61837154141253;3.064760508565509;50.61837154141253, 3.064760508565509
2015;0620079Z;Hauts-de-France;32;Pas-de-Calais;Lille;09;62;Divion;62270;HENRI WALLON;REP;50.4704255657497;2.4967671858231517;50.4704255657497, 2.4967671858231517
2019;0620119T;Hauts-de-France;32;Pas-de-Calais;Lille;09;62;Liévin;62510;PIERRE ET MARIE CURIE;REP;50.43556699877441;2.7557522451170158;50.43556699877441, 2.7557522451170158
2016;0620158K;Hauts-de-France;32;Pas-de-Calais;Lille;09;62;Rouvroy;62724;PAUL LANGEVIN;REP;50.405160193236966;2.9051386111781663;50.405160193236966, 2.9051386111781663
2019;0620219B;Hauts-de-France;32;Pas-de-Calais;Lille;09;62;Liévin;62510;DANIELLE DARRAS RIAUMONT;REP;50.419953696945214;2.788046427719581;50.419953696945214, 2.788046427719581
2015;0622095R;Hauts-de-France;32;Pas-de-Calais;Lille;09;62;Le Portel;62667;JEAN MOULIN;REP;50.708256638880755;1.5845012577566218;50.708256638880755, 1.5845012577566218
2016;0622261W;Hauts-de-France;32;Pas-de-Calais;Lille;09;62;Frévent;62361;PIERRE CUALLACCI;REP;50.27638953962339;2.2847019206027017;50.27638953962339, 2.2847019206027017
2018;0622418S;Hauts-de-France;32;Pas-de-Calais;Lille;09;62;Lens;62498;JEAN ZAY;REP+;50.44273592458521;2.823896277002616;50.44273592458521, 2.823896277002616
2018;0622425Z;Hauts-de-France;32;Pas-de-Calais;Lille;09;62;Béthune;62119;PAUL VERLAINE;REP;50.515728942107174;2.6302301996805917;50.515728942107174, 2.6302301996805917
2016;0622799F;Hauts-de-France;32;Pas-de-Calais;Lille;09;62;Lillers;62516;LEO LAGRANGE;REP;50.56703429094058;2.4807923769905678;50.56703429094058, 2.4807923769905678
2015;0622868F;Hauts-de-France;32;Pas-de-Calais;Lille;09;62;Lens;62498;JEAN JAURES;REP+;50.44010490930628;2.7992111074414847;50.44010490930628, 2.7992111074414847
2017;0100787B;Grand Est;44;Aube;Reims;19;10;Romilly-sur-Seine;10323;PAUL LANGEVIN;REP;48.52134379613188;3.7278663657992177;48.52134379613188, 3.7278663657992177
2017;0020076X;Hauts-de-France;32;Aisne;Amiens;20;02;Saint-Quentin;02691;JEAN MOULIN;REP;49.83805625149687;3.274039073249115;49.83805625149687, 3.274039073249115
2017;0330103H;Nouvelle-Aquitaine;75;Gironde;Bordeaux;04;33;Pauillac;33314;PIERRE DE BELLEYME;REP;45.20176659918781;-0.7512280667390121;45.20176659918781, -0.7512280667390121
2018;0010035H;Auvergne-Rhône-Alpes;84;Ain;Lyon;10;01;Oyonnax;01283;LOUIS LUMIERE;REP+;46.25485445619305;5.638293758962887;46.25485445619305, 5.638293758962887
2015;0020054Y;Hauts-de-France;32;Aisne;Amiens;20;02;Saint-Quentin;02691;MONTAIGNE;REP+;49.86307292091498;3.3006092629510237;49.86307292091498, 3.3006092629510237
2019;0020054Y;Hauts-de-France;32;Aisne;Amiens;20;02;Saint-Quentin;02691;MONTAIGNE;REP+;49.86307292091498;3.3006092629510237;49.86307292091498, 3.3006092629510237
2019;0030119N;Auvergne-Rhône-Alpes;84;Allier;Clermont-Ferrand;06;03;Montluçon;03185;JULES VERNE;REP+;46.34298705679311;2.572362324811446;46.34298705679311, 2.572362324811446
2019;0131705H;Provence-Alpes-Côte d'Azur;93;Bouches-du-Rhône;Aix-Marseille;02;13;Berre-l'Etang;13014;FERNAND LEGER;REP;43.488049494784825;5.158740692840738;43.488049494784825, 5.158740692840738
2018;0131757P;Provence-Alpes-Côte d'Azur;93;Bouches-du-Rhône;Aix-Marseille;02;13;Marseille 16e  Arrondissement;13216;ESTAQUE (L');REP;43.36302953235596;5.323538178186469;43.36302953235596, 5.323538178186469
2016;0131884C;Provence-Alpes-Côte d'Azur;93;Bouches-du-Rhône;Aix-Marseille;02;13;Marseille  3e  Arrondissement;13203;BELLE DE MAI;REP+;43.31338111273035;5.386294439790817;43.31338111273035, 5.386294439790817
2018;0132212J;Provence-Alpes-Côte d'Azur;93;Bouches-du-Rhône;Aix-Marseille;02;13;Port-de-Bouc;13077;FREDERIC MISTRAL;REP+;43.409564143574286;4.977595357233713;43.409564143574286, 4.977595357233713
2015;0132322D;Provence-Alpes-Côte d'Azur;93;Bouches-du-Rhône;Aix-Marseille;02;13;Port-de-Bouc;13077;PAUL ELUARD;REP;43.41282157756637;4.992829441665292;43.41282157756637, 4.992829441665292
2014;0132407W;Provence-Alpes-Côte d'Azur;93;Bouches-du-Rhône;Aix-Marseille;02;13;Marseille 15e  Arrondissement;13215;JEAN MOULIN;REP+;43.36446543035339;5.358006751284265;43.36446543035339, 5.358006751284265
2017;0132412B;Provence-Alpes-Côte d'Azur;93;Bouches-du-Rhône;Aix-Marseille;02;13;Aubagne;13005;LOU GARLABAN;REP;43.28048330734522;5.548163380761833;43.28048330734522, 5.548163380761833
2018;0141136J;Normandie;28;Calvados;Caen;05;14;Hérouville-Saint-Clair;14327;PIERRE VARIGNON;REP;49.19663021261219;-0.33301993990372764;49.19663021261219, -0.33301993990372764
2016;0141257R;Normandie;28;Calvados;Caen;05;14;Isigny-sur-Mer;14342;DU VAL D'AURE;REP;49.31870397951404;-1.104999863147956;49.31870397951404, -1.104999863147956
2016;0240056F;Nouvelle-Aquitaine;75;Dordogne;Bordeaux;04;24;Vergt;24571;DES TROIS VALLEES;REP;45.02534034616135;0.71291836334078;45.02534034616135, 0.71291836334078
2018;0251209D;Bourgogne-Franche-Comté;27;Doubs;Besançon;03;25;Bethoncourt;25057;ANATOLE FRANCE;REP+;47.53840511352866;6.804008062701719;47.53840511352866, 6.804008062701719
2019;0251209D;Bourgogne-Franche-Comté;27;Doubs;Besançon;03;25;Bethoncourt;25057;ANATOLE FRANCE;REP+;47.53840511352866;6.804008062701719;47.53840511352866, 6.804008062701719
2019;0271804P;Normandie;28;Eure;Rouen;21;27;Val-de-Reuil;27701;LOUISE MICHEL;REP;49.265826144747294;1.2197749949228307;49.265826144747294, 1.2197749949228307
2016;0301012M;Occitanie;76;Gard;Montpellier;11;30;La Grand-Combe;30132;LEO LARGUIER;REP;44.21013920279187;4.030355507116725;44.21013920279187, 4.030355507116725
2017;0301098F;Occitanie;76;Gard;Montpellier;11;30;Nîmes;30189;LES OLIVIERS;REP;43.83392478371075;4.384733350512415;43.83392478371075, 4.384733350512415
2017;0331888Y;Nouvelle-Aquitaine;75;Gironde;Bordeaux;04;33;Saint-Yzan-de-Soudiac;33492;DU VAL DE SAYE;REP;45.139901961854015;-0.41016480013994383;45.139901961854015, -0.41016480013994383
2018;0341592W;Occitanie;76;Hérault;Montpellier;11;34;Montpellier;34172;MARCEL PAGNOL;REP;43.596447691727064;3.846735418016563;43.596447691727064, 3.846735418016563
2016;0390883Y;Bourgogne-Franche-Comté;27;Jura;Besançon;03;39;Dole;39198;MARYSE BASTIE;REP;47.08340079628947;5.468921037085184;47.08340079628947, 5.468921037085184
2018;0440536U;Pays de la Loire;52;Loire-Atlantique;Nantes;17;44;Nantes;44109;SOPHIE GERMAIN;REP+;47.214925766511755;-1.5361600679820884;47.214925766511755, -1.5361600679820884
2015;0490048L;Pays de la Loire;52;Maine-et-Loire;Nantes;17;49;Trélazé;49353;JEAN ROSTAND;REP;47.44934443235111;-0.5000595269804583;47.44934443235111, -0.5000595269804583
2019;0490783K;Pays de la Loire;52;Maine-et-Loire;Nantes;17;49;Angers;49007;JEAN MERMOZ;REP;47.451685736805544;-0.5682399539106795;47.451685736805544, -0.5682399539106795
2019;0491703K;Pays de la Loire;52;Maine-et-Loire;Nantes;17;49;Angers;49007;JEAN VILAR;REP+;47.44527395184882;-0.5643456468064906;47.44527395184882, -0.5643456468064906
2015;0511108C;Grand Est;44;Marne;Reims;19;51;Reims;51454;PAUL FORT;REP+;49.22701660514032;4.042521472092302;49.22701660514032, 4.042521472092302
2016;0511108C;Grand Est;44;Marne;Reims;19;51;Reims;51454;PAUL FORT;REP+;49.22701660514032;4.042521472092302;49.22701660514032, 4.042521472092302
2015;0511214T;Grand Est;44;Marne;Reims;19;51;Reims;51454;TROIS FONTAINES;REP;49.27653804770413;4.01000843095502;49.27653804770413, 4.01000843095502
2016;0572493A;Grand Est;44;Moselle;Nancy-Metz;12;57;Petite-Rosselle;57537;LOUIS ARMAND;REP;49.20993548164225;6.850061765488757;49.20993548164225, 6.850061765488757
2018;0573268T;Grand Est;44;Moselle;Nancy-Metz;12;57;Behren-lès-Forbach;57058;ROBERT SCHUMAN;REP+;49.16571242081087;6.934232994852079;49.16571242081087, 6.934232994852079
2018;0600022Y;Hauts-de-France;32;Oise;Amiens;20;60;Creil;60175;GABRIEL HAVEZ;REP+;49.247996126408296;2.4688454243828932;49.247996126408296, 2.4688454243828932
2017;0611026J;Normandie;28;Orne;Caen;05;61;Alençon;61001;LOUISE MICHEL;REP+;48.41269321117825;0.09501263047424259;48.41269321117825, 0.09501263047424259
2015;0631502R;Auvergne-Rhône-Alpes;84;Puy-de-Dôme;Clermont-Ferrand;06;63;Clermont-Ferrand;63113;CHARLES BAUDELAIRE;REP+;45.75864662579044;3.0950697983947135;45.75864662579044, 3.0950697983947135
2018;0631502R;Auvergne-Rhône-Alpes;84;Puy-de-Dôme;Clermont-Ferrand;06;63;Clermont-Ferrand;63113;CHARLES BAUDELAIRE;REP+;45.75864662579044;3.0950697983947135;45.75864662579044, 3.0950697983947135
2017;0631522M;Auvergne-Rhône-Alpes;84;Puy-de-Dôme;Clermont-Ferrand;06;63;Clermont-Ferrand;63113;ALBERT CAMUS;REP+;45.80771203575575;3.1076621047125155;45.80771203575575, 3.1076621047125155
2018;0660018L;Occitanie;76;Pyrénées-Orientales;Montpellier;11;66;Perpignan;66136;MADAME DE SEVIGNE;REP+;42.68423084490058;2.886094683581612;42.68423084490058, 2.886094683581612
2015;0660049V;Occitanie;76;Pyrénées-Orientales;Montpellier;11;66;Perpignan;66136;JEAN MOULIN;REP;42.69694673118712;2.8995619248123874;42.69694673118712, 2.8995619248123874
2018;0671508A;Grand Est;44;Bas-Rhin;Strasbourg;15;67;Strasbourg;67482;JACQUES TWINGER;REP;48.58103418153954;7.7055771967708315;48.58103418153954, 7.7055771967708315
2017;0671691Z;Grand Est;44;Bas-Rhin;Strasbourg;15;67;Strasbourg;67482;STOCKFELD;REP;48.53822962103565;7.763942488940324;48.53822962103565, 7.763942488940324
2015;0671692A;Grand Est;44;Bas-Rhin;Strasbourg;15;67;Strasbourg;67482;SOLIGNAC;REP+;48.547437169091694;7.762684469825641;48.547437169091694, 7.762684469825641
2014;0680110A;Grand Est;44;Haut-Rhin;Strasbourg;15;68;Mulhouse;68224;JEAN MACE;REP+;47.73365652425607;7.294292726743986;47.73365652425607, 7.294292726743986
2016;0680111B;Grand Est;44;Haut-Rhin;Strasbourg;15;68;Mulhouse;68224;SAINT-EXUPERY;REP+;47.75913190321395;7.365076622454544;47.75913190321395, 7.365076622454544
2018;0680111B;Grand Est;44;Haut-Rhin;Strasbourg;15;68;Mulhouse;68224;SAINT-EXUPERY;REP+;47.75913190321395;7.365076622454544;47.75913190321395, 7.365076622454544
2015;0681127F;Grand Est;44;Haut-Rhin;Strasbourg;15;68;Mulhouse;68224;BOURTZWILLER;REP+;47.77571580591898;7.332873619439134;47.77571580591898, 7.332873619439134
2015;0691497C;Auvergne-Rhône-Alpes;84;Rhône;Lyon;10;69;Saint-Priest;69290;COLETTE;REP;45.69021551638441;4.943089318167755;45.69021551638441, 4.943089318167755
2016;0691497C;Auvergne-Rhône-Alpes;84;Rhône;Lyon;10;69;Saint-Priest;69290;COLETTE;REP;45.69021551638441;4.943089318167755;45.69021551638441, 4.943089318167755
2018;0691498D;Auvergne-Rhône-Alpes;84;Rhône;Lyon;10;69;Rillieux-la-Pape;69286;MARIA CASARES;REP+;45.81768929664611;4.899690581547433;45.81768929664611, 4.899690581547433
2019;0710056A;Bourgogne-Franche-Comté;27;Saône-et-Loire;Dijon;07;71;Montceau-les-Mines;71306;JEAN MOULIN;REP;46.67375648575554;4.366562992835783;46.67375648575554, 4.366562992835783
2015;0711136Z;Bourgogne-Franche-Comté;27;Saône-et-Loire;Dijon;07;71;Digoin;71176;ROGER SEMET;REP;46.47506659205576;3.9791671855143282;46.47506659205576, 3.9791671855143282
2014;0720987G;Pays de la Loire;52;Sarthe;Nantes;17;72;Le Mans;72181;COSTA-GAVRAS;REP+;47.99418377976128;0.23195274165646437;47.99418377976128, 0.23195274165646437
2017;0721224P;Pays de la Loire;52;Sarthe;Nantes;17;72;Allonnes;72003;LE MARIN;REP;47.96392733724327;0.15932837106035438;47.96392733724327, 0.15932837106035438
2016;0730904L;Auvergne-Rhône-Alpes;84;Savoie;Grenoble;08;73;Albertville;73011;COMBE DE SAVOIE;REP;45.665984194235634;6.3715972519623705;45.665984194235634, 6.3715972519623705
2016;0760075U;Normandie;28;Seine-Maritime;Rouen;21;76;Maromme;76410;ALAIN;REP;49.478667150648725;1.0396643974314765;49.478667150648725, 1.0396643974314765
2015;0760100W;Normandie;28;Seine-Maritime;Rouen;21;76;Rouen;76540;BOIELDIEU;REP+;49.458343592360514;1.1329414071576054;49.458343592360514, 1.1329414071576054
2018;0761696F;Normandie;28;Seine-Maritime;Rouen;21;76;Le Havre;76351;ROMAIN ROLLAND;REP;49.50659105510942;0.15897866444890316;49.50659105510942, 0.15897866444890316
2018;0761954L;Normandie;28;Seine-Maritime;Rouen;21;76;Gonfreville-l'Orcher;76305;GUSTAVE COURBET;REP;49.507302017213476;0.23305471421860752;49.507302017213476, 0.23305471421860752
2019;0761954L;Normandie;28;Seine-Maritime;Rouen;21;76;Gonfreville-l'Orcher;76305;GUSTAVE COURBET;REP;49.507302017213476;0.23305471421860752;49.507302017213476, 0.23305471421860752
2016;0770019C;Ile-de-France;11;Seine-et-Marne;Créteil;24;77;Dammarie-les-Lys;77152;ROBERT DOISNEAU;REP;48.51906187319006;2.645716399210894;48.51906187319006, 2.645716399210894
2015;0771172F;Ile-de-France;11;Seine-et-Marne;Créteil;24;77;Meaux;77284;ALBERT CAMUS;REP+;48.947678338570476;2.9090223532539734;48.947678338570476, 2.9090223532539734
2016;0771621U;Ile-de-France;11;Seine-et-Marne;Créteil;24;77;Nemours;77333;HONORE DE BALZAC;REP;48.26279125027707;2.714643292821289;48.26279125027707, 2.714643292821289
2015;0771761W;Ile-de-France;11;Seine-et-Marne;Créteil;24;77;Montereau-Fault-Yonne;77305;ANDRE MALRAUX;REP+;48.3945182782447;2.9589810457155954;48.3945182782447, 2.9589810457155954
2017;0801341Y;Hauts-de-France;32;Somme;Amiens;20;80;Roye;80685;LOUISE MICHEL;REP;49.706199946668214;2.777824534332099;49.706199946668214, 2.777824534332099
2015;0801616X;Hauts-de-France;32;Somme;Amiens;20;80;Amiens;80021;GUY MARESCHAL;REP+;49.870864563152736;2.3281177436464473;49.870864563152736, 2.3281177436464473
2015;0830180V;Provence-Alpes-Côte d'Azur;93;Var;Nice;23;83;La Seyne-sur-Mer;83126;HENRI WALLON;REP+;43.11331405455519;5.870521401657112;43.11331405455519, 5.870521401657112
2017;0830180V;Provence-Alpes-Côte d'Azur;93;Var;Nice;23;83;La Seyne-sur-Mer;83126;HENRI WALLON;REP+;43.11331405455519;5.870521401657112;43.11331405455519, 5.870521401657112
2017;0830834F;Provence-Alpes-Côte d'Azur;93;Var;Nice;23;83;Fréjus;83061;ANDRE LEOTARD;REP;43.43752209311239;6.7572839699565845;43.43752209311239, 6.7572839699565845
2017;0850014D;Pays de la Loire;52;Vendée;Nantes;17;85;L'Ile-d'Elle;85111;GOLFE DES PICTONS;REP;46.32884357303001;-0.9506047439452553;46.32884357303001, -0.9506047439452553
2016;0900295G;Bourgogne-Franche-Comté;27;Territoire de Belfort;Besançon;03;90;Belfort;90010;VAUBAN;REP;47.640149077176154;6.880683440327653;47.640149077176154, 6.880683440327653
2018;0931186J;Ile-de-France;11;Seine-Saint-Denis;Créteil;24;93;Aubervilliers;93001;DIDEROT;REP;48.916372669440314;2.385547555792195;48.916372669440314, 2.385547555792195
2018;0931204D;Ile-de-France;11;Seine-Saint-Denis;Créteil;24;93;Le Blanc-Mesnil;93007;MARCEL CACHIN;REP;48.9243323624784;2.466264005139547;48.9243323624784, 2.466264005139547
2016;0931209J;Ile-de-France;11;Seine-Saint-Denis;Créteil;24;93;Montreuil;93048;GEORGES POLITZER;REP;48.86160867286582;2.4726900199494266;48.86160867286582, 2.4726900199494266
2019;0931209J;Ile-de-France;11;Seine-Saint-Denis;Créteil;24;93;Montreuil;93048;GEORGES POLITZER;REP;48.86160867286582;2.4726900199494266;48.86160867286582, 2.4726900199494266
2019;0931218U;Ile-de-France;11;Seine-Saint-Denis;Créteil;24;93;Pantin;93055;JEAN LOLIVE;REP+;48.90262340909542;2.3965560549539098;48.90262340909542, 2.3965560549539098
2019;0931607S;Ile-de-France;11;Seine-Saint-Denis;Créteil;24;93;Villepinte;93078;JEAN JAURES;REP;48.94914142828419;2.5511504388427246;48.94914142828419, 2.5511504388427246
2019;0932272P;Ile-de-France;11;Seine-Saint-Denis;Créteil;24;93;Aubervilliers;93001;ROSA LUXEMBURG;REP+;48.91487715211166;2.3744299078797684;48.91487715211166, 2.3744299078797684
2017;0752958H;Ile-de-France;11;Paris;Paris;01;75;Paris 17e  Arrondissement;75117;BORIS VIAN;REP;48.89055340931243;2.304478506272597;48.89055340931243, 2.304478506272597
2015;0753046D;Ile-de-France;11;Paris;Paris;01;75;Paris 20e  Arrondissement;75120;FLORA TRISTAN;REP;48.85897795579358;2.4049587195705024;48.85897795579358, 2.4049587195705024
2018;0753345D;Ile-de-France;11;Paris;Paris;01;75;Paris 19e  Arrondissement;75119;EDMOND MICHELET;REP;48.893578613836574;2.3764657013006585;48.893578613836574, 2.3764657013006585
2018;0280034K;Centre-Val de Loire;24;Eure-et-Loir;Orléans-Tours;18;28;Mainvilliers;28229;JEAN MACE;REP;48.448133158107275;1.461897651913531;48.448133158107275, 1.461897651913531
2017;0280657M;Centre-Val de Loire;24;Eure-et-Loir;Orléans-Tours;18;28;Lucé;28218;LES PETITS SENTIERS;REP;48.43339819251506;1.454989472728926;48.43339819251506, 1.454989472728926
2016;0360541T;Centre-Val de Loire;24;Indre;Orléans-Tours;18;36;Châteauroux;36044;ROSA PARKS;REP+;46.80038434473314;1.7056685945180377;46.80038434473314, 1.7056685945180377
2017;0370791J;Centre-Val de Loire;24;Indre-et-Loire;Orléans-Tours;18;37;Joué-lès-Tours;37122;ARCHE DU LUDE;REP;47.34616946970418;0.6506576577664248;47.34616946970418, 0.6506576577664248
2015;0410003F;Centre-Val de Loire;24;Loir-et-Cher;Orléans-Tours;18;41;Blois;41018;BLOIS-BEGON;REP+;47.59353381039191;1.307996813734156;47.59353381039191, 1.307996813734156
2016;0450840U;Centre-Val de Loire;24;Loiret;Orléans-Tours;18;45;Châlette-sur-Loing;45068;PAUL ELUARD;REP;48.00527288059747;2.706487677223496;48.00527288059747, 2.706487677223496
2017;0450939B;Centre-Val de Loire;24;Loiret;Orléans-Tours;18;45;Orléans;45234;ALAIN FOURNIER;REP;47.83242533285168;1.9304588934488824;47.83242533285168, 1.9304588934488824
2019;0450939B;Centre-Val de Loire;24;Loiret;Orléans-Tours;18;45;Orléans;45234;ALAIN FOURNIER;REP;47.83242533285168;1.9304588934488824;47.83242533285168, 1.9304588934488824
2017;0951617S;Ile-de-France;11;Val-d'Oise;Versailles;25;95;Cergy;95127;GERARD PHILIPE;REP;49.046237274432976;2.0432308074885728;49.046237274432976, 2.0432308074885728
2016;0930893R;Ile-de-France;11;Seine-Saint-Denis;Créteil;24;93;Epinay-sur-Seine;93031;ROGER MARTIN DU GARD;REP+;48.95124030255269;2.336226593178637;48.95124030255269, 2.336226593178637
2019;0931185H;Ile-de-France;11;Seine-Saint-Denis;Créteil;24;93;Aubervilliers;93001;GABRIEL PERI;REP;48.91908120642866;2.400967873810693;48.91908120642866, 2.400967873810693
2018;0932694Y;Ile-de-France;11;Seine-Saint-Denis;Créteil;24;93;Aubervilliers;93001;GISELE HALIMI;REP+;48.90756624981989;2.3837101722908933;48.90756624981989, 2.3837101722908933
2017;0941021Z;Ile-de-France;11;Val-de-Marne;Créteil;24;94;Alfortville;94002;PAUL LANGEVIN;REP;48.78810220956382;2.4272811307948183;48.78810220956382, 2.4272811307948183
2015;0941044Z;Ile-de-France;11;Val-de-Marne;Créteil;24;94;Orly;94054;ROBERT DESNOS;REP+;48.74716494108484;2.409842544423456;48.74716494108484, 2.409842544423456
2019;0941603G;Ile-de-France;11;Val-de-Marne;Créteil;24;94;Limeil-Brévannes;94044;JANUSZ KORCZAK;REP;48.7422624576387;2.5059908466945227;48.7422624576387, 2.5059908466945227
2019;0080839U;Grand Est;44;Ardennes;Reims;19;08;Vrigne aux Bois;08491;PASTEUR;REP;49.73617305219033;4.857617380330747;49.73617305219033, 4.857617380330747
2015;0100081J;Grand Est;44;Aube;Reims;19;10;Troyes;10387;MARIE CURIE;REP;48.271865846594174;4.075555703398725;48.271865846594174, 4.075555703398725
2017;0780180X;Ile-de-France;11;Yvelines;Versailles;25;78;Les Mureaux;78440;JULES VERNE;REP+;48.97948524887258;1.9226146438751084;48.97948524887258, 1.9226146438751084
2018;0780255D;Ile-de-France;11;Yvelines;Versailles;25;78;Limay;78335;ALBERT THIERRY;REP;48.99785973231533;1.7480590529897597;48.99785973231533, 1.7480590529897597
2015;0781977A;Ile-de-France;11;Yvelines;Versailles;25;78;Mantes-la-Jolie;78361;GEORGES CLEMENCEAU;REP+;48.99927610937402;1.6874575556683324;48.99927610937402, 1.6874575556683324
2018;0783463R;Ile-de-France;11;Yvelines;Versailles;25;78;Sartrouville;78586;LOUIS PAULHAN;REP;48.948168995014555;2.1709483248482035;48.948168995014555, 2.1709483248482035
2016;0910624J;Ile-de-France;11;Essonne;Versailles;25;91;Massy;91377;BLAISE PASCAL;REP;48.733546546599314;2.2952564209461044;48.733546546599314, 2.2952564209461044
2017;0910678T;Ile-de-France;11;Essonne;Versailles;25;91;Sainte-Geneviève-des-Bois;91549;JEAN MACE;REP;48.641146927538486;2.3404266035137584;48.641146927538486, 2.3404266035137584
2017;0910971L;Ile-de-France;11;Essonne;Versailles;25;91;Viry-Châtillon;91687;LES SABLONS;REP;48.668466485032084;2.3645388015047955;48.668466485032084, 2.3645388015047955
2016;0911025V;Ile-de-France;11;Essonne;Versailles;25;91;Ris-Orangis;91521;JEAN LURCAT;REP;48.638946236515814;2.4101604483366184;48.638946236515814, 2.4101604483366184
2017;0911025V;Ile-de-France;11;Essonne;Versailles;25;91;Ris-Orangis;91521;JEAN LURCAT;REP;48.638946236515814;2.4101604483366184;48.638946236515814, 2.4101604483366184
2017;0911036G;Ile-de-France;11;Essonne;Versailles;25;91;Grigny;91286;JEAN VILAR;REP+;48.650293502327806;2.3758860423792143;48.650293502327806, 2.3758860423792143
2018;0911443Z;Ile-de-France;11;Essonne;Versailles;25;91;Corbeil-Essonnes;91174;LA NACELLE;REP;48.59690724041396;2.461336712023124;48.59690724041396, 2.461336712023124
2018;0912173T;Ile-de-France;11;Essonne;Versailles;25;91;Evry-Courcouronnes;91228;GALILEE;REP;48.618719195715386;2.4448912868334864;48.618719195715386, 2.4448912868334864
2015;0920594W;Ile-de-France;11;Hauts-de-Seine;Versailles;25;92;Nanterre;92050;REPUBLIQUE;REP;48.90210588734616;2.2064963999114635;48.90210588734616, 2.2064963999114635
2016;0921160L;Ile-de-France;11;Hauts-de-Seine;Versailles;25;92;Colombes;92025;JEAN-BAPTISTE CLEMENT;REP;48.93189999560393;2.2579731719669542;48.93189999560393, 2.2579731719669542
2019;0950895G;Ile-de-France;11;Val-d'Oise;Versailles;25;95;Pontoise;95500;SIMONE VEIL;REP;49.04405966784812;2.0844612413354215;49.04405966784812, 2.0844612413354215
2017;0950900M;Ile-de-France;11;Val-d'Oise;Versailles;25;95;Sarcelles;95585;ANATOLE FRANCE;REP;48.9815698925184;2.3873056196756326;48.9815698925184, 2.3873056196756326
2016;0950943J;Ile-de-France;11;Val-d'Oise;Versailles;25;95;Sarcelles;95585;CHANTEREINE;REP+;48.98416120005371;2.375387134722661;48.98416120005371, 2.375387134722661
2019;0950943J;Ile-de-France;11;Val-d'Oise;Versailles;25;95;Sarcelles;95585;CHANTEREINE;REP+;48.98416120005371;2.375387134722661;48.98416120005371, 2.375387134722661
2015;0951098C;Ile-de-France;11;Val-d'Oise;Versailles;25;95;Garges-lès-Gonesse;95268;PABLO PICASSO;REP;48.9720318249684;2.4174990064062225;48.9720318249684, 2.4174990064062225
2016;0951138W;Ile-de-France;11;Val-d'Oise;Versailles;25;95;Argenteuil;95018;JEAN-JACQUES ROUSSEAU;REP;48.93638428074362;2.2253448479840645;48.93638428074362, 2.2253448479840645
2015;0951139X;Ile-de-France;11;Val-d'Oise;Versailles;25;95;Argenteuil;95018;ALBERT CAMUS;REP;48.94075213244338;2.213189968370559;48.94075213244338, 2.213189968370559
2015;0951196J;Ile-de-France;11;Val-d'Oise;Versailles;25;95;Sarcelles;95585;VOLTAIRE;REP;48.99743440642606;2.3711700636073902;48.99743440642606, 2.3711700636073902
2016;0840716X;Provence-Alpes-Côte d'Azur;93;Vaucluse;Aix-Marseille;02;84;Valréas;84138;VALLIS AERIA;REP;44.387896326262734;5.005314177299518;44.387896326262734, 5.005314177299518
2018;0080068F;Grand Est;44;Ardennes;Reims;19;08;Charleville-Mézières;08105;ROUGET DE LISLE;REP;49.78678776569225;4.716602522892165;49.78678776569225, 4.716602522892165
2019;0251397H;Bourgogne-Franche-Comté;27;Doubs;Besançon;03;25;Seloncourt;25539;LES HAUTES VIGNES;REP;47.471657743512836;6.8564071982789585;47.471657743512836, 6.8564071982789585
2017;0400648M;Nouvelle-Aquitaine;75;Landes;Bordeaux;04;40;Mont-de-Marsan;40192;VICTOR DURUY;REP;43.89747628754074;-0.5009549383009567;43.89747628754074, -0.5009549383009567
2017;0500083U;Normandie;28;Manche;Caen;05;50;Villedieu-les-Poêles-Rouffigny;50639;LE DINANDIER;REP;48.84097589041527;-1.2171494143847557;48.84097589041527, -1.2171494143847557
2018;0500083U;Normandie;28;Manche;Caen;05;50;Villedieu-les-Poêles-Rouffigny;50639;LE DINANDIER;REP;48.84097589041527;-1.2171494143847557;48.84097589041527, -1.2171494143847557
2015;0900351T;Bourgogne-Franche-Comté;27;Territoire de Belfort;Besançon;03;90;Belfort;90010;SIMONE SIGNORET;REP+;47.629669561919656;6.839525517577093;47.629669561919656, 6.839525517577093
2019;0340118U;Occitanie;76;Hérault;Montpellier;11;34;Béziers;34032;HENRI IV;REP;43.34372746511243;3.2102113798398255;43.34372746511243, 3.2102113798398255
2019;0760083C;Normandie;28;Seine-Maritime;Rouen;21;76;Oissel;76484;JEAN CHARCOT;REP;49.357936376211995;1.0949990861388395;49.357936376211995, 1.0949990861388395
2019;0020075W;Hauts-de-France;32;Aisne;Amiens;20;02;Hirson;02381;GEORGES COBAST;REP;49.92307135976976;4.095104935661628;49.92307135976976, 4.095104935661628
2016;0021518P;Hauts-de-France;32;Aisne;Amiens;20;02;La Fère;02304;MARIE DE LUXEMBOURG;REP;49.66395474914851;3.364096263402182;49.66395474914851, 3.364096263402182
2018;0590109Y;Hauts-de-France;32;Nord;Lille;09;59;Jeumont;59324;EUGENE THOMAS;REP+;50.29315952895427;4.105945528043302;50.29315952895427, 4.105945528043302
2018;0590131X;Hauts-de-France;32;Nord;Lille;09;59;Lille;59350;JEAN JAURES;REP;50.640952154979885;3.010190722430137;50.640952154979885, 3.010190722430137
2016;0590271Z;Hauts-de-France;32;Nord;Lille;09;59;Lille;59350;PAUL VERLAINE;REP+;50.61075822507696;3.0701328367609584;50.61075822507696, 3.0701328367609584
2017;0593177H;Hauts-de-France;32;Nord;Lille;09;59;Lille;59350;JEAN ZAY;REP;50.647749627649176;2.9854987317161483;50.647749627649176, 2.9854987317161483
2017;0593185S;Hauts-de-France;32;Nord;Lille;09;59;Sin-le-Noble;59569;ANATOLE FRANCE;REP;50.361329331555964;3.114949443162363;50.361329331555964, 3.114949443162363
2016;0593486U;Hauts-de-France;32;Nord;Lille;09;59;Fresnes-sur-Escaut;59253;FELICIEN JOLY;REP;50.4370336665568;3.5717958564687904;50.4370336665568, 3.5717958564687904
2017;0593660H;Hauts-de-France;32;Nord;Lille;09;59;Loos;59360;RENE DESCARTES;REP+;50.60889499377326;3.0067147312333664;50.60889499377326, 3.0067147312333664
2017;0593686L;Hauts-de-France;32;Nord;Lille;09;59;Louvroil;59365;JACQUES BREL;REP+;50.26333775507384;3.965091081203428;50.26333775507384, 3.965091081203428
2015;0594168K;Hauts-de-France;32;Nord;Lille;09;59;Feignies;59225;JEAN ZAY;REP;50.29266346313587;3.920406963163306;50.29266346313587, 3.920406963163306
2015;0594295Y;Hauts-de-France;32;Nord;Lille;09;59;Coudekerque-Branche;59155;DU WESTHOEK;REP;51.02981233672437;2.401471884994654;51.02981233672437, 2.401471884994654
2017;0594295Y;Hauts-de-France;32;Nord;Lille;09;59;Coudekerque-Branche;59155;DU WESTHOEK;REP;51.02981233672437;2.401471884994654;51.02981233672437, 2.401471884994654
2016;0594300D;Hauts-de-France;32;Nord;Lille;09;59;Denain;59172;BAYARD;REP+;50.336086715358014;3.3829331787295605;50.336086715358014, 3.3829331787295605
2019;0594300D;Hauts-de-France;32;Nord;Lille;09;59;Denain;59172;BAYARD;REP+;50.336086715358014;3.3829331787295605;50.336086715358014, 3.3829331787295605
2019;0594362W;Hauts-de-France;32;Nord;Lille;09;59;Maubeuge;59392;VAUBAN;REP+;50.27445923497275;3.9417317994370746;50.27445923497275, 3.9417317994370746
2017;0594389A;Hauts-de-France;32;Nord;Lille;09;59;Roubaix;59512;ANNE FRANK;REP+;50.6940448027289;3.1758006508446877;50.6940448027289, 3.1758006508446877
2019;0594392D;Hauts-de-France;32;Nord;Lille;09;59;Wattrelos;59650;PABLO NERUDA;REP;50.70934262131982;3.2378495967709715;50.70934262131982, 3.2378495967709715
2019;0595190W;Hauts-de-France;32;Nord;Lille;09;59;Douai;59178;GAYANT;REP+;50.40191279357779;3.1245508692857875;50.40191279357779, 3.1245508692857875
2017;0596529B;Hauts-de-France;32;Nord;Lille;09;59;Pecquencourt;59456;MAURICE SCHUMANN;REP;50.37506182229881;3.2054338458370792;50.37506182229881, 3.2054338458370792
2016;0597004T;Hauts-de-France;32;Nord;Lille;09;59;Lille;59350;MIRIAM MAKEBA (MOULINS);REP+;50.61837154141253;3.064760508565509;50.61837154141253, 3.064760508565509
2016;0620055Y;Hauts-de-France;32;Pas-de-Calais;Lille;09;62;Boulogne-sur-Mer;62160;PAUL LANGEVIN;REP+;50.73372509352722;1.6185558409775755;50.73372509352722, 1.6185558409775755
2018;0620079Z;Hauts-de-France;32;Pas-de-Calais;Lille;09;62;Divion;62270;HENRI WALLON;REP;50.4704255657497;2.4967671858231517;50.4704255657497, 2.4967671858231517
2015;0620170Y;Hauts-de-France;32;Pas-de-Calais;Lille;09;62;Sallaumines;62771;PAUL LANGEVIN;REP+;50.41331768115844;2.862966576074494;50.41331768115844, 2.862966576074494
2019;0622425Z;Hauts-de-France;32;Pas-de-Calais;Lille;09;62;Béthune;62119;PAUL VERLAINE;REP;50.515728942107174;2.6302301996805917;50.515728942107174, 2.6302301996805917
2019;0622576N;Hauts-de-France;32;Pas-de-Calais;Lille;09;62;Calais;62193;VAUBAN;REP+;50.948289307754465;1.833167567249563;50.948289307754465, 1.833167567249563
2015;0470102F;Nouvelle-Aquitaine;75;Lot-et-Garonne;Bordeaux;04;47;Sainte-Livrade-sur-Lot;47252;PAUL FROMENT;REP;44.402859301269956;0.5990460074059903;44.402859301269956, 0.5990460074059903
2018;0520050X;Grand Est;44;Haute-Marne;Reims;19;52;Saint-Dizier;52448;LUIS ORTIZ;REP;48.63874680882137;4.966642346229084;48.63874680882137, 4.966642346229084
2016;0021826Z;Hauts-de-France;32;Aisne;Amiens;20;02;Château-Thierry;02168;JEAN ROSTAND;REP;49.05871287531667;3.383813868598672;49.05871287531667, 3.383813868598672
2019;0330103H;Nouvelle-Aquitaine;75;Gironde;Bordeaux;04;33;Pauillac;33314;PIERRE DE BELLEYME;REP;45.20176659918781;-0.7512280667390121;45.20176659918781, -0.7512280667390121
2017;0601191U;Hauts-de-France;32;Oise;Amiens;20;60;Méru;60395;DU THELLE;REP;49.230635543834566;2.1241908808375523;49.230635543834566, 2.1241908808375523
2018;0601821D;Hauts-de-France;32;Oise;Amiens;20;60;Villers-Saint-Paul;60684;EMILE LAMBERT;REP;49.2921490830136;2.4906223657773796;49.2921490830136, 2.4906223657773796
2016;0800019L;Hauts-de-France;32;Somme;Amiens;20;80;Amiens;80021;CESAR FRANCK;REP+;49.91195538606679;2.3106435053940633;49.91195538606679, 2.3106435053940633
2017;0840758T;Provence-Alpes-Côte d'Azur;93;Vaucluse;Aix-Marseille;02;84;Avignon;84007;FREDERIC MISTRAL;REP;43.946129241418305;4.7998681470359825;43.946129241418305, 4.7998681470359825
2015;0381907S;Auvergne-Rhône-Alpes;84;Isère;Grenoble;08;38;Vienne;38544;FRANCOIS PONSARD;REP;45.526479780659216;4.877149252538211;45.526479780659216, 4.877149252538211
2019;0010035H;Auvergne-Rhône-Alpes;84;Ain;Lyon;10;01;Oyonnax;01283;LOUIS LUMIERE;REP+;46.25485445619305;5.638293758962887;46.25485445619305, 5.638293758962887
2017;0030010V;Auvergne-Rhône-Alpes;84;Allier;Clermont-Ferrand;06;03;Cusset;03095;MAURICE CONSTANTIN WEYER;REP;46.135967695887906;3.4542086616153114;46.135967695887906, 3.4542086616153114
2016;0030050N;Auvergne-Rhône-Alpes;84;Allier;Clermont-Ferrand;06;03;Vichy;03310;JULES FERRY;REP;46.14892108729096;3.412013449397127;46.14892108729096, 3.412013449397127
2017;0030050N;Auvergne-Rhône-Alpes;84;Allier;Clermont-Ferrand;06;03;Vichy;03310;JULES FERRY;REP;46.14892108729096;3.412013449397127;46.14892108729096, 3.412013449397127
2017;0080105W;Grand Est;44;Ardennes;Reims;19;08;Bogny-sur-Meuse;08081;JULES FERRY;REP;49.85394810024129;4.73502608012874;49.85394810024129, 4.73502608012874
2019;0080105W;Grand Est;44;Ardennes;Reims;19;08;Bogny-sur-Meuse;08081;JULES FERRY;REP;49.85394810024129;4.73502608012874;49.85394810024129, 4.73502608012874
2016;0080894D;Grand Est;44;Ardennes;Reims;19;08;Charleville-Mézières;08105;ROGER SALENGRO;REP+;49.75156078619433;4.722194671515813;49.75156078619433, 4.722194671515813
2017;0080925M;Grand Est;44;Ardennes;Reims;19;08;Charleville-Mézières;08105;LEO LAGRANGE;REP+;49.74429144882049;4.720396699736607;49.74429144882049, 4.720396699736607
2015;0100947A;Grand Est;44;Aube;Reims;19;10;Troyes;10387;PIERRE ET FRANCOIS PITHOU;REP;48.30754421390066;4.061637592634238;48.30754421390066, 4.061637592634238
2019;0110068P;Occitanie;76;Aude;Montpellier;11;11;Narbonne;11262;GEORGES BRASSENS;REP;43.18619491616579;2.9742537468546484;43.18619491616579, 2.9742537468546484
2019;0110672W;Occitanie;76;Aude;Montpellier;11;11;Carcassonne;11069;JULES VERNE;REP;43.2174450866157;2.3515949040043846;43.2174450866157, 2.3515949040043846
2016;0130007M;Provence-Alpes-Côte d'Azur;93;Bouches-du-Rhône;Aix-Marseille;02;13;Aix-en-Provence;13001;JAS DE BOUFFAN;REP;43.52563802605482;5.420918688465994;43.52563802605482, 5.420918688465994
2018;0131605Z;Provence-Alpes-Côte d'Azur;93;Bouches-du-Rhône;Aix-Marseille;02;13;Marseille 16e  Arrondissement;13216;HENRI BARNIER;REP+;43.36492745764797;5.343825789781387;43.36492745764797, 5.343825789781387
2017;0131885D;Provence-Alpes-Côte d'Azur;93;Bouches-du-Rhône;Aix-Marseille;02;13;Marseille 15e  Arrondissement;13215;VALLON DES PINS;REP+;43.371399994209604;5.365884347481156;43.371399994209604, 5.365884347481156
2016;0132313U;Provence-Alpes-Côte d'Azur;93;Bouches-du-Rhône;Aix-Marseille;02;13;Marseille 13e  Arrondissement;13213;STEPHANE MALLARME;REP+;43.330958835404665;5.43018344762998;43.330958835404665, 5.43018344762998
2017;0132313U;Provence-Alpes-Côte d'Azur;93;Bouches-du-Rhône;Aix-Marseille;02;13;Marseille 13e  Arrondissement;13213;STEPHANE MALLARME;REP+;43.330958835404665;5.43018344762998;43.330958835404665, 5.43018344762998
2017;0132403S;Provence-Alpes-Côte d'Azur;93;Bouches-du-Rhône;Aix-Marseille;02;13;Marseille 11e  Arrondissement;13211;FRANCOIS VILLON;REP;43.28540727567788;5.46249939516656;43.28540727567788, 5.46249939516656
2015;0132404T;Provence-Alpes-Côte d'Azur;93;Bouches-du-Rhône;Aix-Marseille;02;13;Marseille 14e  Arrondissement;13214;CLAIR SOLEIL;REP+;43.32354905418095;5.385893227377723;43.32354905418095, 5.385893227377723
2018;0133775H;Provence-Alpes-Côte d'Azur;93;Bouches-du-Rhône;Aix-Marseille;02;13;Marseille 14e  Arrondissement;13214;MARIE LAURENCIN;REP+;43.32037088694167;5.387863339523559;43.32037088694167, 5.387863339523559
2015;0141136J;Normandie;28;Calvados;Caen;05;14;Hérouville-Saint-Clair;14327;PIERRE VARIGNON;REP;49.19663021261219;-0.33301993990372764;49.19663021261219, -0.33301993990372764
2018;0141268C;Normandie;28;Calvados;Caen;05;14;Caen;14118;GUILLAUME DE NORMANDIE;REP;49.16098458295274;-0.34696061196262384;49.16098458295274, -0.34696061196262384
2019;0160793A;Nouvelle-Aquitaine;75;Charente;Poitiers;13;16;Terres-de-Haute-Charente;16192;JEAN MICHAUD;REP;45.88722927858473;0.5848772783723833;45.88722927858473, 0.5848772783723833
2019;0210034Y;Bourgogne-Franche-Comté;27;Côte-d'Or;Dijon;07;21;Montbard;21425;LOUIS PASTEUR;REP;47.634684345909704;4.342102481857795;47.634684345909704, 4.342102481857795
2017;0211225T;Bourgogne-Franche-Comté;27;Côte-d'Or;Dijon;07;21;Chenôve;21166;LE CHAPITRE;REP+;47.29561204768497;5.0035174720635744;47.29561204768497, 5.0035174720635744
2019;0260850H;Auvergne-Rhône-Alpes;84;Drôme;Grenoble;08;26;Romans-sur-Isère;26281;ETIENNE-JEAN LAPASSAT;REP;45.0427292309842;5.082057492953541;45.0427292309842, 5.082057492953541
2017;0271398Y;Normandie;28;Eure;Rouen;21;27;Louviers;27375;LES FOUGERES;REP;49.21189789214124;1.1537173898769217;49.21189789214124, 1.1537173898769217
2018;0301282F;Occitanie;76;Gard;Montpellier;11;30;Beaucaire;30032;ELSA TRIOLET;REP;43.810467043086405;4.6220114256398;43.810467043086405, 4.6220114256398
2018;0340955D;Occitanie;76;Hérault;Montpellier;11;34;Montpellier;34172;SIMONE VEIL;REP+;43.618040388401624;3.847926083825106;43.618040388401624, 3.847926083825106
2019;0340955D;Occitanie;76;Hérault;Montpellier;11;34;Montpellier;34172;SIMONE VEIL;REP+;43.618040388401624;3.847926083825106;43.618040388401624, 3.847926083825106
2016;0340996Y;Occitanie;76;Hérault;Montpellier;11;34;Montpellier;34172;LES ESCHOLIERS DE LA MOSSON;REP+;43.63373903555031;3.821653282796258;43.63373903555031, 3.821653282796258
2017;0341065Y;Occitanie;76;Hérault;Montpellier;11;34;Sète;34301;JEAN MOULIN;REP+;43.415364595237705;3.6710787993542855;43.415364595237705, 3.6710787993542855
2015;0341278E;Occitanie;76;Hérault;Montpellier;11;34;Montpellier;34172;ARTHUR RIMBAUD;REP+;43.616677004255614;3.821586015380678;43.616677004255614, 3.821586015380678
2016;0341278E;Occitanie;76;Hérault;Montpellier;11;34;Montpellier;34172;ARTHUR RIMBAUD;REP+;43.616677004255614;3.821586015380678;43.616677004255614, 3.821586015380678
2019;0341364Y;Occitanie;76;Hérault;Montpellier;11;34;Montpellier;34172;GERARD PHILIPE;REP;43.59734336560839;3.8844132992149993;43.59734336560839, 3.8844132992149993
2016;0341592W;Occitanie;76;Hérault;Montpellier;11;34;Montpellier;34172;MARCEL PAGNOL;REP;43.596447691727064;3.846735418016563;43.596447691727064, 3.846735418016563
2016;0350897K;Bretagne;53;Ille-et-Vilaine;Rennes;14;35;Saint-Malo;35288;ROBERT SURCOUF;REP;48.63695135687618;-2.0007389294193323;48.63695135687618, -2.0007389294193323
2017;0382110M;Auvergne-Rhône-Alpes;84;Isère;Grenoble;08;38;Pont-de-Chéruy;38316;LE GRAND CHAMP;REP;45.75803081395993;5.174668821271615;45.75803081395993, 5.174668821271615
2016;0400014Y;Nouvelle-Aquitaine;75;Landes;Bordeaux;04;40;Labouheyre;40134;FELIX ARNAUDIN;REP;44.200663516399544;-0.9158835487359339;44.200663516399544, -0.9158835487359339
2018;0421684C;Auvergne-Rhône-Alpes;84;Loire;Lyon;10;42;Roanne;42187;ALBERT THOMAS;REP;46.0441649729427;4.07418807097307;46.0441649729427, 4.07418807097307
2018;0421919H;Auvergne-Rhône-Alpes;84;Loire;Lyon;10;42;Le Chambon-Feugerolles;42044;MASSENET FOURNEYRON;REP;45.399224995410634;4.333903423571499;45.399224995410634, 4.333903423571499
2016;0440013A;Pays de la Loire;52;Loire-Atlantique;Nantes;17;44;Guémené-Penfao;44067;BELLEVUE;REP;47.62733300657911;-1.8193342985376002;47.62733300657911, -1.8193342985376002
2016;0441608J;Pays de la Loire;52;Loire-Atlantique;Nantes;17;44;Nantes;44109;LA DURANTIERE;REP;47.21486590503068;-1.6039867756565513;47.21486590503068, -1.6039867756565513
2019;0441727N;Pays de la Loire;52;Loire-Atlantique;Nantes;17;44;Donges;44052;ARTHUR RIMBAUD;REP;47.321931971539954;-2.073987022294848;47.321931971539954, -2.073987022294848
2015;0490783K;Pays de la Loire;52;Maine-et-Loire;Nantes;17;49;Angers;49007;JEAN MERMOZ;REP;47.451685736805544;-0.5682399539106795;47.451685736805544, -0.5682399539106795
2019;0491028B;Pays de la Loire;52;Maine-et-Loire;Nantes;17;49;Angers;49007;MONTAIGNE;REP;47.4695553177496;-0.5324441945009276;47.4695553177496, -0.5324441945009276
2018;0491703K;Pays de la Loire;52;Maine-et-Loire;Nantes;17;49;Angers;49007;JEAN VILAR;REP+;47.44527395184882;-0.5643456468064906;47.44527395184882, -0.5643456468064906
2018;0511256N;Grand Est;44;Marne;Reims;19;51;Vitry-le-François;51649;LES INDES;REP;48.728775722054564;4.580522906320076;48.728775722054564, 4.580522906320076
2017;0541578X;Grand Est;44;Meurthe-et-Moselle;Nancy-Metz;12;54;Longlaville;54321;LEODILE BERA (DES TROIS FRONTIERES);REP;49.5273751189283;5.7971874967425086;49.5273751189283, 5.7971874967425086
2015;0572023P;Grand Est;44;Moselle;Nancy-Metz;12;57;Farébersviller;57207;GEORGES HOLDERITH;REP;49.12208238127252;6.876108589476251;49.12208238127252, 6.876108589476251
2016;0572690P;Grand Est;44;Moselle;Nancy-Metz;12;57;Creutzwald;57160;JACQUES-YVES COUSTEAU;REP;49.20940022425659;6.710939100806769;49.20940022425659, 6.710939100806769
2016;0580012Y;Bourgogne-Franche-Comté;27;Nièvre;Dijon;07;58;Corbigny;58083;NOEL BERRIER;REP;47.25231365786925;3.6834916025305837;47.25231365786925, 3.6834916025305837
2015;0580682B;Bourgogne-Franche-Comté;27;Nièvre;Dijon;07;58;Nevers;58194;LES COURLIS;REP;46.98089342457312;3.1900812152239735;46.98089342457312, 3.1900812152239735
2016;0640609P;Nouvelle-Aquitaine;75;Pyrénées-Atlantiques;Bordeaux;04;64;Bayonne;64102;ALBERT CAMUS;REP;43.499451901550565;-1.4535052713256427;43.499451901550565, -1.4535052713256427
2017;0641561Z;Nouvelle-Aquitaine;75;Pyrénées-Atlantiques;Bordeaux;04;64;Mourenx;64410;PIERRE BOURDIEU;REP;43.36890116586861;-0.6250192934871972;43.36890116586861, -0.6250192934871972
2017;0660016J;Occitanie;76;Pyrénées-Orientales;Montpellier;11;66;Perpignan;66136;LA GARRIGOLE;REP;42.695044115216405;2.867981849693815;42.695044115216405, 2.867981849693815
2019;0671691Z;Grand Est;44;Bas-Rhin;Strasbourg;15;67;Strasbourg;67482;STOCKFELD;REP;48.53822962103565;7.763942488940324;48.53822962103565, 7.763942488940324
2018;0671907J;Grand Est;44;Bas-Rhin;Strasbourg;15;67;Strasbourg;67482;HANS ARP;REP+;48.56944059936516;7.718020925078196;48.56944059936516, 7.718020925078196
2016;0681961M;Grand Est;44;Haut-Rhin;Strasbourg;15;68;Mulhouse;68224;BEL AIR;REP;47.73025291297963;7.305713792132944;47.73025291297963, 7.305713792132944
2015;0690280E;Auvergne-Rhône-Alpes;84;Rhône;Lyon;10;69;Villeurbanne;69266;LES IRIS;REP;45.769249777900555;4.897808837994051;45.769249777900555, 4.897808837994051
2019;0760017F;Normandie;28;Seine-Maritime;Rouen;21;76;Canteleu;76157;LE CEDRE;REP;49.44163509236727;1.0285413912543704;49.44163509236727, 1.0285413912543704
2015;0760075U;Normandie;28;Seine-Maritime;Rouen;21;76;Maromme;76410;ALAIN;REP;49.478667150648725;1.0396643974314765;49.478667150648725, 1.0396643974314765
2018;0760075U;Normandie;28;Seine-Maritime;Rouen;21;76;Maromme;76410;ALAIN;REP;49.478667150648725;1.0396643974314765;49.478667150648725, 1.0396643974314765
2016;0761701L;Normandie;28;Seine-Maritime;Rouen;21;76;Bolbec;76114;RONCHEROLLES;REP;49.56996027597236;0.4785859188493273;49.56996027597236, 0.4785859188493273
2016;0761780X;Normandie;28;Seine-Maritime;Rouen;21;76;Rouen;76540;GEORGES BRAQUE;REP+;49.451635526235265;1.141275440727884;49.451635526235265, 1.141275440727884
2017;0761949F;Normandie;28;Seine-Maritime;Rouen;21;76;Le Petit-Quevilly;76498;FERNAND LEGER;REP;49.42858130082447;1.0649233061333692;49.42858130082447, 1.0649233061333692
2016;0762128A;Normandie;28;Seine-Maritime;Rouen;21;76;Le Havre;76351;LEO LAGRANGE;REP;49.50186807065949;0.16517192604474898;49.50186807065949, 0.16517192604474898
2015;0762132E;Normandie;28;Seine-Maritime;Rouen;21;76;Saint-Etienne-du-Rouvray;76575;ROBESPIERRE;REP+;49.39654910603693;1.067786265207497;49.39654910603693, 1.067786265207497
2019;0762919K;Normandie;28;Seine-Maritime;Rouen;21;76;Caudebec-lès-Elbeuf;76165;JACQUES-YVES COUSTEAU;REP;49.27731739680282;1.0242361608065944;49.27731739680282, 1.0242361608065944
2014;0770033T;Ile-de-France;11;Seine-et-Marne;Créteil;24;77;Melun;77288;LES CAPUCINS;REP+;48.552090058093846;2.661565970793356;48.552090058093846, 2.661565970793356
2018;0771172F;Ile-de-France;11;Seine-et-Marne;Créteil;24;77;Meaux;77284;ALBERT CAMUS;REP+;48.947678338570476;2.9090223532539734;48.947678338570476, 2.9090223532539734
2019;0771476L;Ile-de-France;11;Seine-et-Marne;Créteil;24;77;Dammarie-les-Lys;77152;GEORGES POLITZER;REP;48.52140592920995;2.6417260228126995;48.52140592920995, 2.6417260228126995
2017;0771567K;Ile-de-France;11;Seine-et-Marne;Créteil;24;77;Montereau-Fault-Yonne;77305;PAUL ELUARD;REP;48.40066590235061;2.9685607084546386;48.40066590235061, 2.9685607084546386
2019;0771618R;Ile-de-France;11;Seine-et-Marne;Créteil;24;77;Moissy-Cramayel;77296;LES MAILLETTES;REP;48.62336631008905;2.5878120464992356;48.62336631008905, 2.5878120464992356
2017;0771841H;Ile-de-France;11;Seine-et-Marne;Créteil;24;77;Noisiel;77337;LE LUZARD;REP;48.846480601359104;2.612890164548638;48.846480601359104, 2.612890164548638
2018;0801489J;Hauts-de-France;32;Somme;Amiens;20;80;Rue;80688;DU MARQUENTERRE;REP;50.26803982859514;1.6750736682504426;50.26803982859514, 1.6750736682504426
2019;0830180V;Provence-Alpes-Côte d'Azur;93;Var;Nice;23;83;La Seyne-sur-Mer;83126;HENRI WALLON;REP+;43.11331405455519;5.870521401657112;43.11331405455519, 5.870521401657112
2019;0840018N;Provence-Alpes-Côte d'Azur;93;Vaucluse;Aix-Marseille;02;84;Cavaillon;84035;PAUL GAUTHIER;REP+;43.843086384264616;5.0484621989399;43.843086384264616, 5.0484621989399
2019;0930865K;Ile-de-France;11;Seine-Saint-Denis;Créteil;24;93;Saint-Denis;93066;JEAN LURCAT;REP+;48.935717664980714;2.3798522365084533;48.935717664980714, 2.3798522365084533
2017;0931207G;Ile-de-France;11;Seine-Saint-Denis;Créteil;24;93;Epinay-sur-Seine;93031;EVARISTE GALOIS;REP;48.95057657431454;2.320167067619104;48.95057657431454, 2.320167067619104
2018;0931211L;Ile-de-France;11;Seine-Saint-Denis;Créteil;24;93;Montreuil;93048;MARAIS DE VILLIERS;REP;48.869498945464485;2.4337996250056544;48.869498945464485, 2.4337996250056544
2017;0931223Z;Ile-de-France;11;Seine-Saint-Denis;Créteil;24;93;Pierrefitte-sur-Seine;93059;GUSTAVE COURBET;REP;48.94917843236779;2.362944286139678;48.94917843236779, 2.362944286139678
2015;0931434D;Ile-de-France;11;Seine-Saint-Denis;Créteil;24;93;Aulnay-sous-Bois;93005;CLAUDE DEBUSSY;REP+;48.95245160148491;2.5106985688156387;48.95245160148491, 2.5106985688156387
2019;0931485J;Ile-de-France;11;Seine-Saint-Denis;Créteil;24;93;Neuilly-sur-Marne;93050;GEORGES BRAQUE;REP;48.86737808537872;2.538949647810004;48.86737808537872, 2.538949647810004
2015;0931489N;Ile-de-France;11;Seine-Saint-Denis;Créteil;24;93;Saint-Denis;93066;FEDERICO GARCIA LORCA;REP+;48.924394743649856;2.3727720012393645;48.924394743649856, 2.3727720012393645
2016;0932261C;Ile-de-France;11;Seine-Saint-Denis;Créteil;24;93;Saint-Ouen-sur-Seine;93070;JOSEPHINE BAKER;REP;48.90591208390695;2.337160701771719;48.90591208390695, 2.337160701771719
2018;0932582B;Ile-de-France;11;Seine-Saint-Denis;Créteil;24;93;Saint-Denis;93066;DORA MAAR;REP;48.920954294742565;2.3375613385256524;48.920954294742565, 2.3375613385256524
2016;0940791Z;Ile-de-France;11;Val-de-Marne;Créteil;24;94;Villeneuve-Saint-Georges;94078;PIERRE BROSSOLETTE;REP;48.73275912469773;2.4627014018769846;48.73275912469773, 2.4627014018769846
2015;0941024C;Ile-de-France;11;Val-de-Marne;Créteil;24;94;Maisons-Alfort;94046;JULES FERRY;REP;48.79246922741321;2.434551245936811;48.79246922741321, 2.434551245936811
2019;0941024C;Ile-de-France;11;Val-de-Marne;Créteil;24;94;Maisons-Alfort;94046;JULES FERRY;REP;48.79246922741321;2.434551245936811;48.79246922741321, 2.434551245936811
2015;0941296Y;Ile-de-France;11;Val-de-Marne;Créteil;24;94;Fontenay-sous-Bois;94033;JEAN MACE;REP;48.85627637106781;2.4810972403934977;48.85627637106781, 2.4810972403934977
2015;6200006M;Corse;94;Corse-du-Sud;Corse;27;2A;Ajaccio;2A004;ARTHUR GIOVONI;REP;41.94127253834111;8.74877474120482;41.94127253834111, 8.74877474120482
2019;7200013B;Corse;94;Haute-Corse;Corse;27;2B;Bastia;2B033;MONTESORO;REP;42.669559408298056;9.427441902808672;42.669559408298056, 9.427441902808672
2018;9710032H;Guadeloupe;01;Guadeloupe;Guadeloupe;32;971;Capesterre-de-Marie-Galante;97108;NELSON MANDELA;REP;15.893081147335705;-61.221971918068895;15.893081147335705, -61.221971918068895
2019;9710686U;Guadeloupe;01;Guadeloupe;Guadeloupe;32;971;Pointe-à-Pitre;97120;FRONT DE MER;REP;16.24906289422986;-61.544439820698265;16.24906289422986, -61.544439820698265
2015;9711181G;Guadeloupe;01;Guadeloupe;Guadeloupe;32;971;Sainte-Rose;97129;BOIS RADA;REP;16.28069078730079;-61.67041044710305;16.28069078730079, -61.67041044710305
2019;9720019N;Martinique;02;Martinique;Martinique;31;972;Le Robert;97222;PAUL SYMPHOR;REP;14.680112770684616;-60.93966513236273;14.680112770684616, -60.93966513236273
2016;9720848P;Martinique;02;Martinique;Martinique;31;972;Le Lamentin;97213;PLACES D'ARMES 2;REP;14.617036458785629;-60.98841969342703;14.617036458785629, -60.98841969342703
2016;9730130D;Guyane;03;Guyane;Guyane;33;973;Cayenne;97302;EUGENE NONNON;REP+;4.941171010885664;-52.33147172089146;4.941171010885664, -52.33147172089146
2016;9730206L;Guyane;03;Guyane;Guyane;33;973;Macouria;97305;JUST HYASINE;REP+;5.013046629746198;-52.478160569505384;5.013046629746198, -52.478160569505384
2019;9730206L;Guyane;03;Guyane;Guyane;33;973;Macouria;97305;JUST HYASINE;REP+;5.013046629746198;-52.478160569505384;5.013046629746198, -52.478160569505384
2018;9730306V;Guyane;03;Guyane;Guyane;33;973;Kourou;97304;OMEBA TOBO;REP+;5.174062908158315;-52.65128999571834;5.174062908158315, -52.65128999571834
2017;9740018B;La Réunion;04;La Réunion;La Réunion;28;974;Saint-Leu;97413;CHALOUPE ST LEU;REP;-21.15181438318516;55.31992353682122;-21.15181438318516, 55.31992353682122
2016;9740039Z;La Réunion;04;La Réunion;La Réunion;28;974;Saint-Paul;97415;ALBERT LOUGNON;REP+;-21.039972700539806;55.295941421056895;-21.039972700539806, 55.295941421056895
2018;9740069G;La Réunion;04;La Réunion;La Réunion;28;974;Saint-Paul;97415;L'ETANG SAINT PAUL;REP;-20.9816255458479;55.28470714701823;-20.9816255458479, 55.28470714701823
2019;9740091F;La Réunion;04;La Réunion;La Réunion;28;974;Saint-Louis;97414;LECONTE DE LISLE;REP;-21.275000874479407;55.41419252968509;-21.275000874479407, 55.41419252968509
2019;9740576H;La Réunion;04;La Réunion;La Réunion;28;974;Saint-Pierre;97416;LES TAMARINS;REP+;-21.337413045429642;55.476615280343914;-21.337413045429642, 55.476615280343914
2015;9740595D;La Réunion;04;La Réunion;La Réunion;28;974;Saint-Denis;97411;JULES REYDELLET;REP;-20.88392513635319;55.446760225596364;-20.88392513635319, 55.446760225596364
2016;9740595D;La Réunion;04;La Réunion;La Réunion;28;974;Saint-Denis;97411;JULES REYDELLET;REP;-20.88392513635319;55.446760225596364;-20.88392513635319, 55.446760225596364
2016;9740734E;La Réunion;04;La Réunion;La Réunion;28;974;Saint-Denis;97411;FRANCOIS MAHE DE LA BOURDONNAIS;REP+;-20.88769017403551;55.496469583598;-20.88769017403551, 55.496469583598
2018;9740812P;La Réunion;04;La Réunion;La Réunion;28;974;Le Port;97407;L'OASIS;REP+;-20.94261322516108;55.29947470015649;-20.94261322516108, 55.29947470015649
2019;9741045T;La Réunion;04;La Réunion;La Réunion;28;974;Le Port;97407;TITAN;REP+;-20.942751622332008;55.29099837265944;-20.942751622332008, 55.29099837265944
2015;9741313J;La Réunion;04;La Réunion;La Réunion;28;974;Le Port;97407;JEAN LE TOULLEC;REP+;-20.94883740406977;55.30661891580256;-20.94883740406977, 55.30661891580256
2017;9760167C;Mayotte;06;Mayotte;Mayotte;43;976;M'Tsangamouji;97613;DE M'TSANGAMOUJI;REP;-12.756112058114848;45.08110731877994;-12.756112058114848, 45.08110731877994
2017;0755095F;Ile-de-France;11;Paris;Paris;01;75;Paris 19e  Arrondissement;75119;EDGAR VARESE;REP;48.88896297617971;2.3886108311627616;48.88896297617971, 2.3886108311627616
2015;0451070U;Centre-Val de Loire;24;Loiret;Orléans-Tours;18;45;Orléans;45234;MONTESQUIEU;REP;47.833157346585494;1.9364235104271923;47.833157346585494, 1.9364235104271923
2019;0931148T;Ile-de-France;11;Seine-Saint-Denis;Créteil;24;93;La Courneuve;93027;GEORGES POLITZER;REP+;48.93077703057477;2.3994601504794164;48.93077703057477, 2.3994601504794164
2016;0931195U;Ile-de-France;11;Seine-Saint-Denis;Créteil;24;93;Bobigny;93008;AUGUSTE DELAUNE;REP;48.9080996768158;2.4625423058013696;48.9080996768158, 2.4625423058013696
2017;0932310F;Ile-de-France;11;Seine-Saint-Denis;Créteil;24;93;Aulnay-sous-Bois;93005;CHRISTINE DE PISAN;REP;48.94775691453297;2.494528421283935;48.94775691453297, 2.494528421283935
2019;0780116C;Ile-de-France;11;Yvelines;Versailles;25;78;Mantes-la-Ville;78362;LES PLAISANCES;REP;48.97415040739862;1.7051621368163097;48.97415040739862, 1.7051621368163097
2016;0780187E;Ile-de-France;11;Yvelines;Versailles;25;78;Trappes;78621;YOURI GAGARINE;REP+;48.774574980095814;1.9800850051779413;48.774574980095814, 1.9800850051779413
2017;0780514K;Ile-de-France;11;Yvelines;Versailles;25;78;Trappes;78621;LE VILLAGE;REP;48.7809686921288;1.9960568403721615;48.7809686921288, 1.9960568403721615
2019;0781618K;Ile-de-France;11;Yvelines;Versailles;25;78;Trappes;78621;GUSTAVE COURBET;REP;48.78494668361262;1.978197191007046;48.78494668361262, 1.978197191007046
2016;0781914G;Ile-de-France;11;Yvelines;Versailles;25;78;Les Mureaux;78440;JEAN VILAR;REP;48.977616854721;1.9086280969083045;48.977616854721, 1.9086280969083045
2018;0781914G;Ile-de-France;11;Yvelines;Versailles;25;78;Les Mureaux;78440;JEAN VILAR;REP;48.977616854721;1.9086280969083045;48.977616854721, 1.9086280969083045
2016;0781955B;Ile-de-France;11;Yvelines;Versailles;25;78;Mantes-la-Jolie;78361;DE GASSICOURT;REP+;49.00177548517439;1.7006107724653186;49.00177548517439, 1.7006107724653186
2017;0911253T;Ile-de-France;11;Essonne;Versailles;25;91;Grigny;91286;PABLO NERUDA;REP+;48.653377607820595;2.391128043160554;48.653377607820595, 2.391128043160554
2016;0911729K;Ile-de-France;11;Essonne;Versailles;25;91;Evry-Courcouronnes;91228;LES PYRAMIDES;REP+;48.63442827843204;2.431692112699378;48.63442827843204, 2.431692112699378
2019;0920854D;Ile-de-France;11;Hauts-de-Seine;Versailles;25;92;Clamart;92023;DES PETITS PONTS;REP;48.78768947706803;2.2515796941126833;48.78768947706803, 2.2515796941126833
2018;0920882J;Ile-de-France;11;Hauts-de-Seine;Versailles;25;92;Nanterre;92050;VICTOR HUGO;REP;48.893382558312744;2.204628484701878;48.893382558312744, 2.204628484701878
2017;0921394R;Ile-de-France;11;Hauts-de-Seine;Versailles;25;92;Nanterre;92050;ANDRE DOUCET;REP;48.89967802721201;2.196295965382897;48.89967802721201, 2.196295965382897
2018;0950023J;Ile-de-France;11;Val-d'Oise;Versailles;25;95;Garges-lès-Gonesse;95268;HENRI WALLON;REP+;48.967648082901526;2.399471302782061;48.967648082901526, 2.399471302782061
2018;0950039B;Ile-de-France;11;Val-d'Oise;Versailles;25;95;Saint-Ouen-l'Aumône;95572;LE PARC;REP;49.0404350389989;2.1111767643498416;49.0404350389989, 2.1111767643498416
2018;0950885W;Ile-de-France;11;Val-d'Oise;Versailles;25;95;Argenteuil;95018;IRENE JOLIOT-CURIE;REP;48.95734582673471;2.281378046591629;48.95734582673471, 2.281378046591629
2015;0950887Y;Ile-de-France;11;Val-d'Oise;Versailles;25;95;Bezons;95063;GABRIEL PERI;REP;48.930469763305666;2.206134767896357;48.930469763305666, 2.206134767896357
2016;0950887Y;Ile-de-France;11;Val-d'Oise;Versailles;25;95;Bezons;95063;GABRIEL PERI;REP;48.930469763305666;2.206134767896357;48.930469763305666, 2.206134767896357
2015;0951195H;Ile-de-France;11;Val-d'Oise;Versailles;25;95;Saint-Ouen-l'Aumône;95572;MARCEL PAGNOL;REP;49.03412711777583;2.1148501733564222;49.03412711777583, 2.1148501733564222
2017;0951356H;Ile-de-France;11;Val-d'Oise;Versailles;25;95;Argenteuil;95018;LUCIE AUBRAC;REP;48.95359895553779;2.230860343204731;48.95359895553779, 2.230860343204731
2017;0951697D;Ile-de-France;11;Val-d'Oise;Versailles;25;95;Cergy;95127;MOULIN A VENT;REP;49.04770944853642;2.016635619754739;49.04770944853642, 2.016635619754739
2019;0951920W;Ile-de-France;11;Val-d'Oise;Versailles;25;95;Gonesse;95277;FRANCOIS TRUFFAUT;REP;49.00527237047365;2.4240806717234;49.00527237047365, 2.4240806717234
2018;0952036X;Ile-de-France;11;Val-d'Oise;Versailles;25;95;Garges-lès-Gonesse;95268;HENRI MATISSE;REP;48.96593088472408;2.406593247759822;48.96593088472408, 2.406593247759822
2017;0952128X;Ile-de-France;11;Val-d'Oise;Versailles;25;95;Goussainville;95280;GEORGES CHARPAK;REP;49.02579621586045;2.4599239966924262;49.02579621586045, 2.4599239966924262
2019;0141553M;Normandie;28;Calvados;Caen;05;14;Fleury-sur-Orne;14271;STEPHEN HAWKING;REP+;49.15728610302962;-0.36023049666148743;49.15728610302962, -0.36023049666148743
2016;0240106K;Nouvelle-Aquitaine;75;Dordogne;Bordeaux;04;24;Vélines;24568;OLYMPE DE GOUGES;REP;44.857853807262;0.1095966002992184;44.857853807262, 0.1095966002992184
2016;0470677F;Nouvelle-Aquitaine;75;Lot-et-Garonne;Bordeaux;04;47;Agen;47001;DUCOS DU HAURON;REP;44.19488758933929;0.6313271079898402;44.19488758933929, 0.6313271079898402
2018;0501205N;Normandie;28;Manche;Caen;05;50;Cherbourg-en-Cotentin;50129;LES PROVINCES;REP+;49.62796998464379;-1.6298799572344473;49.62796998464379, -1.6298799572344473
2016;0900351T;Bourgogne-Franche-Comté;27;Territoire de Belfort;Besançon;03;90;Belfort;90010;SIMONE SIGNORET;REP+;47.629669561919656;6.839525517577093;47.629669561919656, 6.839525517577093
2015;0590002G;Hauts-de-France;32;Nord;Lille;09;59;Aniche;59008;THEODORE MONOD;REP;50.33142704002752;3.2463491444158867;50.33142704002752, 3.2463491444158867
2018;0590002G;Hauts-de-France;32;Nord;Lille;09;59;Aniche;59008;THEODORE MONOD;REP;50.33142704002752;3.2463491444158867;50.33142704002752, 3.2463491444158867
2018;0590006L;Hauts-de-France;32;Nord;Lille;09;59;Anzin;59014;JULES FERRY;REP;50.3735744949741;3.5049390523421833;50.3735744949741, 3.5049390523421833
2015;0590050J;Hauts-de-France;32;Nord;Lille;09;59;Condé-sur-l'Escaut;59153;JOSQUIN DES PRES;REP+;50.4584602905091;3.585310527359675;50.4584602905091, 3.585310527359675
2019;0590062X;Hauts-de-France;32;Nord;Lille;09;59;Denain;59172;VILLARS;REP;50.32275987292504;3.3952967071287046;50.32275987292504, 3.3952967071287046
2015;0590109Y;Hauts-de-France;32;Nord;Lille;09;59;Jeumont;59324;EUGENE THOMAS;REP+;50.29315952895427;4.105945528043302;50.29315952895427, 4.105945528043302
2017;0590109Y;Hauts-de-France;32;Nord;Lille;09;59;Jeumont;59324;EUGENE THOMAS;REP+;50.29315952895427;4.105945528043302;50.29315952895427, 4.105945528043302
2015;0590157A;Hauts-de-France;32;Nord;Lille;09;59;Onnaing;59447;SAINT EXUPERY;REP;50.38314539443764;3.5828661629108627;50.38314539443764, 3.5828661629108627
2015;0590190L;Hauts-de-France;32;Nord;Lille;09;59;Roubaix;59512;JEAN-BAPTISTE LEBAS;REP+;50.6810181463498;3.18306554680389;50.6810181463498, 3.18306554680389
2015;0590200X;Hauts-de-France;32;Nord;Lille;09;59;Dunkerque;59183;ROBESPIERRE;REP;51.03061091688823;2.3519859453729675;51.03061091688823, 2.3519859453729675
2016;0593660H;Hauts-de-France;32;Nord;Lille;09;59;Loos;59360;RENE DESCARTES;REP+;50.60889499377326;3.0067147312333664;50.60889499377326, 3.0067147312333664
2018;0593663L;Hauts-de-France;32;Nord;Lille;09;59;Dunkerque;59183;JEAN DECONINCK;REP;51.0282280665178;2.3315574002208934;51.0282280665178, 2.3315574002208934
2015;0593680E;Hauts-de-France;32;Nord;Lille;09;59;Valenciennes;59606;CHASSE ROYALE;REP+;50.355747136749194;3.5038220362532377;50.355747136749194, 3.5038220362532377
2014;0594300D;Hauts-de-France;32;Nord;Lille;09;59;Denain;59172;BAYARD;REP+;50.336086715358014;3.3829331787295605;50.336086715358014, 3.3829331787295605
2019;0594301E;Hauts-de-France;32;Nord;Lille;09;59;Beuvrages;59079;PAUL ELUARD;REP+;50.38544699303679;3.500883268037926;50.38544699303679, 3.500883268037926
2017;0594409X;Hauts-de-France;32;Nord;Lille;09;59;Escautpont;59207;JEAN ZAY;REP;50.4207805664941;3.5518413509651863;50.4207805664941, 3.5518413509651863
2018;0595190W;Hauts-de-France;32;Nord;Lille;09;59;Douai;59178;GAYANT;REP+;50.40191279357779;3.1245508692857875;50.40191279357779, 3.1245508692857875
2015;0620021L;Hauts-de-France;32;Pas-de-Calais;Lille;09;62;Auchel;62048;SEVIGNE;REP;50.506572780566515;2.464543788933794;50.506572780566515, 2.464543788933794
2016;0620096T;Hauts-de-France;32;Pas-de-Calais;Lille;09;62;Hénin-Beaumont;62427;JEAN MACE;REP;50.41155165553044;2.938790907188865;50.41155165553044, 2.938790907188865
2016;0620119T;Hauts-de-France;32;Pas-de-Calais;Lille;09;62;Liévin;62510;PIERRE ET MARIE CURIE;REP;50.43556699877441;2.7557522451170158;50.43556699877441, 2.7557522451170158
2018;0620170Y;Hauts-de-France;32;Pas-de-Calais;Lille;09;62;Sallaumines;62771;PAUL LANGEVIN;REP+;50.41331768115844;2.862966576074494;50.41331768115844, 2.862966576074494
2017;0622094P;Hauts-de-France;32;Pas-de-Calais;Lille;09;62;Aire-sur-la-Lys;62014;JEAN JAURES;REP;50.635453031824476;2.400608035658177;50.635453031824476, 2.400608035658177
2017;0622239X;Hauts-de-France;32;Pas-de-Calais;Lille;09;62;Libercourt;62907;JEAN DE SAINT AUBERT;REP;50.48105884300051;3.01635525630253;50.48105884300051, 3.01635525630253
2019;0622239X;Hauts-de-France;32;Pas-de-Calais;Lille;09;62;Libercourt;62907;JEAN DE SAINT AUBERT;REP;50.48105884300051;3.01635525630253;50.48105884300051, 3.01635525630253
2015;0622262X;Hauts-de-France;32;Pas-de-Calais;Lille;09;62;Méricourt;62570;HENRI WALLON;REP;50.41020311008424;2.8770975805740813;50.41020311008424, 2.8770975805740813
2016;0622418S;Hauts-de-France;32;Pas-de-Calais;Lille;09;62;Lens;62498;JEAN ZAY;REP+;50.44273592458521;2.823896277002616;50.44273592458521, 2.823896277002616
2019;0623918X;Hauts-de-France;32;Pas-de-Calais;Lille;09;62;Calais;62193;MARTIN LUTHER KING;REP+;50.95239038150301;1.8800993924364584;50.95239038150301, 1.8800993924364584
2015;9740044E;La Réunion;04;La Réunion;La Réunion;28;974;Sainte-Rose;97419;THERESIEN CADET;REP;-21.154185427843114;55.82577402680936;-21.154185427843114, 55.82577402680936
2015;0511470W;Grand Est;44;Marne;Reims;19;51;Reims;51454;MARYSE BASTIE;REP;49.269844606696644;4.044868054804895;49.269844606696644, 4.044868054804895
2015;0301010K;Occitanie;76;Gard;Montpellier;11;30;Nîmes;30189;ADA LOVELACE (JULES VALLES);REP+;43.85767754358467;4.394937901878512;43.85767754358467, 4.394937901878512
2014;0800019L;Hauts-de-France;32;Somme;Amiens;20;80;Amiens;80021;CESAR FRANCK;REP+;49.91195538606679;2.3106435053940633;49.91195538606679, 2.3106435053940633
2015;0801512J;Hauts-de-France;32;Somme;Amiens;20;80;Abbeville;80001;DE PONTHIEU;REP;50.095585202207566;1.8521552140032465;50.095585202207566, 1.8521552140032465
2015;0020072T;Hauts-de-France;32;Aisne;Amiens;20;02;Wassigny;02830;SIMONE VEIL;REP;50.014243097704416;3.5989289862862623;50.014243097704416, 3.5989289862862623
2016;0080826E;Grand Est;44;Ardennes;Reims;19;08;Sedan;08409;LE LAC;REP+;49.69429900317458;4.939797645024404;49.69429900317458, 4.939797645024404
2018;0100905E;Grand Est;44;Aube;Reims;19;10;Romilly-sur-Seine;10323;LE NOYER MARCHAND;REP;48.51832691494622;3.7193732390527847;48.51832691494622, 3.7193732390527847
2017;0110672W;Occitanie;76;Aude;Montpellier;11;11;Carcassonne;11069;JULES VERNE;REP;43.2174450866157;2.3515949040043846;43.2174450866157, 2.3515949040043846
2019;0131260Z;Provence-Alpes-Côte d'Azur;93;Bouches-du-Rhône;Aix-Marseille;02;13;Marseille 13e  Arrondissement;13213;EDMOND ROSTAND;REP+;43.3285229352973;5.408321004299624;43.3285229352973, 5.408321004299624
2017;0131703F;Provence-Alpes-Côte d'Azur;93;Bouches-du-Rhône;Aix-Marseille;02;13;Marseille 14e  Arrondissement;13214;EDOUARD MANET;REP+;43.33336908225192;5.399634040443975;43.33336908225192, 5.399634040443975
2019;0132322D;Provence-Alpes-Côte d'Azur;93;Bouches-du-Rhône;Aix-Marseille;02;13;Port-de-Bouc;13077;PAUL ELUARD;REP;43.41282157756637;4.992829441665292;43.41282157756637, 4.992829441665292
2017;0132491M;Provence-Alpes-Côte d'Azur;93;Bouches-du-Rhône;Aix-Marseille;02;13;Marseille 14e  Arrondissement;13214;ALEXANDRE DUMAS;REP+;43.31616262550515;5.3922963354630875;43.31616262550515, 5.3922963354630875
2017;0160100X;Nouvelle-Aquitaine;75;Charente;Poitiers;13;16;Soyaux;16374;ROMAIN ROLLAND;REP+;45.64885648253459;0.19017191749505458;45.64885648253459, 0.19017191749505458
2017;0250003T;Bourgogne-Franche-Comté;27;Doubs;Besançon;03;25;Audincourt;25031;JEAN BAUHIN;REP;47.47951273663528;6.849091552013118;47.47951273663528, 6.849091552013118
2018;0251599C;Bourgogne-Franche-Comté;27;Doubs;Besançon;03;25;Valentigney;25580;LES BRUYERES;REP;47.45420213424987;6.829897618916385;47.45420213424987, 6.829897618916385
2015;0260117L;Auvergne-Rhône-Alpes;84;Drôme;Grenoble;08;26;Valence;26362;PAUL VALERY;REP;44.92851244891291;4.896083838100739;44.92851244891291, 4.896083838100739
2015;0260978X;Auvergne-Rhône-Alpes;84;Drôme;Grenoble;08;26;Valence;26362;MARCEL PAGNOL;REP;44.94406935795195;4.924562529719764;44.94406935795195, 4.924562529719764
2015;0261090U;Auvergne-Rhône-Alpes;84;Drôme;Grenoble;08;26;Pierrelatte;26235;GUSTAVE JAUME;REP+;44.3820804565962;4.6985566619672126;44.3820804565962, 4.6985566619672126
2017;0261090U;Auvergne-Rhône-Alpes;84;Drôme;Grenoble;08;26;Pierrelatte;26235;GUSTAVE JAUME;REP+;44.3820804565962;4.6985566619672126;44.3820804565962, 4.6985566619672126
2018;0421176A;Auvergne-Rhône-Alpes;84;Loire;Lyon;10;42;Saint-Etienne;42218;JULES VALLES;REP+;45.44597670092138;4.400361676846748;45.44597670092138, 4.400361676846748
2018;0500053L;Normandie;28;Manche;Caen;05;50;Périers;50394;LE FAIRAGE;REP;49.18425879565588;-1.4037451208714196;49.18425879565588, -1.4037451208714196
2017;0511251H;Grand Est;44;Marne;Reims;19;51;Reims;51454;JOLIOT-CURIE;REP+;49.23189441163439;4.005971883053289;49.23189441163439, 4.005971883053289
2015;0541468C;Grand Est;44;Meurthe-et-Moselle;Nancy-Metz;12;54;Nancy;54395;CLAUDE LE LORRAIN;REP+;48.69931608743069;6.146617429214828;48.69931608743069, 6.146617429214828
2015;0541817G;Grand Est;44;Meurthe-et-Moselle;Nancy-Metz;12;54;Jarville-la-Malgrange;54274;ALBERT CAMUS;REP;48.67584250742665;6.201198042197508;48.67584250742665, 6.201198042197508
2017;0572017H;Grand Est;44;Moselle;Nancy-Metz;12;57;Moyeuvre-Grande;57491;JEAN BURGER;REP;49.25361348386031;6.031542222732361;49.25361348386031, 6.031542222732361
2015;0572493A;Grand Est;44;Moselle;Nancy-Metz;12;57;Petite-Rosselle;57537;LOUIS ARMAND;REP;49.20993548164225;6.850061765488757;49.20993548164225, 6.850061765488757
2018;0580542Z;Bourgogne-Franche-Comté;27;Nièvre;Dijon;07;58;Nevers;58194;LES LOGES;REP;46.98487234735318;3.1325588706878866;46.98487234735318, 3.1325588706878866
2019;0580542Z;Bourgogne-Franche-Comté;27;Nièvre;Dijon;07;58;Nevers;58194;LES LOGES;REP;46.98487234735318;3.1325588706878866;46.98487234735318, 3.1325588706878866
2018;0580669M;Bourgogne-Franche-Comté;27;Nièvre;Dijon;07;58;Cosne-Cours-sur-Loire;58086;CLAUDE TILLIER;REP;47.40310380238856;2.923030447789512;47.40310380238856, 2.923030447789512
2018;0601718S;Hauts-de-France;32;Oise;Amiens;20;60;Méru;60395;PIERRE MENDES FRANCE;REP;49.23013888034001;2.1407553941368223;49.23013888034001, 2.1407553941368223
2016;0692578C;Auvergne-Rhône-Alpes;84;Rhône;Lyon;10;69;Lyon 7e  Arrondissement;69387;GABRIEL ROSSET;REP;45.72973324798414;4.840099666064277;45.72973324798414, 4.840099666064277
2019;0691479H;Auvergne-Rhône-Alpes;84;Rhône;Lyon;10;69;Bron;69029;JOLIOT CURIE;REP;45.74776194194042;4.913878997099337;45.74776194194042, 4.913878997099337
2017;0131701D;Provence-Alpes-Côte d'Azur;93;Bouches-du-Rhône;Aix-Marseille;02;13;Gardanne;13041;GABRIEL PERI;REP;43.453259711214656;5.470128580643114;43.453259711214656, 5.470128580643114
2018;0131885D;Provence-Alpes-Côte d'Azur;93;Bouches-du-Rhône;Aix-Marseille;02;13;Marseille 15e  Arrondissement;13215;VALLON DES PINS;REP+;43.371399994209604;5.365884347481156;43.371399994209604, 5.365884347481156
2015;0301098F;Occitanie;76;Gard;Montpellier;11;30;Nîmes;30189;LES OLIVIERS;REP;43.83392478371075;4.384733350512415;43.83392478371075, 4.384733350512415
2014;0340996Y;Occitanie;76;Hérault;Montpellier;11;34;Montpellier;34172;LES ESCHOLIERS DE LA MOSSON;REP+;43.63373903555031;3.821653282796258;43.63373903555031, 3.821653282796258
2018;0340996Y;Occitanie;76;Hérault;Montpellier;11;34;Montpellier;34172;LES ESCHOLIERS DE LA MOSSON;REP+;43.63373903555031;3.821653282796258;43.63373903555031, 3.821653282796258
2018;0341278E;Occitanie;76;Hérault;Montpellier;11;34;Montpellier;34172;ARTHUR RIMBAUD;REP+;43.616677004255614;3.821586015380678;43.616677004255614, 3.821586015380678
2019;0380013H;Auvergne-Rhône-Alpes;84;Isère;Grenoble;08;38;Le Pont-de-Claix;38317;NELSON MANDELA;REP;45.132686918601145;5.697140547137221;45.132686918601145, 5.697140547137221
2019;0382174G;Auvergne-Rhône-Alpes;84;Isère;Grenoble;08;38;Bourgoin-Jallieu;38053;SALVADOR ALLENDE;REP;45.611604364730724;5.265984096286077;45.611604364730724, 5.265984096286077
2019;0390924T;Bourgogne-Franche-Comté;27;Jura;Besançon;03;39;Saint-Claude;39478;PRE SAINT SAUVEUR;REP;46.37940063688339;5.868673132601631;46.37940063688339, 5.868673132601631
2015;0510044W;Grand Est;44;Marne;Reims;19;51;Reims;51454;COLBERT;REP+;49.28297612839761;4.021845641172637;49.28297612839761, 4.021845641172637
2019;0530484N;Pays de la Loire;52;Mayenne;Nantes;17;53;Laval;53130;ALAIN GERBAULT;REP+;48.06138756076098;-0.7481131760913879;48.06138756076098, -0.7481131760913879
2019;0541327Z;Grand Est;44;Meurthe-et-Moselle;Nancy-Metz;12;54;Nancy;54395;JEAN LAMOUR;REP+;48.703697017892615;6.163292244737513;48.703697017892615, 6.163292244737513
2019;0570127D;Grand Est;44;Moselle;Nancy-Metz;12;57;Metz;57463;LES HAUTS DE BLEMONT;REP+;49.118425454510806;6.227211852188134;49.118425454510806, 6.227211852188134
2017;0580669M;Bourgogne-Franche-Comté;27;Nièvre;Dijon;07;58;Cosne-Cours-sur-Loire;58086;CLAUDE TILLIER;REP;47.40310380238856;2.923030447789512;47.40310380238856, 2.923030447789512
2016;0601190T;Hauts-de-France;32;Oise;Amiens;20;60;Beauvais;60057;CHARLES FAUQUEUX;REP+;49.41636223062097;2.080824472473269;49.41636223062097, 2.080824472473269
2018;0640227Z;Nouvelle-Aquitaine;75;Pyrénées-Atlantiques;Bordeaux;04;64;Pau;64445;JEANNE D ALBRET;REP;43.30142820681462;-0.34301325336439786;43.30142820681462, -0.34301325336439786
2015;0641561Z;Nouvelle-Aquitaine;75;Pyrénées-Atlantiques;Bordeaux;04;64;Mourenx;64410;PIERRE BOURDIEU;REP;43.36890116586861;-0.6250192934871972;43.36890116586861, -0.6250192934871972
2017;0670065G;Grand Est;44;Bas-Rhin;Strasbourg;15;67;Schiltigheim;67447;LECLERC;REP;48.60901321848323;7.731105515288078;48.60901321848323, 7.731105515288078
2015;0681395X;Grand Est;44;Haut-Rhin;Strasbourg;15;68;Mulhouse;68224;FRANCOIS VILLON;REP+;47.7515702700849;7.311868560445728;47.7515702700849, 7.311868560445728
2016;0681395X;Grand Est;44;Haut-Rhin;Strasbourg;15;68;Mulhouse;68224;FRANCOIS VILLON;REP+;47.7515702700849;7.311868560445728;47.7515702700849, 7.311868560445728
2019;0931184G;Ile-de-France;11;Seine-Saint-Denis;Créteil;24;93;Aubervilliers;93001;JEAN MOULIN;REP+;48.90794499425185;2.3914765741031716;48.90794499425185, 2.3914765741031716
2017;0931188L;Ile-de-France;11;Seine-Saint-Denis;Créteil;24;93;La Courneuve;93027;RAYMOND POINCARE;REP+;48.929472614370944;2.391703841222832;48.929472614370944, 2.391703841222832
2017;0931212M;Ile-de-France;11;Seine-Saint-Denis;Créteil;24;93;Montreuil;93048;LENAIN DE TILLEMONT;REP+;48.85917027211287;2.4619157796059175;48.85917027211287, 2.4619157796059175
2015;0931225B;Ile-de-France;11;Seine-Saint-Denis;Créteil;24;93;Stains;93072;JOLIOT CURIE;REP+;48.9565325903814;2.3853256347000116;48.9565325903814, 2.3853256347000116
2016;0931226C;Ile-de-France;11;Seine-Saint-Denis;Créteil;24;93;Stains;93072;PABLO NERUDA;REP;48.96339796596268;2.389629814254687;48.96339796596268, 2.389629814254687
2019;0931434D;Ile-de-France;11;Seine-Saint-Denis;Créteil;24;93;Aulnay-sous-Bois;93005;CLAUDE DEBUSSY;REP+;48.95245160148491;2.5106985688156387;48.95245160148491, 2.5106985688156387
2018;0941602F;Ile-de-France;11;Val-de-Marne;Créteil;24;94;Villeneuve-le-Roi;94077;GEORGES BRASSENS;REP;48.73010482366989;2.4276668637645056;48.73010482366989, 2.4276668637645056
2016;0941781A;Ile-de-France;11;Val-de-Marne;Créteil;24;94;Ivry-sur-Seine;94041;HENRI WALLON;REP;48.814930528118204;2.3808189133454682;48.814930528118204, 2.3808189133454682
2015;6200084X;Corse;94;Corse-du-Sud;Corse;27;2A;Ajaccio;2A004;DU STILETTU (LES PADULE);REP;41.935690374984034;8.738529098703887;41.935690374984034, 8.738529098703887
2017;9710032H;Guadeloupe;01;Guadeloupe;Guadeloupe;32;971;Capesterre-de-Marie-Galante;97108;NELSON MANDELA;REP;15.893081147335705;-61.221971918068895;15.893081147335705, -61.221971918068895
2018;9710041T;Guadeloupe;01;Guadeloupe;Guadeloupe;32;971;Baillif;97104;JEAN JAURES ( JEAN JAURES);REP+;16.01802026178037;-61.7440780236232;16.01802026178037, -61.7440780236232
2018;9720708M;Martinique;02;Martinique;Martinique;31;972;Fort-de-France;97209;DILLON 2;REP+;14.608342177998733;-61.04299157210716;14.608342177998733, -61.04299157210716
2015;9720861D;Martinique;02;Martinique;Martinique;31;972;Le Robert;97222;PONTALERY (CLG ROBERT 3);REP;14.670036478971713;-60.94447582026197;14.670036478971713, -60.94447582026197
2019;9720861D;Martinique;02;Martinique;Martinique;31;972;Le Robert;97222;PONTALERY (CLG ROBERT 3);REP;14.670036478971713;-60.94447582026197;14.670036478971713, -60.94447582026197
2018;9730374U;Guyane;03;Guyane;Guyane;33;973;Macouria;97305;ANTOINE SYLVERE FELIX;REP+;4.927894589065533;-52.41104460419332;4.927894589065533, -52.41104460419332
2019;9730380A;Guyane;03;Guyane;Guyane;33;973;Grand-Santi;97357;ACHMAT KARTADINAMA;REP+;4.276021244993842;-54.38202331288551;4.276021244993842, -54.38202331288551
2019;9740039Z;La Réunion;04;La Réunion;La Réunion;28;974;Saint-Paul;97415;ALBERT LOUGNON;REP+;-21.039972700539806;55.295941421056895;-21.039972700539806, 55.295941421056895
2018;9740091F;La Réunion;04;La Réunion;La Réunion;28;974;Saint-Louis;97414;LECONTE DE LISLE;REP;-21.275000874479407;55.41419252968509;-21.275000874479407, 55.41419252968509
2019;9740574F;La Réunion;04;La Réunion;La Réunion;28;974;Saint-Pierre;97416;PAUL HERMANN;REP+;-21.334278368093653;55.46804203609736;-21.334278368093653, 55.46804203609736
2015;9740734E;La Réunion;04;La Réunion;La Réunion;28;974;Saint-Denis;97411;FRANCOIS MAHE DE LA BOURDONNAIS;REP+;-20.88769017403551;55.496469583598;-20.88769017403551, 55.496469583598
2019;9760008E;Mayotte;06;Mayotte;Mayotte;43;976;Dzaoudzi;97608;DE BOUENI M TITI;REP;-12.782772969928365;45.2797283642667;-12.782772969928365, 45.2797283642667
2016;9760179R;Mayotte;06;Mayotte;Mayotte;43;976;Bandrele;97603;DE BANDRELE;REP+;-12.908713306912244;45.19442566535277;-12.908713306912244, 45.19442566535277
2019;9760183V;Mayotte;06;Mayotte;Mayotte;43;976;Pamandzi;97615;ZENA M'DERE;REP;-12.79754060161789;45.28237155675771;-12.79754060161789, 45.28237155675771
2017;9760245M;Mayotte;06;Mayotte;Mayotte;43;976;Dembeni;97607;ZAKIA MADI;REP+;-12.836721398736229;45.181504382551516;-12.836721398736229, 45.181504382551516
2019;9760371Z;Mayotte;06;Mayotte;Mayotte;43;976;Ouangani;97614;OUANGANI;REP+;-12.83862464732454;45.13189527876748;-12.83862464732454, 45.13189527876748
2015;9840022B;TOM et Collectivités territoriales;00;Polynésie Française;Polynésie Française;41;987;Papara;98734;DE PAPARA;REP+;;;
2017;9840401N;TOM et Collectivités territoriales;00;Polynésie Française;Polynésie Française;41;987;Makemo;98726;DE MAKEMO;REP+;;;
2019;0690060R;Auvergne-Rhône-Alpes;84;Rhône;Lyon;10;69;Lyon 8e  Arrondissement;69388;JEAN MERMOZ;REP;45.73378594834498;4.8888263301992625;45.73378594834498, 4.8888263301992625
2019;0690094C;Auvergne-Rhône-Alpes;84;Rhône;Lyon;10;69;Vénissieux;69259;JULES MICHELET;REP+;45.688818406807236;4.872191381653365;45.688818406807236, 4.872191381653365
2015;0691669P;Auvergne-Rhône-Alpes;84;Rhône;Lyon;10;69;Lyon 8e  Arrondissement;69388;VICTOR GRIGNARD;REP;45.72483542490782;4.882624068636099;45.72483542490782, 4.882624068636099
2019;0691799F;Auvergne-Rhône-Alpes;84;Rhône;Lyon;10;69;Vénissieux;69259;LOUIS ARAGON;REP;45.69239330968191;4.888603394298302;45.69239330968191, 4.888603394298302
2016;0692342W;Auvergne-Rhône-Alpes;84;Rhône;Lyon;10;69;Saint-Fons;69199;ALAIN;REP+;45.69680951743064;4.856310939159173;45.69680951743064, 4.856310939159173
2015;9730110G;Guyane;03;Guyane;Guyane;33;973;Saint-Laurent-du-Maroni;97311;EUGENIE TELL-EBOUE;REP+;5.503966415464399;-54.027881321610295;5.503966415464399, -54.027881321610295
2015;0160864C;Nouvelle-Aquitaine;75;Charente;Poitiers;13;16;Cognac;16102;CLAUDE BOUCHER;REP;45.69170031539395;-0.34876048375285473;45.69170031539395, -0.34876048375285473
2015;0311235Z;Occitanie;76;Haute-Garonne;Toulouse;16;31;Toulouse;31555;BELLEFONTAINE;REP+;43.56031402741889;1.4021262906947893;43.56031402741889, 1.4021262906947893
2015;0790945Y;Nouvelle-Aquitaine;75;Deux-Sèvres;Poitiers;13;79;Cerizay;79062;GEORGES CLEMENCEAU;REP;46.81983598618948;-0.6741750322097302;46.81983598618948, -0.6741750322097302
2018;0622424Y;Hauts-de-France;32;Pas-de-Calais;Lille;09;62;Grenay;62386;LANGEVIN-WALLON;REP+;50.45108257460581;2.7378299038530858;50.45108257460581, 2.7378299038530858
2017;0350734H;Bretagne;53;Ille-et-Vilaine;Rennes;14;35;Rennes;35238;LES CHALAIS;REP;48.08503447256464;-1.6798232557480084;48.08503447256464, -1.6798232557480084
2019;0090007J;Occitanie;76;Ariège;Toulouse;16;09;Lavelanet;09160;VICTOR HUGO;REP;42.93989821922662;1.852727372479213;42.93989821922662, 1.852727372479213
2015;0131610E;Provence-Alpes-Côte d'Azur;93;Bouches-du-Rhône;Aix-Marseille;02;13;Arles;13004;VINCENT VAN GOGH;REP;43.67943880232301;4.638130116326001;43.67943880232301, 4.638130116326001
2016;0310086A;Occitanie;76;Haute-Garonne;Toulouse;16;31;Toulouse;31555;GEORGE SAND;REP+;43.58810544764736;1.4087277975725379;43.58810544764736, 1.4087277975725379
2017;0751793S;Ile-de-France;11;Paris;Paris;01;75;Paris 18e  Arrondissement;75118;MAURICE UTRILLO;REP+;48.89850972237922;2.344331539254156;48.89850972237922, 2.344331539254156
2017;0752196E;Ile-de-France;11;Paris;Paris;01;75;Paris 18e  Arrondissement;75118;MARX DORMOY;REP;48.88849618531902;2.359696353257164;48.88849618531902, 2.359696353257164
2017;0752252R;Ile-de-France;11;Paris;Paris;01;75;Paris 18e  Arrondissement;75118;HECTOR BERLIOZ;REP;48.89580660255976;2.332812845002539;48.89580660255976, 2.332812845002539
2016;0753345D;Ile-de-France;11;Paris;Paris;01;75;Paris 19e  Arrondissement;75119;EDMOND MICHELET;REP;48.893578613836574;2.3764657013006585;48.893578613836574, 2.3764657013006585
2015;0753938Y;Ile-de-France;11;Paris;Paris;01;75;Paris 19e  Arrondissement;75119;GEORGES ROUAULT;REP+;48.88660486762876;2.3990749972329106;48.88660486762876, 2.3990749972329106
2017;0753939Z;Ile-de-France;11;Paris;Paris;01;75;Paris 20e  Arrondissement;75120;JEAN PERRIN;REP;48.856849443620476;2.4111884491790505;48.856849443620476, 2.4111884491790505
2015;0755095F;Ile-de-France;11;Paris;Paris;01;75;Paris 19e  Arrondissement;75119;EDGAR VARESE;REP;48.88896297617971;2.3886108311627616;48.88896297617971, 2.3886108311627616
2018;0810787R;Occitanie;76;Tarn;Toulouse;16;81;Carmaux;81060;VICTOR HUGO;REP;44.051300488108595;2.1534505462975364;44.051300488108595, 2.1534505462975364
2015;0180593X;Centre-Val de Loire;24;Cher;Orléans-Tours;18;18;Bourges;18033;VICTOR HUGO;REP;47.110226054211594;2.409565313649583;47.110226054211594, 2.409565313649583
2015;0271320N;Normandie;28;Eure;Rouen;21;27;Les Andelys;27016;ROSA PARKS;REP;49.248316108114196;1.4435775069863328;49.248316108114196, 1.4435775069863328
2017;0271320N;Normandie;28;Eure;Rouen;21;27;Les Andelys;27016;ROSA PARKS;REP;49.248316108114196;1.4435775069863328;49.248316108114196, 1.4435775069863328
2019;0271320N;Normandie;28;Eure;Rouen;21;27;Les Andelys;27016;ROSA PARKS;REP;49.248316108114196;1.4435775069863328;49.248316108114196, 1.4435775069863328
2014;0280716B;Centre-Val de Loire;24;Eure-et-Loir;Orléans-Tours;18;28;Dreux;28134;PIERRE ET MARIE CURIE;REP+;48.736241887257606;1.3878250922969768;48.736241887257606, 1.3878250922969768
2018;0280716B;Centre-Val de Loire;24;Eure-et-Loir;Orléans-Tours;18;28;Dreux;28134;PIERRE ET MARIE CURIE;REP+;48.736241887257606;1.3878250922969768;48.736241887257606, 1.3878250922969768
2016;0280865N;Centre-Val de Loire;24;Eure-et-Loir;Orléans-Tours;18;28;Dreux;28134;LOUIS ARMAND;REP+;48.73835319249141;1.353549589956368;48.73835319249141, 1.353549589956368
2017;0280918W;Centre-Val de Loire;24;Eure-et-Loir;Orléans-Tours;18;28;Châteaudun;28088;ANATOLE FRANCE;REP;48.081228926920254;1.3505958610753224;48.081228926920254, 1.3505958610753224
2015;0370766G;Centre-Val de Loire;24;Indre-et-Loire;Orléans-Tours;18;37;Saint-Pierre-des-Corps;37233;JACQUES DECOUR;REP+;47.39415854305077;0.7222934821433079;47.39415854305077, 0.7222934821433079
2017;0410003F;Centre-Val de Loire;24;Loir-et-Cher;Orléans-Tours;18;41;Blois;41018;BLOIS-BEGON;REP+;47.59353381039191;1.307996813734156;47.59353381039191, 1.307996813734156
2015;0450069F;Centre-Val de Loire;24;Loiret;Orléans-Tours;18;45;Saint-Jean-de-la-Ruelle;45285;MAX JACOB;REP;47.9183454443335;1.8783749671300538;47.9183454443335, 1.8783749671300538
2015;0450840U;Centre-Val de Loire;24;Loiret;Orléans-Tours;18;45;Châlette-sur-Loing;45068;PAUL ELUARD;REP;48.00527288059747;2.706487677223496;48.00527288059747, 2.706487677223496
2015;0450936Y;Centre-Val de Loire;24;Loiret;Orléans-Tours;18;45;Orléans;45234;JEAN ROSTAND;REP+;47.91707722679191;1.9383127513480436;47.91707722679191, 1.9383127513480436
2018;0931147S;Ile-de-France;11;Seine-Saint-Denis;Créteil;24;93;Stains;93072;BARBARA;REP+;48.9516454471708;2.369980113585586;48.9516454471708, 2.369980113585586
2016;0931429Y;Ile-de-France;11;Seine-Saint-Denis;Créteil;24;93;La Courneuve;93027;JEAN VILAR;REP+;48.92211216446413;2.384882067943852;48.92211216446413, 2.384882067943852
2019;0940003T;Ile-de-France;11;Val-de-Marne;Créteil;24;94;Créteil;94028;AMEDEE LAPLACE;REP;48.780804159789454;2.468276499660144;48.780804159789454, 2.468276499660144
2015;0940006W;Ile-de-France;11;Val-de-Marne;Créteil;24;94;Créteil;94028;ALBERT SCHWEITZER;REP;48.772986292106474;2.463996359674385;48.772986292106474, 2.463996359674385
2017;0941231C;Ile-de-France;11;Val-de-Marne;Créteil;24;94;Choisy-le-Roi;94022;HENRI MATISSE;REP;48.759874597767364;2.4096281262319406;48.759874597767364, 2.4096281262319406
2017;0941603G;Ile-de-France;11;Val-de-Marne;Créteil;24;94;Limeil-Brévannes;94044;JANUSZ KORCZAK;REP;48.7422624576387;2.5059908466945227;48.7422624576387, 2.5059908466945227
2014;0780187E;Ile-de-France;11;Yvelines;Versailles;25;78;Trappes;78621;YOURI GAGARINE;REP+;48.774574980095814;1.9800850051779413;48.774574980095814, 1.9800850051779413
2018;0780264N;Ile-de-France;11;Yvelines;Versailles;25;78;Poissy;78498;LES GRANDS CHAMPS;REP+;48.9191720971015;2.026573003432105;48.9191720971015, 2.026573003432105
2015;0912173T;Ile-de-France;11;Essonne;Versailles;25;91;Evry-Courcouronnes;91228;GALILEE;REP;48.618719195715386;2.4448912868334864;48.618719195715386, 2.4448912868334864
2019;0921159K;Ile-de-France;11;Hauts-de-Seine;Versailles;25;92;Villeneuve-la-Garenne;92078;EDOUARD MANET;REP;48.93224016659391;2.332970739302508;48.93224016659391, 2.332970739302508
2016;0921168V;Ile-de-France;11;Hauts-de-Seine;Versailles;25;92;Bagneux;92007;ROMAIN ROLLAND;REP;48.792019015055104;2.3005350340987216;48.792019015055104, 2.3005350340987216
2016;0921180H;Ile-de-France;11;Hauts-de-Seine;Versailles;25;92;Châtenay-Malabry;92019;MASARYK;REP;48.76255272797497;2.263949132983106;48.76255272797497, 2.263949132983106
2018;0921675W;Ile-de-France;11;Hauts-de-Seine;Versailles;25;92;Colombes;92025;MARGUERITE DURAS;REP;48.918126488242166;2.2331613005754223;48.918126488242166, 2.2331613005754223
2019;0950711G;Ile-de-France;11;Val-d'Oise;Versailles;25;95;Garges-lès-Gonesse;95268;PAUL ELUARD;REP+;48.9769362210965;2.3983489941118723;48.9769362210965, 2.3983489941118723
2015;0951138W;Ile-de-France;11;Val-d'Oise;Versailles;25;95;Argenteuil;95018;JEAN-JACQUES ROUSSEAU;REP;48.93638428074362;2.2253448479840645;48.93638428074362, 2.2253448479840645
2018;0951697D;Ile-de-France;11;Val-d'Oise;Versailles;25;95;Cergy;95127;MOULIN A VENT;REP;49.04770944853642;2.016635619754739;49.04770944853642, 2.016635619754739
2018;0951921X;Ile-de-France;11;Val-d'Oise;Versailles;25;95;Goussainville;95280;MICHEL DE MONTAIGNE;REP;49.02854585324489;2.454131677249793;49.02854585324489, 2.454131677249793
2016;0951945Y;Ile-de-France;11;Val-d'Oise;Versailles;25;95;Sarcelles;95585;VICTOR HUGO;REP;48.99971518212608;2.3845892396935042;48.99971518212608, 2.3845892396935042
2018;0400648M;Nouvelle-Aquitaine;75;Landes;Bordeaux;04;40;Mont-de-Marsan;40192;VICTOR DURUY;REP;43.89747628754074;-0.5009549383009567;43.89747628754074, -0.5009549383009567
2016;0631762Y;Auvergne-Rhône-Alpes;84;Puy-de-Dôme;Clermont-Ferrand;06;63;La Monnerie-le-Montel;63231;DE LA DUROLLE;REP;45.87241951580685;3.5977455693957547;45.87241951580685, 3.5977455693957547
2018;0520737U;Grand Est;44;Haute-Marne;Reims;19;52;Chaumont;52121;LA ROCHOTTE;REP;48.09040960260351;5.134955547141704;48.09040960260351, 5.134955547141704
2019;0590006L;Hauts-de-France;32;Nord;Lille;09;59;Anzin;59014;JULES FERRY;REP;50.3735744949741;3.5049390523421833;50.3735744949741, 3.5049390523421833
2017;0590062X;Hauts-de-France;32;Nord;Lille;09;59;Denain;59172;VILLARS;REP;50.32275987292504;3.3952967071287046;50.32275987292504, 3.3952967071287046
2019;0590109Y;Hauts-de-France;32;Nord;Lille;09;59;Jeumont;59324;EUGENE THOMAS;REP+;50.29315952895427;4.105945528043302;50.29315952895427, 4.105945528043302
2018;0590151U;Hauts-de-France;32;Nord;Lille;09;59;Maubeuge;59392;ERNEST COUTELLE;REP;50.27794945604184;3.9710125709000965;50.27794945604184, 3.9710125709000965
2016;0590183D;Hauts-de-France;32;Nord;Lille;09;59;Roubaix;59512;MADAME DE SEVIGNE;REP+;50.693178521110575;3.164916731917064;50.693178521110575, 3.164916731917064
2019;0590200X;Hauts-de-France;32;Nord;Lille;09;59;Dunkerque;59183;ROBESPIERRE;REP;51.03061091688823;2.3519859453729675;51.03061091688823, 2.3519859453729675
2018;0592634T;Hauts-de-France;32;Nord;Lille;09;59;Hautmont;59291;ANTOINE DE SAINT EXUPERY;REP;50.24532696812899;3.909300273180787;50.24532696812899, 3.909300273180787
2019;0593242D;Hauts-de-France;32;Nord;Lille;09;59;Wattrelos;59650;GUSTAVE NADAUD;REP;50.70884740732559;3.1978302784174524;50.70884740732559, 3.1978302784174524
2015;0593484S;Hauts-de-France;32;Nord;Lille;09;59;Douchy-les-Mines;59179;EMILE LITTRE;REP;50.300260044948736;3.3985551893724146;50.300260044948736, 3.3985551893724146
2017;0593680E;Hauts-de-France;32;Nord;Lille;09;59;Valenciennes;59606;CHASSE ROYALE;REP+;50.355747136749194;3.5038220362532377;50.355747136749194, 3.5038220362532377
2014;0594288R;Hauts-de-France;32;Nord;Lille;09;59;Lille;59350;LOUISE MICHEL;REP+;50.60615198573479;3.046264386888319;50.60615198573479, 3.046264386888319
2015;0594301E;Hauts-de-France;32;Nord;Lille;09;59;Beuvrages;59079;PAUL ELUARD;REP+;50.38544699303679;3.500883268037926;50.38544699303679, 3.500883268037926
2019;0594303G;Hauts-de-France;32;Nord;Lille;09;59;Quiévrechain;59484;JEHAN FROISSART;REP;50.40095513807872;3.6577933972314653;50.40095513807872, 3.6577933972314653
2016;0595190W;Hauts-de-France;32;Nord;Lille;09;59;Douai;59178;GAYANT;REP+;50.40191279357779;3.1245508692857875;50.40191279357779, 3.1245508692857875
2019;0597004T;Hauts-de-France;32;Nord;Lille;09;59;Lille;59350;MIRIAM MAKEBA;REP+;50.61837154141253;3.064760508565509;50.61837154141253, 3.064760508565509
2017;0620096T;Hauts-de-France;32;Pas-de-Calais;Lille;09;62;Hénin-Beaumont;62427;JEAN MACE;REP;50.41155165553044;2.938790907188865;50.41155165553044, 2.938790907188865
2018;0620158K;Hauts-de-France;32;Pas-de-Calais;Lille;09;62;Rouvroy;62724;PAUL LANGEVIN;REP;50.405160193236966;2.9051386111781663;50.405160193236966, 2.9051386111781663
2018;0620180J;Hauts-de-France;32;Pas-de-Calais;Lille;09;62;Wingles;62895;LEON BLUM;REP;50.495571858346906;2.8643441870297437;50.495571858346906, 2.8643441870297437
2019;0622261W;Hauts-de-France;32;Pas-de-Calais;Lille;09;62;Frévent;62361;PIERRE CUALLACCI;REP;50.27638953962339;2.2847019206027017;50.27638953962339, 2.2847019206027017
2017;0622269E;Hauts-de-France;32;Pas-de-Calais;Lille;09;62;Noeux-les-Mines;62617;ANATOLE FRANCE;REP;50.47179839212424;2.6625189557643254;50.47179839212424, 2.6625189557643254
2016;0622420U;Hauts-de-France;32;Pas-de-Calais;Lille;09;62;Avion;62065;PAUL LANGEVIN;REP+;50.39828809948191;2.8385189020338704;50.39828809948191, 2.8385189020338704
2017;0622423X;Hauts-de-France;32;Pas-de-Calais;Lille;09;62;Montigny-en-Gohelle;62587;YOURI GAGARINE;REP;50.43106412506696;2.9319665516904587;50.43106412506696, 2.9319665516904587
2015;0622789V;Hauts-de-France;32;Pas-de-Calais;Lille;09;62;Arras;62041;CHARLES PEGUY;REP;50.30128752249181;2.7505076668006163;50.30128752249181, 2.7505076668006163
2017;0622799F;Hauts-de-France;32;Pas-de-Calais;Lille;09;62;Lillers;62516;LEO LAGRANGE;REP;50.56703429094058;2.4807923769905678;50.56703429094058, 2.4807923769905678
2018;0622799F;Hauts-de-France;32;Pas-de-Calais;Lille;09;62;Lillers;62516;LEO LAGRANGE;REP;50.56703429094058;2.4807923769905678;50.56703429094058, 2.4807923769905678
2015;0573269U;Grand Est;44;Moselle;Nancy-Metz;12;57;Fameck;57206;CHARLES DE GAULLE;REP;49.30239963596309;6.116210568501709;49.30239963596309, 6.116210568501709
2017;0600018U;Hauts-de-France;32;Oise;Amiens;20;60;Compiègne;60159;GAETAN DENAIN;REP;49.411535771520214;2.819992587665227;49.411535771520214, 2.819992587665227
2018;0601190T;Hauts-de-France;32;Oise;Amiens;20;60;Beauvais;60057;CHARLES FAUQUEUX;REP+;49.41636223062097;2.080824472473269;49.41636223062097, 2.080824472473269
2017;0671907J;Grand Est;44;Bas-Rhin;Strasbourg;15;67;Strasbourg;67482;HANS ARP;REP+;48.56944059936516;7.718020925078196;48.56944059936516, 7.718020925078196
2014;0672459J;Grand Est;44;Bas-Rhin;Strasbourg;15;67;Strasbourg;67482;ERASME;REP+;48.591899888580684;7.700796166355622;48.591899888580684, 7.700796166355622
2019;0691673U;Auvergne-Rhône-Alpes;84;Rhône;Lyon;10;69;Oullins;69149;LA CLAVELIERE;REP;45.70991826953932;4.8171069569531815;45.70991826953932, 4.8171069569531815
2015;0692157V;Auvergne-Rhône-Alpes;84;Rhône;Lyon;10;69;Décines-Charpieu;69275;GEORGES BRASSENS;REP;45.76861620167588;4.973113661272758;45.76861620167588, 4.973113661272758
2017;0692157V;Auvergne-Rhône-Alpes;84;Rhône;Lyon;10;69;Décines-Charpieu;69275;GEORGES BRASSENS;REP;45.76861620167588;4.973113661272758;45.76861620167588, 4.973113661272758
2018;0692159X;Auvergne-Rhône-Alpes;84;Rhône;Lyon;10;69;Rillieux-la-Pape;69286;PAUL-EMILE VICTOR;REP+;45.817496040385485;4.90725345663432;45.817496040385485, 4.90725345663432
2015;0700045U;Bourgogne-Franche-Comté;27;Haute-Saône;Besançon;03;70;Lure;70310;ALBERT JACQUARD;REP;47.68647891786745;6.507537530235195;47.68647891786745, 6.507537530235195
2016;0700788B;Bourgogne-Franche-Comté;27;Haute-Saône;Besançon;03;70;Saint-Loup-sur-Semouse;70467;ANDRE MASSON;REP;47.884549253190436;6.2795588519037615;47.884549253190436, 6.2795588519037615
2016;0710056A;Bourgogne-Franche-Comté;27;Saône-et-Loire;Dijon;07;71;Montceau-les-Mines;71306;JEAN MOULIN;REP;46.67375648575554;4.366562992835783;46.67375648575554, 4.366562992835783
2018;0730901H;Auvergne-Rhône-Alpes;84;Savoie;Grenoble;08;73;Chambéry;73065;COTE ROUSSE;REP+;45.59073845120884;5.920813637963515;45.59073845120884, 5.920813637963515
2017;0760075U;Normandie;28;Seine-Maritime;Rouen;21;76;Maromme;76410;ALAIN;REP;49.478667150648725;1.0396643974314765;49.478667150648725, 1.0396643974314765
2019;0760100W;Normandie;28;Seine-Maritime;Rouen;21;76;Rouen;76540;BOIELDIEU;REP+;49.458343592360514;1.1329414071576054;49.458343592360514, 1.1329414071576054
2017;0761696F;Normandie;28;Seine-Maritime;Rouen;21;76;Le Havre;76351;ROMAIN ROLLAND;REP;49.50659105510942;0.15897866444890316;49.50659105510942, 0.15897866444890316
2017;0761697G;Normandie;28;Seine-Maritime;Rouen;21;76;Le Havre;76351;CLAUDE BERNARD;REP;49.51790170463411;0.10515033243260277;49.51790170463411, 0.10515033243260277
2019;0761782Z;Normandie;28;Seine-Maritime;Rouen;21;76;Le Havre;76351;EUGENE VARLIN;REP+;49.51611046547872;0.1715632388758433;49.51611046547872, 0.1715632388758433
2016;0762080Y;Normandie;28;Seine-Maritime;Rouen;21;76;Grand-Couronne;76319;HENRI MATISSE;REP;49.35028153464623;1.0011191422067272;49.35028153464623, 1.0011191422067272
2016;0762133F;Normandie;28;Seine-Maritime;Rouen;21;76;Saint-Etienne-du-Rouvray;76575;PABLO PICASSO;REP;49.37870843212924;1.10480465339136;49.37870843212924, 1.10480465339136
2016;0762226G;Normandie;28;Seine-Maritime;Rouen;21;76;Le Havre;76351;THEOPHILE GAUTIER;REP;49.513800837907546;0.09031622324052213;49.513800837907546, 0.09031622324052213
2016;0762679Z;Normandie;28;Seine-Maritime;Rouen;21;76;Cléon;76178;JACQUES BREL;REP;49.30871952285049;1.0284967152295577;49.30871952285049, 1.0284967152295577
2015;0771176K;Ile-de-France;11;Seine-et-Marne;Créteil;24;77;Provins;77379;JULES VERNE;REP;48.545041764496204;3.29091511419333;48.545041764496204, 3.29091511419333
2019;0771337K;Ile-de-France;11;Seine-et-Marne;Créteil;24;77;Le Mée-sur-Seine;77285;ELSA TRIOLET;REP;48.54481857106592;2.634709424078541;48.54481857106592, 2.634709424078541
2019;0800036E;Hauts-de-France;32;Somme;Amiens;20;80;Ham;80410;VICTOR HUGO;REP;49.752855233178884;3.0784831064953435;49.752855233178884, 3.0784831064953435
2019;0801263N;Hauts-de-France;32;Somme;Amiens;20;80;Amiens;80021;ARTHUR RIMBAUD;REP+;49.9120671218448;2.3002655343569502;49.9120671218448, 2.3002655343569502
2019;0801489J;Hauts-de-France;32;Somme;Amiens;20;80;Rue;80688;DU MARQUENTERRE;REP;50.26803982859514;1.6750736682504426;50.26803982859514, 1.6750736682504426
2018;0840664R;Provence-Alpes-Côte d'Azur;93;Vaucluse;Aix-Marseille;02;84;Le Pontet;84092;JULES VERNE;REP;43.957154166462395;4.861181951860011;43.957154166462395, 4.861181951860011
2018;0890790A;Bourgogne-Franche-Comté;27;Yonne;Dijon;07;89;Sens;89387;CHAMPS PLAISANTS;REP;48.19294450765683;3.3028723884886477;48.19294450765683, 3.3028723884886477
2019;0890977D;Bourgogne-Franche-Comté;27;Yonne;Dijon;07;89;Migennes;89257;JACQUES PREVERT;REP;47.96944641087473;3.505749801639799;47.96944641087473, 3.505749801639799
2015;0931149U;Ile-de-France;11;Seine-Saint-Denis;Créteil;24;93;Tremblay-en-France;93073;PIERRE RONSARD;REP;48.958775174472954;2.5695518301211235;48.958775174472954, 2.5695518301211235
2018;0931194T;Ile-de-France;11;Seine-Saint-Denis;Créteil;24;93;Bobigny;93008;REPUBLIQUE;REP+;48.90680312563858;2.4350391127060096;48.90680312563858, 2.4350391127060096
2018;0940551N;Ile-de-France;11;Val-de-Marne;Créteil;24;94;L'Haÿ-les-Roses;94038;EUGENE CHEVREUL;REP;48.775328025244704;2.3399556085930624;48.775328025244704, 2.3399556085930624
2015;0940786U;Ile-de-France;11;Val-de-Marne;Créteil;24;94;Champigny-sur-Marne;94017;LUCIE AUBRAC;REP;48.81900911460025;2.5081796585833844;48.81900911460025, 2.5081796585833844
2018;0940792A;Ile-de-France;11;Val-de-Marne;Créteil;24;94;Villeneuve-Saint-Georges;94078;JULES FERRY;REP+;48.73208699336739;2.450007650514465;48.73208699336739, 2.450007650514465
2019;0941034N;Ile-de-France;11;Val-de-Marne;Créteil;24;94;Vitry-sur-Seine;94081;JOSEPH LAKANAL;REP;48.793714454965944;2.383360402437281;48.793714454965944, 2.383360402437281
2015;0941095E;Ile-de-France;11;Val-de-Marne;Créteil;24;94;Bonneuil-sur-Marne;94011;PAUL ELUARD;REP;48.76711521908772;2.482621750494879;48.76711521908772, 2.482621750494879
2017;0941099J;Ile-de-France;11;Val-de-Marne;Créteil;24;94;Gentilly;94037;ROSA PARKS;REP;48.81370212196632;2.3457206277302776;48.81370212196632, 2.3457206277302776
2015;0941299B;Ile-de-France;11;Val-de-Marne;Créteil;24;94;Champigny-sur-Marne;94017;PAUL VAILLANT-COUTURIER;REP;48.813231636116406;2.541229993933963;48.813231636116406, 2.541229993933963
2017;6200011T;Corse;94;Corse-du-Sud;Corse;27;2A;Ajaccio;2A004;LAETITIA BONAPARTE;REP;41.9258044852173;8.733178566816639;41.9258044852173, 8.733178566816639
2016;9710033J;Guadeloupe;01;Guadeloupe;Guadeloupe;32;971;La Désirade;97110;MARYSE CONDE;REP;16.304903649327933;-61.068447333229244;16.304903649327933, -61.068447333229244
2019;9710661S;Guadeloupe;01;Guadeloupe;Guadeloupe;32;971;Pointe-à-Pitre;97120;NESTOR DE KERMADEC;REP+;16.234751561980858;-61.534061006884215;16.234751561980858, -61.534061006884215
2016;9711087E;TOM et Collectivités territoriales;00;Saint-Martin;Guadeloupe;32;978;Saint-Martin;97801;QUARTIER D'ORLEANS;REP+;18.063951850030257;-63.03501933380796;18.063951850030257, -63.03501933380796
2016;9720007A;Martinique;02;Martinique;Martinique;31;972;Fort-de-France;97209;AIME CESAIRE DE FORT-DE-FRANCE;REP+;14.611496649837498;-61.071914909301285;14.611496649837498, -61.071914909301285
2017;9720083H;Martinique;02;Martinique;Martinique;31;972;Le Lamentin;97213;PETIT MANOIR;REP;14.613349961691995;-60.998551035046624;14.613349961691995, -60.998551035046624
2019;9720351Z;Martinique;02;Martinique;Martinique;31;972;La Trinité;97230;DE BEAUSEJOUR;REP;14.745661327847067;-60.949924943708055;14.745661327847067, -60.949924943708055
2015;9720495F;Martinique;02;Martinique;Martinique;31;972;Le François;97210;TRIANON;REP+;14.620528937675742;-60.91157033423602;14.620528937675742, -60.91157033423602
2015;9720708M;Martinique;02;Martinique;Martinique;31;972;Fort-de-France;97209;DILLON 2;REP+;14.608342177998733;-61.04299157210716;14.608342177998733, -61.04299157210716
2015;9730020J;Guyane;03;Guyane;Guyane;33;973;Cayenne;97302;AUXENCE CONTOUT;REP+;4.938098189471638;-52.32086178385031;4.938098189471638, -52.32086178385031
2017;9730083C;Guyane;03;Guyane;Guyane;33;973;Cayenne;97302;GERARD HOLDER;REP+;4.937231189059073;-52.307901721375174;4.937231189059073, -52.307901721375174
2017;9730130D;Guyane;03;Guyane;Guyane;33;973;Cayenne;97302;EUGENE NONNON;REP+;4.941171010885664;-52.33147172089146;4.941171010885664, -52.33147172089146
2019;9730182K;Guyane;03;Guyane;Guyane;33;973;Matoury;97307;LA CANOPEE;REP+;4.846308746094331;-52.32736208781621;4.846308746094331, -52.32736208781621
2017;9730206L;Guyane;03;Guyane;Guyane;33;973;Macouria;97305;JUST HYASINE;REP+;5.013046629746198;-52.478160569505384;5.013046629746198, -52.478160569505384
2015;9730329V;Guyane;03;Guyane;Guyane;33;973;Saint-Laurent-du-Maroni;97311;PAUL JEAN-LOUIS;REP+;5.485693337955278;-54.01555594103458;5.485693337955278, -54.01555594103458
2019;9740037X;La Réunion;04;La Réunion;La Réunion;28;974;La Plaine-des-Palmistes;97406;GASTON CROCHET;REP;-21.137251329103904;55.627256812899724;-21.137251329103904, 55.627256812899724
2017;9740069G;La Réunion;04;La Réunion;La Réunion;28;974;Saint-Paul;97415;L'ETANG SAINT PAUL;REP;-20.9816255458479;55.28470714701823;-20.9816255458479, 55.28470714701823
2019;9740080U;La Réunion;04;La Réunion;La Réunion;28;974;Saint-Denis;97411;DE  BOURBON;REP+;-20.88489121150576;55.45298365567719;-20.88489121150576, 55.45298365567719
2018;9740577J;La Réunion;04;La Réunion;La Réunion;28;974;Saint-Joseph;97412;JOSEPH HUBERT;REP;-21.373477936389445;55.62781350172971;-21.373477936389445, 55.62781350172971
2018;9740703W;La Réunion;04;La Réunion;La Réunion;28;974;Saint-André;97409;CAMBUSTON;REP+;-20.928536902324367;55.64621069259988;-20.928536902324367, 55.64621069259988
2018;9740841W;La Réunion;04;La Réunion;La Réunion;28;974;Saint-Louis;97414;PLATEAU GOYAVES;REP+;-21.27954118583102;55.42000430939853;-21.27954118583102, 55.42000430939853
2019;9741049X;La Réunion;04;La Réunion;La Réunion;28;974;Saint-Pierre;97416;HENRI MATISSE;REP+;-21.300362249653773;55.44781216296305;-21.300362249653773, 55.44781216296305
2015;9760008E;Mayotte;06;Mayotte;Mayotte;43;976;Dzaoudzi;97608;DE BOUENI M TITI;REP;-12.782772969928365;45.2797283642667;-12.782772969928365, 45.2797283642667
2019;9760179R;Mayotte;06;Mayotte;Mayotte;43;976;Bandrele;97603;DE BANDRELE;REP+;-12.908713306912244;45.19442566535277;-12.908713306912244, 45.19442566535277
2015;9760183V;Mayotte;06;Mayotte;Mayotte;43;976;Pamandzi;97615;ZENA M'DERE;REP;-12.79754060161789;45.28237155675771;-12.79754060161789, 45.28237155675771
2019;0080036W;Grand Est;44;Ardennes;Reims;19;08;Nouzonville;08328;JEAN ROGISSART;REP;49.817827897579626;4.74591000737515;49.817827897579626, 4.74591000737515
2018;0080894D;Grand Est;44;Ardennes;Reims;19;08;Charleville-Mézières;08105;ROGER SALENGRO;REP+;49.75156078619433;4.722194671515813;49.75156078619433, 4.722194671515813
2017;0130306M;Provence-Alpes-Côte d'Azur;93;Bouches-du-Rhône;Aix-Marseille;02;13;Arles;13004;MARINETTE CARLETTI;REP;43.5574912848906;4.728042238467275;43.5574912848906, 4.728042238467275
2015;0131264D;Provence-Alpes-Côte d'Azur;93;Bouches-du-Rhône;Aix-Marseille;02;13;Marseille  3e  Arrondissement;13203;VERSAILLES;REP+;43.31136866347166;5.375387663777026;43.31136866347166, 5.375387663777026
2017;0271289E;Normandie;28;Eure;Rouen;21;27;Vernon;27681;CERVANTES;REP;49.07508983969381;1.4955232317693752;49.07508983969381, 1.4955232317693752
2017;0300025P;Occitanie;76;Gard;Montpellier;11;30;Nîmes;30189;ROMAIN ROLLAND;REP+;43.84465289564224;4.390213911640572;43.84465289564224, 4.390213911640572
2015;0550701N;Grand Est;44;Meuse;Nancy-Metz;12;55;Bar-le-Duc;55029;JACQUES PREVERT;REP+;48.77975801911524;5.17028239651293;48.77975801911524, 5.17028239651293
2016;0570127D;Grand Est;44;Moselle;Nancy-Metz;12;57;Metz;57463;LES HAUTS DE BLEMONT;REP+;49.118425454510806;6.227211852188134;49.118425454510806, 6.227211852188134
2016;0600007G;Hauts-de-France;32;Oise;Amiens;20;60;Beauvais;60057;HENRI BAUMONT;REP+;49.43936350125355;2.10239377784103;49.43936350125355, 2.10239377784103
2015;0600022Y;Hauts-de-France;32;Oise;Amiens;20;60;Creil;60175;GABRIEL HAVEZ;REP+;49.247996126408296;2.4688454243828932;49.247996126408296, 2.4688454243828932
2015;0610045T;Normandie;28;Orne;Caen;05;61;Vimoutiers;61508;ARLETTE HEE-FERGANT;REP;48.93189473314467;0.19956836658599766;48.93189473314467, 0.19956836658599766
2015;0640609P;Nouvelle-Aquitaine;75;Pyrénées-Atlantiques;Bordeaux;04;64;Bayonne;64102;ALBERT CAMUS;REP;43.499451901550565;-1.4535052713256427;43.499451901550565, -1.4535052713256427
2015;0670065G;Grand Est;44;Bas-Rhin;Strasbourg;15;67;Schiltigheim;67447;LECLERC;REP;48.60901321848323;7.731105515288078;48.60901321848323, 7.731105515288078
2016;0691664J;Auvergne-Rhône-Alpes;84;Rhône;Lyon;10;69;Villeurbanne;69266;JEAN JAURES;REP;45.75683997114565;4.883419686521346;45.75683997114565, 4.883419686521346
2017;0691664J;Auvergne-Rhône-Alpes;84;Rhône;Lyon;10;69;Villeurbanne;69266;JEAN JAURES;REP;45.75683997114565;4.883419686521346;45.75683997114565, 4.883419686521346
2016;0693834T;Auvergne-Rhône-Alpes;84;Rhône;Lyon;10;69;Bron;69029;THEODORE MONOD;REP;45.73093651337794;4.902401196214135;45.73093651337794, 4.902401196214135
2015;0721224P;Pays de la Loire;52;Sarthe;Nantes;17;72;Allonnes;72003;LE MARIN;REP;47.96392733724327;0.15932837106035438;47.96392733724327, 0.15932837106035438
2019;0760075U;Normandie;28;Seine-Maritime;Rouen;21;76;Maromme;76410;ALAIN;REP;49.478667150648725;1.0396643974314765;49.478667150648725, 1.0396643974314765
2018;9760274U;Mayotte;06;Mayotte;Mayotte;43;976;Tsingoni;97617;DE TSINGONI;REP+;-12.787540216827775;45.10278264129162;-12.787540216827775, 45.10278264129162
2018;0692340U;Auvergne-Rhône-Alpes;84;Rhône;Lyon;10;69;Lyon 8e  Arrondissement;69388;HENRI LONGCHAMBON;REP+;45.72632303906099;4.8744875515093415;45.72632303906099, 4.8744875515093415
2018;0692342W;Auvergne-Rhône-Alpes;84;Rhône;Lyon;10;69;Saint-Fons;69199;ALAIN;REP+;45.69680951743064;4.856310939159173;45.69680951743064, 4.856310939159173
2019;0692342W;Auvergne-Rhône-Alpes;84;Rhône;Lyon;10;69;Saint-Fons;69199;ALAIN;REP+;45.69680951743064;4.856310939159173;45.69680951743064, 4.856310939159173
2016;0692343X;Auvergne-Rhône-Alpes;84;Rhône;Lyon;10;69;Vénissieux;69259;ELSA TRIOLET;REP+;45.69701215351381;4.866453033184436;45.69701215351381, 4.866453033184436
2015;9730337D;Guyane;03;Guyane;Guyane;33;973;Apatou;97360;MA AIYE;REP+;5.162072787983317;-54.338404329000966;5.162072787983317, -54.338404329000966
2015;0010987T;Auvergne-Rhône-Alpes;84;Ain;Lyon;10;01;Arbent;01014;JEAN ROSTAND;REP;46.27230385805938;5.671932224901918;46.27230385805938, 5.671932224901918
2018;0010987T;Auvergne-Rhône-Alpes;84;Ain;Lyon;10;01;Arbent;01014;JEAN ROSTAND;REP;46.27230385805938;5.671932224901918;46.27230385805938, 5.671932224901918
2017;0160113L;Nouvelle-Aquitaine;75;Charente;Poitiers;13;16;Angoulême;16015;MICHELLE PALLET;REP+;45.65023713721452;0.12969672338718286;45.65023713721452, 0.12969672338718286
2016;0160864C;Nouvelle-Aquitaine;75;Charente;Poitiers;13;16;Cognac;16102;CLAUDE BOUCHER;REP;45.69170031539395;-0.34876048375285473;45.69170031539395, -0.34876048375285473
2019;0170077S;Nouvelle-Aquitaine;75;Charente-Maritime;Poitiers;13;17;La Rochelle;17300;PIERRE MENDES FRANCE;REP+;46.1692133008575;-1.1787166669195002;46.1692133008575, -1.1787166669195002
2018;0691479H;Auvergne-Rhône-Alpes;84;Rhône;Lyon;10;69;Bron;69029;JOLIOT CURIE;REP;45.74776194194042;4.913878997099337;45.74776194194042, 4.913878997099337
2017;0790945Y;Nouvelle-Aquitaine;75;Deux-Sèvres;Poitiers;13;79;Cerizay;79062;GEORGES CLEMENCEAU;REP;46.81983598618948;-0.6741750322097302;46.81983598618948, -0.6741750322097302
2017;0622424Y;Hauts-de-France;32;Pas-de-Calais;Lille;09;62;Grenay;62386;LANGEVIN-WALLON;REP+;50.45108257460581;2.7378299038530858;50.45108257460581, 2.7378299038530858
2016;0220054P;Bretagne;53;Côtes-d'Armor;Rennes;14;22;Saint-Brieuc;22278;JEAN RACINE;REP;48.51009998578219;-2.7504463387125155;48.51009998578219, -2.7504463387125155
2016;0290149E;Bretagne;53;Finistère;Rennes;14;29;Brest;29019;KERHALLET;REP;48.40363054978629;-4.510363560787079;48.40363054978629, -4.510363560787079
2015;0350052S;Bretagne;53;Ille-et-Vilaine;Rennes;14;35;Val-Couesnon;35004;PIERRE PERRIN;REP;48.42378227657473;-1.4746630756537267;48.42378227657473, -1.4746630756537267
2018;0311112R;Occitanie;76;Haute-Garonne;Toulouse;16;31;Toulouse;31555;HENRI DE TOULOUSE-LAUTREC;REP;43.62964810118352;1.4407054970957724;43.62964810118352, 1.4407054970957724
2019;0382104F;Auvergne-Rhône-Alpes;84;Isère;Grenoble;08;38;Villefontaine;38553;LOUIS ARAGON;REP;45.618531236473174;5.1497087694466845;45.618531236473174, 5.1497087694466845
2018;0650034J;Occitanie;76;Hautes-Pyrénées;Toulouse;16;65;Tarbes;65440;PAUL ELUARD;REP;43.243534972159864;0.0582513971968151;43.243534972159864, 0.0582513971968151
2019;0820017Y;Occitanie;76;Tarn-et-Garonne;Toulouse;16;82;Moissac;82112;FRANCOIS MITTERRAND;REP;44.1028627464127;1.0912714615717178;44.1028627464127, 1.0912714615717178
2017;0120622L;Occitanie;76;Aveyron;Toulouse;16;12;Decazeville;12089;P RAMADIER PLUS ANNEXE FIRMI;REP;44.57080240460633;2.255761163216761;44.57080240460633, 2.255761163216761
2016;0131610E;Provence-Alpes-Côte d'Azur;93;Bouches-du-Rhône;Aix-Marseille;02;13;Arles;13004;VINCENT VAN GOGH;REP;43.67943880232301;4.638130116326001;43.67943880232301, 4.638130116326001
2018;0132561N;Provence-Alpes-Côte d'Azur;93;Bouches-du-Rhône;Aix-Marseille;02;13;Marseille  6e  Arrondissement;13206;ANATOLE FRANCE;REP;43.290571860058506;5.37691121784437;43.290571860058506, 5.37691121784437
2019;0311321T;Occitanie;76;Haute-Garonne;Toulouse;16;31;Toulouse;31555;RAYMOND BADIOU;REP+;43.56977422961038;1.4075291473092462;43.56977422961038, 1.4075291473092462
2017;0421688G;Auvergne-Rhône-Alpes;84;Loire;Lyon;10;42;Saint-Chamond;42207;JEAN ROSTAND;REP+;45.478983219139735;4.536360987619161;45.478983219139735, 4.536360987619161
2014;0750546L;Ile-de-France;11;Paris;Paris;01;75;Paris 18e  Arrondissement;75118;GEORGES CLEMENCEAU;REP+;48.8890134482437;2.3515359569166736;48.8890134482437, 2.3515359569166736
2015;0750546L;Ile-de-France;11;Paris;Paris;01;75;Paris 18e  Arrondissement;75118;GEORGES CLEMENCEAU;REP+;48.8890134482437;2.3515359569166736;48.8890134482437, 2.3515359569166736
2015;0751707Y;Ile-de-France;11;Paris;Paris;01;75;Paris 19e  Arrondissement;75119;EDOUARD PAILLERON;REP;48.88124786463433;2.37869142490499;48.88124786463433, 2.37869142490499
2016;0752195D;Ile-de-France;11;Paris;Paris;01;75;Paris 18e  Arrondissement;75118;GERARD PHILIPE;REP;48.89445742948135;2.351938704486713;48.89445742948135, 2.351938704486713
2017;0752195D;Ile-de-France;11;Paris;Paris;01;75;Paris 18e  Arrondissement;75118;GERARD PHILIPE;REP;48.89445742948135;2.351938704486713;48.89445742948135, 2.351938704486713
2017;0753937X;Ile-de-France;11;Paris;Paris;01;75;Paris 13e  Arrondissement;75113;EVARISTE GALOIS;REP;48.81844747170997;2.3583706529199135;48.81844747170997, 2.3583706529199135
2016;0754355B;Ile-de-France;11;Paris;Paris;01;75;Paris 20e  Arrondissement;75120;ROBERT DOISNEAU;REP;48.8670900790929;2.388027815286084;48.8670900790929, 2.388027815286084
2015;0931379U;Ile-de-France;11;Seine-Saint-Denis;Créteil;24;93;Aulnay-sous-Bois;93005;PABLO NERUDA;REP+;48.95123050938797;2.51984315770187;48.95123050938797, 2.51984315770187
2018;0180037T;Centre-Val de Loire;24;Cher;Orléans-Tours;18;18;Vierzon;18279;EDOUARD VAILLANT;REP;47.22901280597416;2.0671149566521216;47.22901280597416, 2.0671149566521216
2019;0280657M;Centre-Val de Loire;24;Eure-et-Loir;Orléans-Tours;18;28;Lucé;28218;LES PETITS SENTIERS;REP;48.43339819251506;1.454989472728926;48.43339819251506, 1.454989472728926
2015;0360541T;Centre-Val de Loire;24;Indre;Orléans-Tours;18;36;Châteauroux;36044;ROSA PARKS;REP+;46.80038434473314;1.7056685945180377;46.80038434473314, 1.7056685945180377
2018;0410793P;Centre-Val de Loire;24;Loir-et-Cher;Orléans-Tours;18;41;Romorantin-Lanthenay;41194;LEONARD DE VINCI;REP;47.351969824664884;1.7471037419235804;47.351969824664884, 1.7471037419235804
2016;0450936Y;Centre-Val de Loire;24;Loiret;Orléans-Tours;18;45;Orléans;45234;JEAN ROSTAND;REP+;47.91707722679191;1.9383127513480436;47.91707722679191, 1.9383127513480436
2019;0762287Y;Normandie;28;Seine-Maritime;Rouen;21;76;Fécamp;76259;GEORGES CUVIER;REP;49.75768398597076;0.3662971722172709;49.75768398597076, 0.3662971722172709
2016;9740027L;La Réunion;04;La Réunion;La Réunion;28;974;Saint-Pierre;97416;RAVINE DES CABRIS;REP;-21.28709280736552;55.46196888765782;-21.28709280736552, 55.46196888765782
2018;0931195U;Ile-de-France;11;Seine-Saint-Denis;Créteil;24;93;Bobigny;93008;AUGUSTE DELAUNE;REP;48.9080996768158;2.4625423058013696;48.9080996768158, 2.4625423058013696
2015;0931199Y;Ile-de-France;11;Seine-Saint-Denis;Créteil;24;93;Drancy;93029;ARETHA FRANKLIN (PAUL LANGEVIN);REP;48.924665097725146;2.421689426021853;48.924665097725146, 2.421689426021853
2019;0931200Z;Ile-de-France;11;Seine-Saint-Denis;Créteil;24;93;Drancy;93029;PIERRE SEMARD;REP;48.9263675407058;2.4362391933808563;48.9263675407058, 2.4362391933808563
2018;0931229F;Ile-de-France;11;Seine-Saint-Denis;Créteil;24;93;Saint-Denis;93066;FABIEN;REP;48.94371956542853;2.3516580341900717;48.94371956542853, 2.3516580341900717
2017;0940521F;Ile-de-France;11;Val-de-Marne;Créteil;24;94;Créteil;94028;LOUIS PASTEUR;REP;48.78434924334252;2.462168822055753;48.78434924334252, 2.462168822055753
2016;0601179F;Hauts-de-France;32;Oise;Amiens;20;60;Nogent-sur-Oise;60463;MARCELIN BERTHELOT;REP;49.281399722449514;2.476236895061743;49.281399722449514, 2.476236895061743
2014;0020054Y;Hauts-de-France;32;Aisne;Amiens;20;02;Saint-Quentin;02691;MONTAIGNE;REP+;49.86307292091498;3.3006092629510237;49.86307292091498, 3.3006092629510237
2018;0061131X;Provence-Alpes-Côte d'Azur;93;Alpes-Maritimes;Nice;23;06;Nice;06088;MAURICE JAUBERT;REP+;43.73776984518716;7.299917624320843;43.73776984518716, 7.299917624320843
2017;0131605Z;Provence-Alpes-Côte d'Azur;93;Bouches-du-Rhône;Aix-Marseille;02;13;Marseille 16e  Arrondissement;13216;HENRI BARNIER;REP+;43.36492745764797;5.343825789781387;43.36492745764797, 5.343825789781387
2016;0132412B;Provence-Alpes-Côte d'Azur;93;Bouches-du-Rhône;Aix-Marseille;02;13;Aubagne;13005;LOU GARLABAN;REP;43.28048330734522;5.548163380761833;43.28048330734522, 5.548163380761833
2019;0133775H;Provence-Alpes-Côte d'Azur;93;Bouches-du-Rhône;Aix-Marseille;02;13;Marseille 14e  Arrondissement;13214;MARIE LAURENCIN;REP+;43.32037088694167;5.387863339523559;43.32037088694167, 5.387863339523559
2017;0211357L;Bourgogne-Franche-Comté;27;Côte-d'Or;Dijon;07;21;Dijon;21231;JEAN PHILIPPE RAMEAU;REP;47.32280760346612;4.994750769473767;47.32280760346612, 4.994750769473767
2017;0260850H;Auvergne-Rhône-Alpes;84;Drôme;Grenoble;08;26;Romans-sur-Isère;26281;ETIENNE-JEAN LAPASSAT (ETIENNE JEAN LAPASSAT);REP;45.0427292309842;5.082057492953541;45.0427292309842, 5.082057492953541
2016;0271237Y;Normandie;28;Eure;Rouen;21;27;Evreux;27229;PABLO NERUDA;REP+;49.006953303472834;1.1603240039988747;49.006953303472834, 1.1603240039988747
2019;0300141R;Occitanie;76;Gard;Montpellier;11;30;Nîmes;30189;CONDORCET;REP+;43.82766087022205;4.336147287866047;43.82766087022205, 4.336147287866047
2015;0331880P;Nouvelle-Aquitaine;75;Gironde;Bordeaux;04;33;Bègles;33039;PABLO NERUDA;REP;44.79419709420395;-0.5623927165244033;44.79419709420395, -0.5623927165244033
2017;0331880P;Nouvelle-Aquitaine;75;Gironde;Bordeaux;04;33;Bègles;33039;PABLO NERUDA;REP;44.79419709420395;-0.5623927165244033;44.79419709420395, -0.5623927165244033
2019;0341592W;Occitanie;76;Hérault;Montpellier;11;34;Montpellier;34172;MARCEL PAGNOL;REP;43.596447691727064;3.846735418016563;43.596447691727064, 3.846735418016563
2019;0421852K;Auvergne-Rhône-Alpes;84;Loire;Lyon;10;42;Mably;42127;LOUIS ARAGON;REP;46.081430408142595;4.0733649377455485;46.081430408142595, 4.0733649377455485
2016;0440536U;Pays de la Loire;52;Loire-Atlantique;Nantes;17;44;Nantes;44109;SOPHIE GERMAIN;REP+;47.214925766511755;-1.5361600679820884;47.214925766511755, -1.5361600679820884
2015;0540088C;Grand Est;44;Meurthe-et-Moselle;Nancy-Metz;12;54;Mont-Saint-Martin;54382;ANATOLE FRANCE;REP;49.54470948030997;5.790352318724787;49.54470948030997, 5.790352318724787
2015;0572487U;Grand Est;44;Moselle;Nancy-Metz;12;57;L'Hôpital;57336;FRANCOIS RABELAIS;REP;49.1629195731653;6.744415378946826;49.1629195731653, 6.744415378946826
2014;0600022Y;Hauts-de-France;32;Oise;Amiens;20;60;Creil;60175;GABRIEL HAVEZ;REP+;49.247996126408296;2.4688454243828932;49.247996126408296, 2.4688454243828932
2015;9710033J;Guadeloupe;01;Guadeloupe;Guadeloupe;32;971;La Désirade;97110;MARYSE CONDE;REP;16.304903649327933;-61.068447333229244;16.304903649327933, -61.068447333229244
2016;9710406P;Guadeloupe;01;Guadeloupe;Guadeloupe;32;971;Capesterre-Belle-Eau;97107;GERMAIN SAINT-RUF;REP;16.05083977821544;-61.56215411925296;16.05083977821544, -61.56215411925296
2019;9710406P;Guadeloupe;01;Guadeloupe;Guadeloupe;32;971;Capesterre-Belle-Eau;97107;GERMAIN SAINT-RUF;REP;16.05083977821544;-61.56215411925296;16.05083977821544, -61.56215411925296
2015;9720412R;Martinique;02;Martinique;Martinique;31;972;Fort-de-France;97209;FERNAND DONATIEN (DILLON1) (FERNAND DONATIEN);REP;14.607765650070418;-61.045149684746704;14.607765650070418, -61.045149684746704
2019;9760042S;Mayotte;06;Mayotte;Mayotte;43;976;Chirongui;97606;MARCEL HENRY;REP;-12.934883011040357;45.15055543950539;-12.934883011040357, 45.15055543950539
2018;9840332N;TOM et Collectivités territoriales;00;Polynésie Française;Polynésie Française;41;987;Rangiroa;98740;DE RANGIROA;REP+;;;
2017;0692703N;Auvergne-Rhône-Alpes;84;Rhône;Lyon;10;69;Lyon 9e  Arrondissement;69389;JEAN DE VERRAZANE;REP;45.77380400957952;4.8045964124717155;45.77380400957952, 4.8045964124717155
2018;9730337D;Guyane;03;Guyane;Guyane;33;973;Apatou;97360;MA AIYE;REP+;5.162072787983317;-54.338404329000966;5.162072787983317, -54.338404329000966
2014;0160113L;Nouvelle-Aquitaine;75;Charente;Poitiers;13;16;Angoulême;16015;MICHELLE PALLET;REP+;45.65023713721452;0.12969672338718286;45.65023713721452, 0.12969672338718286
2015;0170077S;Nouvelle-Aquitaine;75;Charente-Maritime;Poitiers;13;17;La Rochelle;17300;PIERRE MENDES FRANCE;REP+;46.1692133008575;-1.1787166669195002;46.1692133008575, -1.1787166669195002
2016;0690249W;Auvergne-Rhône-Alpes;84;Rhône;Lyon;10;69;Vaulx-en-Velin;69256;PIERRE VALDO;REP+;45.77954488342978;4.9295411995665726;45.77954488342978, 4.9295411995665726
2018;0692336P;Auvergne-Rhône-Alpes;84;Rhône;Lyon;10;69;Vaulx-en-Velin;69256;HENRI BARBUSSE;REP+;45.78561586444178;4.915963140888081;45.78561586444178, 4.915963140888081
2015;0290149E;Bretagne;53;Finistère;Rennes;14;29;Brest;29019;KERHALLET;REP;48.40363054978629;-4.510363560787079;48.40363054978629, -4.510363560787079
2017;0290149E;Bretagne;53;Finistère;Rennes;14;29;Brest;29019;KERHALLET;REP;48.40363054978629;-4.510363560787079;48.40363054978629, -4.510363560787079
2017;0291087Z;Bretagne;53;Finistère;Rennes;14;29;Quimper;29232;MAX JACOB;REP;47.98751825049506;-4.131380514595773;47.98751825049506, -4.131380514595773
2017;0350708E;Bretagne;53;Ille-et-Vilaine;Rennes;14;35;Dol-de-Bretagne;35095;PAUL FEVAL;REP;48.538947132297224;-1.7653987808097409;48.538947132297224, -1.7653987808097409
2016;0351851X;Bretagne;53;Ille-et-Vilaine;Rennes;14;35;Rennes;35238;LA BINQUENAIS;REP;48.0904863079808;-1.6632653804557214;48.0904863079808, -1.6632653804557214
2017;0311321T;Occitanie;76;Haute-Garonne;Toulouse;16;31;Toulouse;31555;RAYMOND BADIOU;REP+;43.56977422961038;1.4075291473092462;43.56977422961038, 1.4075291473092462
2015;0752198G;Ile-de-France;11;Paris;Paris;01;75;Paris 20e  Arrondissement;75120;PIERRE MENDES FRANCE;REP;48.868065878950105;2.4111584550272513;48.868065878950105, 2.4111584550272513
2018;0132730X;Provence-Alpes-Côte d'Azur;93;Bouches-du-Rhône;Aix-Marseille;02;13;Marseille 14e  Arrondissement;13214;PYTHEAS;REP+;43.33378113937141;5.396353065567371;43.33378113937141, 5.396353065567371
2017;0240056F;Nouvelle-Aquitaine;75;Dordogne;Bordeaux;04;24;Vergt;24571;DES TROIS VALLEES;REP;45.02534034616135;0.71291836334078;45.02534034616135, 0.71291836334078
2016;0250056A;Bourgogne-Franche-Comté;27;Doubs;Besançon;03;25;Sochaux;25547;JOUFFROY D'ABBANS;REP;47.512047327798165;6.841445759070088;47.512047327798165, 6.841445759070088
2016;0251080N;Bourgogne-Franche-Comté;27;Doubs;Besançon;03;25;Besançon;25056;DIDEROT;REP+;47.22135259462659;5.971546674758418;47.22135259462659, 5.971546674758418
2015;0251209D;Bourgogne-Franche-Comté;27;Doubs;Besançon;03;25;Bethoncourt;25057;ANATOLE FRANCE;REP+;47.53840511352866;6.804008062701719;47.53840511352866, 6.804008062701719
2017;0260049M;Auvergne-Rhône-Alpes;84;Drôme;Grenoble;08;26;Valence;26362;JEAN ZAY;REP;44.93594848237967;4.900376271644844;44.93594848237967, 4.900376271644844
2018;0271398Y;Normandie;28;Eure;Rouen;21;27;Louviers;27375;LES FOUGERES;REP;49.21189789214124;1.1537173898769217;49.21189789214124, 1.1537173898769217
2019;0300059B;Occitanie;76;Gard;Montpellier;11;30;Nîmes;30189;JULES VERNE;REP+;43.82963913582709;4.342961784941175;43.82963913582709, 4.342961784941175
2017;0340996Y;Occitanie;76;Hérault;Montpellier;11;34;Montpellier;34172;LES ESCHOLIERS DE LA MOSSON;REP+;43.63373903555031;3.821653282796258;43.63373903555031, 3.821653282796258
2018;0440284V;Pays de la Loire;52;Loire-Atlantique;Nantes;17;44;Nantes;44109;STENDHAL;REP+;47.26145063380694;-1.569732940833821;47.26145063380694, -1.569732940833821
2017;0491028B;Pays de la Loire;52;Maine-et-Loire;Nantes;17;49;Angers;49007;MONTAIGNE;REP;47.4695553177496;-0.5324441945009276;47.4695553177496, -0.5324441945009276
2017;0491675E;Pays de la Loire;52;Maine-et-Loire;Nantes;17;49;Cholet;49099;JOACHIM DU BELLAY;REP;47.040265123704096;-0.8862803545470918;47.040265123704096, -0.8862803545470918
2018;0511251H;Grand Est;44;Marne;Reims;19;51;Reims;51454;JOLIOT-CURIE;REP+;49.23189441163439;4.005971883053289;49.23189441163439, 4.005971883053289
2018;0520822L;Grand Est;44;Haute-Marne;Reims;19;52;Joinville;52250;CRESSOT;REP;48.4417157960928;5.153097596469146;48.4417157960928, 5.153097596469146
2017;0541468C;Grand Est;44;Meurthe-et-Moselle;Nancy-Metz;12;54;Nancy;54395;CLAUDE LE LORRAIN;REP+;48.69931608743069;6.146617429214828;48.69931608743069, 6.146617429214828
2017;0570127D;Grand Est;44;Moselle;Nancy-Metz;12;57;Metz;57463;LES HAUTS DE BLEMONT;REP+;49.118425454510806;6.227211852188134;49.118425454510806, 6.227211852188134
2019;0572493A;Grand Est;44;Moselle;Nancy-Metz;12;57;Petite-Rosselle;57537;LOUIS ARMAND;REP;49.20993548164225;6.850061765488757;49.20993548164225, 6.850061765488757
2019;0580599L;Bourgogne-Franche-Comté;27;Nièvre;Dijon;07;58;Nevers;58194;ADAM BILLAUT;REP;47.00647110833798;3.1586051792836987;47.00647110833798, 3.1586051792836987
2018;0601605U;Hauts-de-France;32;Oise;Amiens;20;60;Noyon;60471;PAUL ELUARD;REP;49.58519509905662;2.997788447559591;49.58519509905662, 2.997788447559591
2019;0680110A;Grand Est;44;Haut-Rhin;Strasbourg;15;68;Mulhouse;68224;JEAN MACE;REP+;47.73365652425607;7.294292726743986;47.73365652425607, 7.294292726743986
2015;0680111B;Grand Est;44;Haut-Rhin;Strasbourg;15;68;Mulhouse;68224;SAINT-EXUPERY;REP+;47.75913190321395;7.365076622454544;47.75913190321395, 7.365076622454544
2017;0681961M;Grand Est;44;Haut-Rhin;Strasbourg;15;68;Mulhouse;68224;BEL AIR;REP;47.73025291297963;7.305713792132944;47.73025291297963, 7.305713792132944
2016;0690099H;Auvergne-Rhône-Alpes;84;Rhône;Lyon;10;69;Villefranche-sur-Saône;69264;JEAN MOULIN;REP+;45.983144177172896;4.7148976208946936;45.983144177172896, 4.7148976208946936
2018;0690280E;Auvergne-Rhône-Alpes;84;Rhône;Lyon;10;69;Villeurbanne;69266;LES IRIS;REP;45.769249777900555;4.897808837994051;45.769249777900555, 4.897808837994051
2018;0691483M;Auvergne-Rhône-Alpes;84;Rhône;Lyon;10;69;Givors;69091;LUCIE AUBRAC;REP;45.600094808242886;4.768598306249514;45.600094808242886, 4.768598306249514
2018;0710056A;Bourgogne-Franche-Comté;27;Saône-et-Loire;Dijon;07;71;Montceau-les-Mines;71306;JEAN MOULIN;REP;46.67375648575554;4.366562992835783;46.67375648575554, 4.366562992835783
2016;0711348E;Bourgogne-Franche-Comté;27;Saône-et-Loire;Dijon;07;71;Chalon-sur-Saône;71076;JEAN VILAR;REP;46.801794885374015;4.853275409644558;46.801794885374015, 4.853275409644558
2017;0720081X;Pays de la Loire;52;Sarthe;Nantes;17;72;Le Mans;72181;ALAIN-FOURNIER;REP+;47.98751300802963;0.21532225850621747;47.98751300802963, 0.21532225850621747
2019;0720987G;Pays de la Loire;52;Sarthe;Nantes;17;72;Le Mans;72181;COSTA-GAVRAS;REP+;47.99418377976128;0.23195274165646437;47.99418377976128, 0.23195274165646437
2017;0760026R;Normandie;28;Seine-Maritime;Rouen;21;76;Dieppe;76217;CLAUDE DELVINCOURT;REP;49.90711519029852;1.068356388364917;49.90711519029852, 1.068356388364917
2016;0760050S;Normandie;28;Seine-Maritime;Rouen;21;76;Le Havre;76351;JULES VALLES;REP+;49.51192811793187;0.17755689027558227;49.51192811793187, 0.17755689027558227
2018;0761697G;Normandie;28;Seine-Maritime;Rouen;21;76;Le Havre;76351;CLAUDE BERNARD;REP;49.51790170463411;0.10515033243260277;49.51790170463411, 0.10515033243260277
2018;0761698H;Normandie;28;Seine-Maritime;Rouen;21;76;Le Havre;76351;GERARD PHILIPE;REP;49.496910107205935;0.13827363002900778;49.496910107205935, 0.13827363002900778
2018;0761745J;Normandie;28;Seine-Maritime;Rouen;21;76;Rouen;76540;CAMILLE CLAUDEL;REP;49.42928741250463;1.0891656628493005;49.42928741250463, 1.0891656628493005
2015;0761780X;Normandie;28;Seine-Maritime;Rouen;21;76;Rouen;76540;GEORGES BRAQUE;REP+;49.451635526235265;1.141275440727884;49.451635526235265, 1.141275440727884
2019;0762127Z;Normandie;28;Seine-Maritime;Rouen;21;76;Le Havre;76351;HENRI WALLON;REP+;49.522224770000655;0.11605646683317473;49.522224770000655, 0.11605646683317473
2018;0762128A;Normandie;28;Seine-Maritime;Rouen;21;76;Le Havre;76351;LEO LAGRANGE;REP;49.50186807065949;0.16517192604474898;49.50186807065949, 0.16517192604474898
2019;0771567K;Ile-de-France;11;Seine-et-Marne;Créteil;24;77;Montereau-Fault-Yonne;77305;PAUL ELUARD;REP;48.40066590235061;2.9685607084546386;48.40066590235061, 2.9685607084546386
2019;0771761W;Ile-de-France;11;Seine-et-Marne;Créteil;24;77;Montereau-Fault-Yonne;77305;ANDRE MALRAUX;REP+;48.3945182782447;2.9589810457155954;48.3945182782447, 2.9589810457155954
2016;0771841H;Ile-de-France;11;Seine-et-Marne;Créteil;24;77;Noisiel;77337;LE LUZARD;REP;48.846480601359104;2.612890164548638;48.846480601359104, 2.612890164548638
2016;0772481D;Ile-de-France;11;Seine-et-Marne;Créteil;24;77;Provins;77379;MARIE CURIE;REP;48.54848989706616;3.2963388803714886;48.54848989706616, 3.2963388803714886
2018;0790027A;Nouvelle-Aquitaine;75;Deux-Sèvres;Poitiers;13;79;Niort;79191;JEAN ZAY;REP;46.31778241401246;-0.4777261248915116;46.31778241401246, -0.4777261248915116
2017;0800029X;Hauts-de-France;32;Somme;Amiens;20;80;Doullens;80253;JEAN ROSTAND;REP;50.155663891466126;2.3348007017392702;50.155663891466126, 2.3348007017392702
2015;0830953K;Provence-Alpes-Côte d'Azur;93;Var;Nice;23;83;Toulon;83137;PEIRESC;REP;43.124410625407464;5.934668706237845;43.124410625407464, 5.934668706237845
2019;0840108L;Provence-Alpes-Côte d'Azur;93;Vaucluse;Aix-Marseille;02;84;Avignon;84007;ANSELME MATHIEU;REP+;43.93255786917063;4.816839111561336;43.93255786917063, 4.816839111561336
2016;0840761W;Provence-Alpes-Côte d'Azur;93;Vaucluse;Aix-Marseille;02;84;Carpentras;84031;ALPHONSE DAUDET;REP+;44.04873818365949;5.030355340106358;44.04873818365949, 5.030355340106358
2017;0880045W;Grand Est;44;Vosges;Nancy-Metz;12;88;Rambervillers;88367;ALPHONSE CYTERE;REP;48.35301560900074;6.636642405074547;48.35301560900074, 6.636642405074547
2019;0890017K;Bourgogne-Franche-Comté;27;Yonne;Dijon;07;89;Migennes;89257;PAUL FOURREY;REP;47.96481702820786;3.5177534841722395;47.96481702820786, 3.5177534841722395
2016;0890980G;Bourgogne-Franche-Comté;27;Yonne;Dijon;07;89;Tonnerre;89418;ABEL MINARD;REP;47.863079174723275;3.987936178730635;47.863079174723275, 3.987936178730635
2017;0931149U;Ile-de-France;11;Seine-Saint-Denis;Créteil;24;93;Tremblay-en-France;93073;PIERRE RONSARD;REP;48.958775174472954;2.5695518301211235;48.958775174472954, 2.5695518301211235
2018;0931149U;Ile-de-France;11;Seine-Saint-Denis;Créteil;24;93;Tremblay-en-France;93073;PIERRE RONSARD;REP;48.958775174472954;2.5695518301211235;48.958775174472954, 2.5695518301211235
2017;0931151W;Ile-de-France;11;Seine-Saint-Denis;Créteil;24;93;Montreuil;93048;JEAN MOULIN;REP;48.85870279826701;2.450673356933251;48.85870279826701, 2.450673356933251
2017;0931710D;Ile-de-France;11;Seine-Saint-Denis;Créteil;24;93;Noisy-le-Sec;93053;OLYMPE DE GOUGES;REP;48.88785137229671;2.469514062223836;48.88785137229671, 2.469514062223836
2015;0932582B;Ile-de-France;11;Seine-Saint-Denis;Créteil;24;93;Saint-Denis;93066;DORA MAAR;REP;48.920954294742565;2.3375613385256524;48.920954294742565, 2.3375613385256524
2015;0940787V;Ile-de-France;11;Val-de-Marne;Créteil;24;94;Chennevières-sur-Marne;94019;NICOLAS BOILEAU;REP;48.80526018792715;2.554708812976008;48.80526018792715, 2.554708812976008
2016;0941022A;Ile-de-France;11;Val-de-Marne;Créteil;24;94;Alfortville;94002;LEON BLUM;REP;48.79386024148904;2.425426471420578;48.79386024148904, 2.425426471420578
2015;0941052H;Ile-de-France;11;Val-de-Marne;Créteil;24;94;Valenton;94074;FERNANDE FLAGON;REP;48.75023862132853;2.463883037993066;48.75023862132853, 2.463883037993066
2015;0941224V;Ile-de-France;11;Val-de-Marne;Créteil;24;94;Vitry-sur-Seine;94081;FRANCOIS RABELAIS;REP;48.78078831738193;2.391801312818068;48.78078831738193, 2.391801312818068
2014;7200012A;Corse;94;Haute-Corse;Corse;27;2B;Bastia;2B033;SAINT-JOSEPH;REP+;42.68975143638491;9.446075294377218;42.68975143638491, 9.446075294377218
2015;7200013B;Corse;94;Haute-Corse;Corse;27;2B;Bastia;2B033;MONTESORO;REP;42.669559408298056;9.427441902808672;42.669559408298056, 9.427441902808672
2015;7200086F;Corse;94;Haute-Corse;Corse;27;2B;Prunelli-di-Fiumorbo;2B251;DI FIUMORBU;REP;41.9958834398515;9.40519108814035;41.9958834398515, 9.40519108814035
2018;9710029E;Guadeloupe;01;Guadeloupe;Guadeloupe;32;971;Pointe-Noire;97121;COURBARIL;REP;16.234584612702104;-61.7885586530458;16.234584612702104, -61.7885586530458
2016;9711181G;Guadeloupe;01;Guadeloupe;Guadeloupe;32;971;Sainte-Rose;97129;BOIS RADA;REP;16.28069078730079;-61.67041044710305;16.28069078730079, -61.67041044710305
2016;9720012F;Martinique;02;Martinique;Martinique;31;972;Gros-Morne;97212;EUZHAN PALCY;REP;14.712179235327438;-60.99655634218415;14.712179235327438, -60.99655634218415
2019;9720447D;Martinique;02;Martinique;Martinique;31;972;Le Marin;97217;GERARD CAFE;REP;14.471266294635074;-60.862968514055495;14.471266294635074, -60.862968514055495
2019;9720472F;Martinique;02;Martinique;Martinique;31;972;Basse-Pointe;97203;AIME CESAIRE DE BASSE-POINTE;REP+;14.867990423486788;-61.12004956346709;14.867990423486788, -61.12004956346709
2014;9720513A;Martinique;02;Martinique;Martinique;31;972;Sainte-Marie;97228;EMMANUEL SALDES;REP+;14.785477139595768;-60.9989930568565;14.785477139595768, -60.9989930568565
2017;0370766G;Centre-Val de Loire;24;Indre-et-Loire;Orléans-Tours;18;37;Saint-Pierre-des-Corps;37233;JACQUES DECOUR;REP+;47.39415854305077;0.7222934821433079;47.39415854305077, 0.7222934821433079
2015;0761704P;Normandie;28;Seine-Maritime;Rouen;21;76;Fécamp;76259;JULES FERRY;REP;49.755461078651145;0.38232728158670715;49.755461078651145, 0.38232728158670715
2015;0930893R;Ile-de-France;11;Seine-Saint-Denis;Créteil;24;93;Epinay-sur-Seine;93031;ROGER MARTIN DU GARD;REP+;48.95124030255269;2.336226593178637;48.95124030255269, 2.336226593178637
2015;0931145P;Ile-de-France;11;Seine-Saint-Denis;Créteil;24;93;Epinay-sur-Seine;93031;ROBESPIERRE;REP;48.95840522776568;2.310799082524989;48.95840522776568, 2.310799082524989
2014;0931147S;Ile-de-France;11;Seine-Saint-Denis;Créteil;24;93;Stains;93072;BARBARA;REP+;48.9516454471708;2.369980113585586;48.9516454471708, 2.369980113585586
2018;0931199Y;Ile-de-France;11;Seine-Saint-Denis;Créteil;24;93;Drancy;93029;ARETHA FRANKLIN (PAUL LANGEVIN);REP;48.924665097725146;2.421689426021853;48.924665097725146, 2.421689426021853
2016;0941603G;Ile-de-France;11;Val-de-Marne;Créteil;24;94;Limeil-Brévannes;94044;JANUSZ KORCZAK;REP;48.7422624576387;2.5059908466945227;48.7422624576387, 2.5059908466945227
2019;0771339M;Ile-de-France;11;Seine-et-Marne;Créteil;24;77;Melun;77288;PIERRE BROSSOLETTE;REP;48.54592873477794;2.6750387874761676;48.54592873477794, 2.6750387874761676
2016;0780514K;Ile-de-France;11;Yvelines;Versailles;25;78;Trappes;78621;LE VILLAGE;REP;48.7809686921288;1.9960568403721615;48.7809686921288, 1.9960568403721615
2019;0781914G;Ile-de-France;11;Yvelines;Versailles;25;78;Les Mureaux;78440;JEAN VILAR;REP;48.977616854721;1.9086280969083045;48.977616854721, 1.9086280969083045
2018;0781977A;Ile-de-France;11;Yvelines;Versailles;25;78;Mantes-la-Jolie;78361;GEORGES CLEMENCEAU;REP+;48.99927610937402;1.6874575556683324;48.99927610937402, 1.6874575556683324
2019;0911027X;Ile-de-France;11;Essonne;Versailles;25;91;Athis-Mons;91027;MICHEL RICHARD DELALANDE;REP;48.71206175285292;2.394841141019621;48.71206175285292, 2.394841141019621
2018;0470046V;Nouvelle-Aquitaine;75;Lot-et-Garonne;Bordeaux;04;47;Fumel;47106;JEAN MONNET;REP;44.498657976290374;0.958768668949156;44.498657976290374, 0.958768668949156
2016;0700786Z;Bourgogne-Franche-Comté;27;Haute-Saône;Besançon;03;70;Vesoul;70550;JACQUES BREL;REP;47.63264042849301;6.1685514150093415;47.63264042849301, 6.1685514150093415
2019;0331895F;Nouvelle-Aquitaine;75;Gironde;Bordeaux;04;33;Lormont;33249;MONTAIGNE;REP+;44.87361365211743;-0.5176515046626512;44.87361365211743, -0.5176515046626512
2017;0760083C;Normandie;28;Seine-Maritime;Rouen;21;76;Oissel;76484;JEAN CHARCOT;REP;49.357936376211995;1.0949990861388395;49.357936376211995, 1.0949990861388395
2016;0590088A;Hauts-de-France;32;Nord;Lille;09;59;Grande-Synthe;59271;JULES VERNE;REP+;51.020127902647296;2.3046996668512616;51.020127902647296, 2.3046996668512616
2018;0590238N;Hauts-de-France;32;Nord;Lille;09;59;Waziers;59654;ROMAIN ROLLAND;REP;50.38602048239937;3.10799200332045;50.38602048239937, 3.10799200332045
2017;0594301E;Hauts-de-France;32;Nord;Lille;09;59;Beuvrages;59079;PAUL ELUARD;REP+;50.38544699303679;3.500883268037926;50.38544699303679, 3.500883268037926
2017;0594309N;Hauts-de-France;32;Nord;Lille;09;59;Hautmont;59291;PIERRE DE RONSARD;REP+;50.25368550287511;3.901210935768795;50.25368550287511, 3.901210935768795
2016;0594632P;Hauts-de-France;32;Nord;Lille;09;59;Hem;59299;RAYMOND DEVOS (RAYMOND DEVOS );REP;50.66115030363756;3.1877820191313746;50.66115030363756, 3.1877820191313746
2017;0594865T;Hauts-de-France;32;Nord;Lille;09;59;Ronchin;59507;ANATOLE FRANCE;REP;50.611817196222624;3.080527878227017;50.611817196222624, 3.080527878227017
2015;0870960W;Nouvelle-Aquitaine;75;Haute-Vienne;Limoges;22;87;Limoges;87085;FIRMIN ROZ;REP;45.86728699051221;1.2906644253978063;45.86728699051221, 1.2906644253978063
2019;0870960W;Nouvelle-Aquitaine;75;Haute-Vienne;Limoges;22;87;Limoges;87085;FIRMIN ROZ;REP;45.86728699051221;1.2906644253978063;45.86728699051221, 1.2906644253978063
2017;0301010K;Occitanie;76;Gard;Montpellier;11;30;Nîmes;30189;ADA LOVELACE (JULES VALLES);REP+;43.85767754358467;4.394937901878512;43.85767754358467, 4.394937901878512
2016;0330103H;Nouvelle-Aquitaine;75;Gironde;Bordeaux;04;33;Pauillac;33314;PIERRE DE BELLEYME;REP;45.20176659918781;-0.7512280667390121;45.20176659918781, -0.7512280667390121
2016;0331885V;Nouvelle-Aquitaine;75;Gironde;Bordeaux;04;33;Cenon;33119;JEAN JAURES;REP;44.862885209225176;-0.5166330993847211;44.862885209225176, -0.5166330993847211
2019;0800019L;Hauts-de-France;32;Somme;Amiens;20;80;Amiens;80021;CESAR FRANCK;REP+;49.91195538606679;2.3106435053940633;49.91195538606679, 2.3106435053940633
2017;0010035H;Auvergne-Rhône-Alpes;84;Ain;Lyon;10;01;Oyonnax;01283;LOUIS LUMIERE;REP+;46.25485445619305;5.638293758962887;46.25485445619305, 5.638293758962887
2016;0061211J;Provence-Alpes-Côte d'Azur;93;Alpes-Maritimes;Nice;23;06;Vallauris;06155;PABLO PICASSO;REP;43.58031470845931;7.056731777062506;43.58031470845931, 7.056731777062506
2015;0110068P;Occitanie;76;Aude;Montpellier;11;11;Narbonne;11262;GEORGES BRASSENS;REP;43.18619491616579;2.9742537468546484;43.18619491616579, 2.9742537468546484
2014;0131262B;Provence-Alpes-Côte d'Azur;93;Bouches-du-Rhône;Aix-Marseille;02;13;Marseille 13e  Arrondissement;13213;JACQUES PREVERT;REP+;43.325958622791504;5.432413527640791;43.325958622791504, 5.432413527640791
2018;0131604Y;Provence-Alpes-Côte d'Azur;93;Bouches-du-Rhône;Aix-Marseille;02;13;Marseille 14e  Arrondissement;13214;HENRI WALLON;REP+;43.31961782388107;5.386181635547058;43.31961782388107, 5.386181635547058
2019;0131605Z;Provence-Alpes-Côte d'Azur;93;Bouches-du-Rhône;Aix-Marseille;02;13;Marseille 16e  Arrondissement;13216;HENRI BARNIER;REP+;43.36492745764797;5.343825789781387;43.36492745764797, 5.343825789781387
2015;0132408X;Provence-Alpes-Côte d'Azur;93;Bouches-du-Rhône;Aix-Marseille;02;13;Marseille 15e  Arrondissement;13215;JULES FERRY;REP+;43.3425610267601;5.356524533524035;43.3425610267601, 5.356524533524035
2018;0132412B;Provence-Alpes-Côte d'Azur;93;Bouches-du-Rhône;Aix-Marseille;02;13;Aubagne;13005;LOU GARLABAN;REP;43.28048330734522;5.548163380761833;43.28048330734522, 5.548163380761833
2019;0132412B;Provence-Alpes-Côte d'Azur;93;Bouches-du-Rhône;Aix-Marseille;02;13;Aubagne;13005;LOU GARLABAN;REP;43.28048330734522;5.548163380761833;43.28048330734522, 5.548163380761833
2019;0132730X;Provence-Alpes-Côte d'Azur;93;Bouches-du-Rhône;Aix-Marseille;02;13;Marseille 14e  Arrondissement;13214;PYTHEAS;REP+;43.33378113937141;5.396353065567371;43.33378113937141, 5.396353065567371
2016;0134022B;Provence-Alpes-Côte d'Azur;93;Bouches-du-Rhône;Aix-Marseille;02;13;Marseille 10e  Arrondissement;13210;LOUISE MICHEL;REP;43.276588920295026;5.4085359002879265;43.276588920295026, 5.4085359002879265
2017;0212102W;Bourgogne-Franche-Comté;27;Côte-d'Or;Dijon;07;21;Dijon;21231;CHAMPOLLION;REP;47.331506115773834;5.0715664091030215;47.331506115773834, 5.0715664091030215
2019;0212102W;Bourgogne-Franche-Comté;27;Côte-d'Or;Dijon;07;21;Dijon;21231;CHAMPOLLION;REP;47.331506115773834;5.0715664091030215;47.331506115773834, 5.0715664091030215
2017;0251599C;Bourgogne-Franche-Comté;27;Doubs;Besançon;03;25;Valentigney;25580;LES BRUYERES;REP;47.45420213424987;6.829897618916385;47.45420213424987, 6.829897618916385
2016;0340109J;Occitanie;76;Hérault;Montpellier;11;34;Montpellier;34172;LES GARRIGUES;REP+;43.642644037735835;3.8170859935499246;43.642644037735835, 3.8170859935499246
2019;0341066Z;Occitanie;76;Hérault;Montpellier;11;34;Béziers;34032;JEAN PERRIN;REP;43.343281958277856;3.2393222329882696;43.343281958277856, 3.2393222329882696
2018;0421852K;Auvergne-Rhône-Alpes;84;Loire;Lyon;10;42;Mably;42127;LOUIS ARAGON;REP;46.081430408142595;4.0733649377455485;46.081430408142595, 4.0733649377455485
2016;0440286X;Pays de la Loire;52;Loire-Atlantique;Nantes;17;44;Nantes;44109;CLAUDE DEBUSSY;REP+;47.20359201918089;-1.6056292775068752;47.20359201918089, -1.6056292775068752
2017;0440286X;Pays de la Loire;52;Loire-Atlantique;Nantes;17;44;Nantes;44109;CLAUDE DEBUSSY;REP+;47.20359201918089;-1.6056292775068752;47.20359201918089, -1.6056292775068752
2015;0441608J;Pays de la Loire;52;Loire-Atlantique;Nantes;17;44;Nantes;44109;LA DURANTIERE;REP;47.21486590503068;-1.6039867756565513;47.21486590503068, -1.6039867756565513
2019;0541817G;Grand Est;44;Meurthe-et-Moselle;Nancy-Metz;12;54;Jarville-la-Malgrange;54274;ALBERT CAMUS;REP;48.67584250742665;6.201198042197508;48.67584250742665, 6.201198042197508
2015;0572183N;Grand Est;44;Moselle;Nancy-Metz;12;57;Puttelange-aux-Lacs;57556;JEAN BAPTISTE EBLE;REP;49.05257108758762;6.925385733218643;49.05257108758762, 6.925385733218643
2017;0573268T;Grand Est;44;Moselle;Nancy-Metz;12;57;Behren-lès-Forbach;57058;ROBERT SCHUMAN;REP+;49.16571242081087;6.934232994852079;49.16571242081087, 6.934232994852079
2014;0611026J;Normandie;28;Orne;Caen;05;61;Alençon;61001;LOUISE MICHEL;REP+;48.41269321117825;0.09501263047424259;48.41269321117825, 0.09501263047424259
2019;0670066H;Grand Est;44;Bas-Rhin;Strasbourg;15;67;Schiltigheim;67447;ROUGET DE LISLE;REP;48.60889386260531;7.768346112428024;48.60889386260531, 7.768346112428024
2019;0700788B;Bourgogne-Franche-Comté;27;Haute-Saône;Besançon;03;70;Saint-Loup-sur-Semouse;70467;ANDRE MASSON;REP;47.884549253190436;6.2795588519037615;47.884549253190436, 6.2795588519037615
2015;0710056A;Bourgogne-Franche-Comté;27;Saône-et-Loire;Dijon;07;71;Montceau-les-Mines;71306;JEAN MOULIN;REP;46.67375648575554;4.366562992835783;46.67375648575554, 4.366562992835783
2017;0711348E;Bourgogne-Franche-Comté;27;Saône-et-Loire;Dijon;07;71;Chalon-sur-Saône;71076;JEAN VILAR;REP;46.801794885374015;4.853275409644558;46.801794885374015, 4.853275409644558
2015;0762919K;Normandie;28;Seine-Maritime;Rouen;21;76;Caudebec-lès-Elbeuf;76165;JACQUES-YVES COUSTEAU;REP;49.27731739680282;1.0242361608065944;49.27731739680282, 1.0242361608065944
2019;0771070V;Ile-de-France;11;Seine-et-Marne;Créteil;24;77;Melun;77288;FREDERIC CHOPIN;REP;48.55243324813736;2.6408622210764015;48.55243324813736, 2.6408622210764015
2016;0800036E;Hauts-de-France;32;Somme;Amiens;20;80;Ham;80410;VICTOR HUGO;REP;49.752855233178884;3.0784831064953435;49.752855233178884, 3.0784831064953435
2019;0840007B;Provence-Alpes-Côte d'Azur;93;Vaucluse;Aix-Marseille;02;84;Avignon;84007;JOSEPH ROUMANILLE;REP+;43.93426301817834;4.828267734856219;43.93426301817834, 4.828267734856219
2015;0890980G;Bourgogne-Franche-Comté;27;Yonne;Dijon;07;89;Tonnerre;89418;ABEL MINARD;REP;47.863079174723275;3.987936178730635;47.863079174723275, 3.987936178730635
2015;9740702V;La Réunion;04;La Réunion;La Réunion;28;974;Saint-Benoît;97410;HUBERT DELISLE BEAULIEU (HUBERT DELISLE);REP+;-21.03270633455095;55.707378966164384;-21.03270633455095, 55.707378966164384
2018;0622907Y;Hauts-de-France;32;Pas-de-Calais;Lille;09;62;Saint-Omer;62765;DE LA MORINIE;REP+;50.7477357425642;2.26844856344591;50.7477357425642, 2.26844856344591
2018;0131704G;Provence-Alpes-Côte d'Azur;93;Bouches-du-Rhône;Aix-Marseille;02;13;Marseille 15e  Arrondissement;13215;ARTHUR RIMBAUD;REP+;43.34432893263555;5.348482706937176;43.34432893263555, 5.348482706937176
2019;0921631Y;Ile-de-France;11;Hauts-de-Seine;Versailles;25;92;Bagneux;92007;HENRI BARBUSSE;REP;48.7964575392585;2.31779890558426;48.7964575392585, 2.31779890558426
2018;0691666L;Auvergne-Rhône-Alpes;84;Rhône;Lyon;10;69;Vaulx-en-Velin;69256;AIME CESAIRE;REP+;45.7844854872629;4.915640692767265;45.7844854872629, 4.915640692767265
2015;0120004P;Occitanie;76;Aveyron;Toulouse;16;12;Cransac;12083;JEAN JAURES;REP;44.524723447893024;2.282368543724135;44.524723447893024, 2.282368543724135
2017;0120004P;Occitanie;76;Aveyron;Toulouse;16;12;Cransac;12083;JEAN JAURES;REP;44.524723447893024;2.282368543724135;44.524723447893024, 2.282368543724135
2017;0311231V;Occitanie;76;Haute-Garonne;Toulouse;16;31;Toulouse;31555;MAURICE BECANNE;REP;43.58437571748683;1.4245663009819267;43.58437571748683, 1.4245663009819267
2018;0311231V;Occitanie;76;Haute-Garonne;Toulouse;16;31;Toulouse;31555;MAURICE BECANNE;REP;43.58437571748683;1.4245663009819267;43.58437571748683, 1.4245663009819267
2016;0381810L;Auvergne-Rhône-Alpes;84;Isère;Grenoble;08;38;Fontaine;38169;GERARD PHILIPE;REP;45.19985227600166;5.6784492663384025;45.19985227600166, 5.6784492663384025
2018;0381810L;Auvergne-Rhône-Alpes;84;Isère;Grenoble;08;38;Fontaine;38169;GERARD PHILIPE;REP;45.19985227600166;5.6784492663384025;45.19985227600166, 5.6784492663384025
2015;0650034J;Occitanie;76;Hautes-Pyrénées;Toulouse;16;65;Tarbes;65440;PAUL ELUARD;REP;43.243534972159864;0.0582513971968151;43.243534972159864, 0.0582513971968151
2017;0820588U;Occitanie;76;Tarn-et-Garonne;Toulouse;16;82;Montauban;82121;OLYMPE DE GOUGES;REP;44.01477591537027;1.3802973430395615;44.01477591537027, 1.3802973430395615
2019;0750465Y;Ile-de-France;11;Paris;Paris;01;75;Paris 11e  Arrondissement;75111;LUCIE ET RAYMOND AUBRAC;REP;48.86823146219155;2.3743098395826583;48.86823146219155, 2.3743098395826583
2018;0750484U;Ile-de-France;11;Paris;Paris;01;75;Paris 19e  Arrondissement;75119;W.A. MOZART;REP;48.88957339062926;2.3793026165909783;48.88957339062926, 2.3793026165909783
2019;0750546L;Ile-de-France;11;Paris;Paris;01;75;Paris 18e  Arrondissement;75118;GEORGES CLEMENCEAU;REP+;48.8890134482437;2.3515359569166736;48.8890134482437, 2.3515359569166736
2017;0750575T;Ile-de-France;11;Paris;Paris;01;75;Paris 19e  Arrondissement;75119;SONIA DELAUNAY;REP;48.885939376598216;2.378118607486757;48.885939376598216, 2.378118607486757
2018;0751793S;Ile-de-France;11;Paris;Paris;01;75;Paris 18e  Arrondissement;75118;MAURICE UTRILLO;REP+;48.89850972237922;2.344331539254156;48.89850972237922, 2.344331539254156
2017;0752694W;Ile-de-France;11;Paris;Paris;01;75;Paris 13e  Arrondissement;75113;CAMILLE CLAUDEL;REP;48.820450611738934;2.364643821822803;48.820450611738934, 2.364643821822803
2018;0752958H;Ile-de-France;11;Paris;Paris;01;75;Paris 17e  Arrondissement;75117;BORIS VIAN;REP;48.89055340931243;2.304478506272597;48.89055340931243, 2.304478506272597
2017;0753046D;Ile-de-France;11;Paris;Paris;01;75;Paris 20e  Arrondissement;75120;FLORA TRISTAN;REP;48.85897795579358;2.4049587195705024;48.85897795579358, 2.4049587195705024
2015;0753047E;Ile-de-France;11;Paris;Paris;01;75;Paris 10e  Arrondissement;75110;LA GRANGE AUX BELLES;REP;48.87855293273244;2.36691564025647;48.87855293273244, 2.36691564025647
2017;0753047E;Ile-de-France;11;Paris;Paris;01;75;Paris 10e  Arrondissement;75110;LA GRANGE AUX BELLES;REP;48.87855293273244;2.36691564025647;48.87855293273244, 2.36691564025647
2015;0753345D;Ile-de-France;11;Paris;Paris;01;75;Paris 19e  Arrondissement;75119;EDMOND MICHELET;REP;48.893578613836574;2.3764657013006585;48.893578613836574, 2.3764657013006585
2017;0755433Y;Ile-de-France;11;Paris;Paris;01;75;Paris 18e  Arrondissement;75118;AIMÉ CÉSAIRE;REP;48.888404995750385;2.362494551374222;48.888404995750385, 2.362494551374222
2019;0755747P;Ile-de-France;11;Paris;Paris;01;75;Paris 19e  Arrondissement;75119;SUZANNE LACORE;REP;48.898796984387936;2.3791653645815147;48.898796984387936, 2.3791653645815147
2017;0810127Y;Occitanie;76;Tarn;Toulouse;16;81;Mazamet;81163;MARCEL PAGNOL;REP;43.49232759938056;2.368581115529193;43.49232759938056, 2.368581115529193
2018;0931379U;Ile-de-France;11;Seine-Saint-Denis;Créteil;24;93;Aulnay-sous-Bois;93005;PABLO NERUDA;REP+;48.95123050938797;2.51984315770187;48.95123050938797, 2.51984315770187
2019;0180593X;Centre-Val de Loire;24;Cher;Orléans-Tours;18;18;Bourges;18033;VICTOR HUGO;REP;47.110226054211594;2.409565313649583;47.110226054211594, 2.409565313649583
2015;0280656L;Centre-Val de Loire;24;Eure-et-Loir;Orléans-Tours;18;28;Châteaudun;28088;TOMAS DIVI;REP;48.079107307943175;1.3507761722993146;48.079107307943175, 1.3507761722993146
2019;0360544W;Centre-Val de Loire;24;Indre;Orléans-Tours;18;36;Issoudun;36088;DENIS DIDEROT;REP;46.94493412226158;2.0037684192177854;46.94493412226158, 2.0037684192177854
2015;0371391L;Centre-Val de Loire;24;Indre-et-Loire;Orléans-Tours;18;37;Saint-Pierre-des-Corps;37233;STALINGRAD;REP;47.390112775448756;0.7297326627853571;47.390112775448756, 0.7297326627853571
2016;0410003F;Centre-Val de Loire;24;Loir-et-Cher;Orléans-Tours;18;41;Blois;41018;BLOIS-BEGON;REP+;47.59353381039191;1.307996813734156;47.59353381039191, 1.307996813734156
2015;0451450G;Centre-Val de Loire;24;Loiret;Orléans-Tours;18;45;Gien;45155;JEAN MERMOZ;REP;47.70795055745937;2.6209507722745498;47.70795055745937, 2.6209507722745498
2019;0511254L;Grand Est;44;Marne;Reims;19;51;Reims;51454;FRANCOIS LEGROS;REP;49.236645796922964;4.011475373896371;49.236645796922964, 4.011475373896371
2018;0271286B;Normandie;28;Eure;Rouen;21;27;Val-de-Reuil;27701;ALPHONSE ALLAIS;REP+;49.27441537372215;1.2126090888503258;49.27441537372215, 1.2126090888503258
2019;0930611J;Ile-de-France;11;Seine-Saint-Denis;Créteil;24;93;Le Blanc-Mesnil;93007;NELSON MANDELA;REP;48.94803458237947;2.4608380346264607;48.94803458237947, 2.4608380346264607
2018;0931200Z;Ile-de-France;11;Seine-Saint-Denis;Créteil;24;93;Drancy;93029;PIERRE SEMARD;REP;48.9263675407058;2.4362391933808563;48.9263675407058, 2.4362391933808563
2016;0941040V;Ile-de-France;11;Val-de-Marne;Créteil;24;94;Choisy-le-Roi;94022;EMILE ZOLA;REP;48.768199454529935;2.4057841110469402;48.768199454529935, 2.4057841110469402
2019;0100081J;Grand Est;44;Aube;Reims;19;10;Troyes;10387;MARIE CURIE;REP;48.271865846594174;4.075555703398725;48.271865846594174, 4.075555703398725
2017;0780116C;Ile-de-France;11;Yvelines;Versailles;25;78;Mantes-la-Ville;78362;LES PLAISANCES;REP;48.97415040739862;1.7051621368163097;48.97415040739862, 1.7051621368163097
2019;0780264N;Ile-de-France;11;Yvelines;Versailles;25;78;Poissy;78498;LES GRANDS CHAMPS;REP+;48.9191720971015;2.026573003432105;48.9191720971015, 2.026573003432105
2018;0780514K;Ile-de-France;11;Yvelines;Versailles;25;78;Trappes;78621;LE VILLAGE;REP;48.7809686921288;1.9960568403721615;48.7809686921288, 1.9960568403721615
2016;0781108F;Ile-de-France;11;Yvelines;Versailles;25;78;Chanteloup-les-Vignes;78138;RENE CASSIN;REP+;48.973991194250964;2.030958769778826;48.973991194250964, 2.030958769778826
2019;0783463R;Ile-de-France;11;Yvelines;Versailles;25;78;Sartrouville;78586;LOUIS PAULHAN;REP;48.948168995014555;2.1709483248482035;48.948168995014555, 2.1709483248482035
2016;0910716J;Ile-de-France;11;Essonne;Versailles;25;91;Savigny-sur-Orge;91589;JEAN MERMOZ;REP;48.67265291675446;2.3415313443860524;48.67265291675446, 2.3415313443860524
2018;0910716J;Ile-de-France;11;Essonne;Versailles;25;91;Savigny-sur-Orge;91589;JEAN MERMOZ;REP;48.67265291675446;2.3415313443860524;48.67265291675446, 2.3415313443860524
2016;0921159K;Ile-de-France;11;Hauts-de-Seine;Versailles;25;92;Villeneuve-la-Garenne;92078;EDOUARD MANET;REP;48.93224016659391;2.332970739302508;48.93224016659391, 2.332970739302508
2018;0921543C;Ile-de-France;11;Hauts-de-Seine;Versailles;25;92;Villeneuve-la-Garenne;92078;GEORGES POMPIDOU;REP;48.94177266475734;2.3276690551320613;48.94177266475734, 2.3276690551320613
2017;0921589C;Ile-de-France;11;Hauts-de-Seine;Versailles;25;92;Nanterre;92050;EVARISTE GALOIS;REP+;48.88740374784261;2.2203525844504752;48.88740374784261, 2.2203525844504752
2015;0921621M;Ile-de-France;11;Hauts-de-Seine;Versailles;25;92;Gennevilliers;92036;GUY MOQUET;REP+;48.934540410708635;2.287779542376342;48.934540410708635, 2.287779542376342
2017;0950749Y;Ile-de-France;11;Val-d'Oise;Versailles;25;95;Villiers-le-Bel;95680;SAINT EXUPERY;REP+;49.00082878563883;2.404987844048381;49.00082878563883, 2.404987844048381
2018;0951138W;Ile-de-France;11;Val-d'Oise;Versailles;25;95;Argenteuil;95018;JEAN-JACQUES ROUSSEAU;REP;48.93638428074362;2.2253448479840645;48.93638428074362, 2.2253448479840645
2016;0951139X;Ile-de-France;11;Val-d'Oise;Versailles;25;95;Argenteuil;95018;ALBERT CAMUS;REP;48.94075213244338;2.213189968370559;48.94075213244338, 2.213189968370559
2016;0951356H;Ile-de-France;11;Val-d'Oise;Versailles;25;95;Argenteuil;95018;LUCIE AUBRAC;REP;48.95359895553779;2.230860343204731;48.95359895553779, 2.230860343204731
2017;0951921X;Ile-de-France;11;Val-d'Oise;Versailles;25;95;Goussainville;95280;MICHEL DE MONTAIGNE;REP;49.02854585324489;2.454131677249793;49.02854585324489, 2.454131677249793
2019;0951921X;Ile-de-France;11;Val-d'Oise;Versailles;25;95;Goussainville;95280;MICHEL DE MONTAIGNE;REP;49.02854585324489;2.454131677249793;49.02854585324489, 2.454131677249793
2019;0500068C;Normandie;28;Manche;Caen;05;50;Sainte-Mère-Eglise;50523;SAINT EXUPERY;REP;49.41078137212206;-1.3116902393289178;49.41078137212206, -1.3116902393289178
2019;0500083U;Normandie;28;Manche;Caen;05;50;Villedieu-les-Poêles-Rouffigny;50639;LE DINANDIER;REP;48.84097589041527;-1.2171494143847557;48.84097589041527, -1.2171494143847557
2015;0610057F;Normandie;28;Orne;Caen;05;61;Flers;61169;JEAN MONNET;REP;48.74029567015151;-0.570083082053775;48.74029567015151, -0.570083082053775
2016;0340118U;Occitanie;76;Hérault;Montpellier;11;34;Béziers;34032;HENRI IV;REP;43.34372746511243;3.2102113798398255;43.34372746511243, 3.2102113798398255
2018;0340118U;Occitanie;76;Hérault;Montpellier;11;34;Béziers;34032;HENRI IV;REP;43.34372746511243;3.2102113798398255;43.34372746511243, 3.2102113798398255
2017;0520737U;Grand Est;44;Haute-Marne;Reims;19;52;Chaumont;52121;LA ROCHOTTE;REP;48.09040960260351;5.134955547141704;48.09040960260351, 5.134955547141704
2016;0590031N;Hauts-de-France;32;Nord;Lille;09;59;Bruay-sur-l'Escaut;59112;JEAN MACE;REP;50.399192131331574;3.545290512818122;50.399192131331574, 3.545290512818122
2019;0590031N;Hauts-de-France;32;Nord;Lille;09;59;Bruay-sur-l'Escaut;59112;JEAN MACE;REP;50.399192131331574;3.545290512818122;50.399192131331574, 3.545290512818122
2018;0590157A;Hauts-de-France;32;Nord;Lille;09;59;Onnaing;59447;SAINT EXUPERY;REP;50.38314539443764;3.5828661629108627;50.38314539443764, 3.5828661629108627
2017;0590238N;Hauts-de-France;32;Nord;Lille;09;59;Waziers;59654;ROMAIN ROLLAND;REP;50.38602048239937;3.10799200332045;50.38602048239937, 3.10799200332045
2016;0593179K;Hauts-de-France;32;Nord;Lille;09;59;Lille;59350;CLAUDE LEVI STRAUSS;REP;50.631471243283144;3.036736680468459;50.631471243283144, 3.036736680468459
2017;0593488W;Hauts-de-France;32;Nord;Lille;09;59;Cambrai;59122;LAMARTINE;REP;50.158508681826056;3.263584824286446;50.158508681826056, 3.263584824286446
2018;0593488W;Hauts-de-France;32;Nord;Lille;09;59;Cambrai;59122;LAMARTINE;REP;50.158508681826056;3.263584824286446;50.158508681826056, 3.263584824286446
2015;0594288R;Hauts-de-France;32;Nord;Lille;09;59;Lille;59350;LOUISE MICHEL;REP+;50.60615198573479;3.046264386888319;50.60615198573479, 3.046264386888319
2017;0594297A;Hauts-de-France;32;Nord;Lille;09;59;Auby;59028;VICTOR HUGO;REP;50.41270786143014;3.053583416353366;50.41270786143014, 3.053583416353366
2018;0594865T;Hauts-de-France;32;Nord;Lille;09;59;Ronchin;59507;ANATOLE FRANCE;REP;50.611817196222624;3.080527878227017;50.611817196222624, 3.080527878227017
2015;0595168X;Hauts-de-France;32;Nord;Lille;09;59;Roubaix;59512;MAXENCE VAN DER MEERSCH;REP+;50.68128084233904;3.207217144531587;50.68128084233904, 3.207217144531587
2017;0595337F;Hauts-de-France;32;Nord;Lille;09;59;Le Cateau-Cambrésis;59136;JEAN ROSTAND;REP;50.099125615345045;3.5324148046716264;50.099125615345045, 3.5324148046716264
2019;0596529B;Hauts-de-France;32;Nord;Lille;09;59;Pecquencourt;59456;MAURICE SCHUMANN;REP;50.37506182229881;3.2054338458370792;50.37506182229881, 3.2054338458370792
2015;0620068M;Hauts-de-France;32;Pas-de-Calais;Lille;09;62;Calonne-Ricouart;62194;FREDERIC JOLIOT-CURIE;REP;50.485352478435715;2.4787486346727157;50.485352478435715, 2.4787486346727157
2015;0620180J;Hauts-de-France;32;Pas-de-Calais;Lille;09;62;Wingles;62895;LEON BLUM;REP;50.495571858346906;2.8643441870297437;50.495571858346906, 2.8643441870297437
2016;0620180J;Hauts-de-France;32;Pas-de-Calais;Lille;09;62;Wingles;62895;LEON BLUM;REP;50.495571858346906;2.8643441870297437;50.495571858346906, 2.8643441870297437
2018;0620219B;Hauts-de-France;32;Pas-de-Calais;Lille;09;62;Liévin;62510;DANIELLE DARRAS RIAUMONT;REP;50.419953696945214;2.788046427719581;50.419953696945214, 2.788046427719581
2016;0622095R;Hauts-de-France;32;Pas-de-Calais;Lille;09;62;Le Portel;62667;JEAN MOULIN;REP;50.708256638880755;1.5845012577566218;50.708256638880755, 1.5845012577566218
2015;0622239X;Hauts-de-France;32;Pas-de-Calais;Lille;09;62;Libercourt;62907;JEAN DE SAINT AUBERT;REP;50.48105884300051;3.01635525630253;50.48105884300051, 3.01635525630253
2019;0622418S;Hauts-de-France;32;Pas-de-Calais;Lille;09;62;Lens;62498;JEAN ZAY;REP+;50.44273592458521;2.823896277002616;50.44273592458521, 2.823896277002616
2017;0622420U;Hauts-de-France;32;Pas-de-Calais;Lille;09;62;Avion;62065;PAUL LANGEVIN;REP+;50.39828809948191;2.8385189020338704;50.39828809948191, 2.8385189020338704
2017;0622425Z;Hauts-de-France;32;Pas-de-Calais;Lille;09;62;Béthune;62119;PAUL VERLAINE;REP;50.515728942107174;2.6302301996805917;50.515728942107174, 2.6302301996805917
2016;0622793Z;Hauts-de-France;32;Pas-de-Calais;Lille;09;62;Billy-Montigny;62133;DAVID MARCELLE;REP;50.41608045307206;2.9210968226409193;50.41608045307206, 2.9210968226409193
2018;0622868F;Hauts-de-France;32;Pas-de-Calais;Lille;09;62;Lens;62498;JEAN JAURES;REP+;50.44010490930628;2.7992111074414847;50.44010490930628, 2.7992111074414847
2015;0622946R;Hauts-de-France;32;Pas-de-Calais;Lille;09;62;Auchy-les-Mines;62051;JOLIOT-CURIE;REP;50.51789053363438;2.7882000741563964;50.51789053363438, 2.7882000741563964
2015;0623313P;Hauts-de-France;32;Pas-de-Calais;Lille;09;62;Auchel;62048;LAVOISIER;REP;50.50690419565359;2.475706251535828;50.50690419565359, 2.475706251535828
2016;0470102F;Nouvelle-Aquitaine;75;Lot-et-Garonne;Bordeaux;04;47;Sainte-Livrade-sur-Lot;47252;PAUL FROMENT;REP;44.402859301269956;0.5990460074059903;44.402859301269956, 0.5990460074059903
2015;0870791M;Nouvelle-Aquitaine;75;Haute-Vienne;Limoges;22;87;Limoges;87085;ANATOLE FRANCE;REP;45.880315017543715;1.2980833068384146;45.880315017543715, 1.2980833068384146
2019;0020056A;Hauts-de-France;32;Aisne;Amiens;20;02;Saint-Quentin;02691;MARTHE LEFEVRE;REP;49.836627638685336;3.3229754140612915;49.836627638685336, 3.3229754140612915
2019;0020076X;Hauts-de-France;32;Aisne;Amiens;20;02;Saint-Quentin;02691;JEAN MOULIN;REP;49.83805625149687;3.274039073249115;49.83805625149687, 3.274039073249115
2015;0071156U;Auvergne-Rhône-Alpes;84;Ardèche;Grenoble;08;07;Annonay;07010;LES PERRIERES;REP;45.251692609672645;4.676279698777128;45.251692609672645, 4.676279698777128
2016;0240037K;Nouvelle-Aquitaine;75;Dordogne;Bordeaux;04;24;Terrasson-Lavilledieu;24547;JULES FERRY;REP;45.13091308470604;1.2987975003631744;45.13091308470604, 1.2987975003631744
2019;0601191U;Hauts-de-France;32;Oise;Amiens;20;60;Méru;60395;DU THELLE;REP;49.230635543834566;2.1241908808375523;49.230635543834566, 2.1241908808375523
2018;0801512J;Hauts-de-France;32;Somme;Amiens;20;80;Abbeville;80001;DE PONTHIEU;REP;50.095585202207566;1.8521552140032465;50.095585202207566, 1.8521552140032465
2017;0381907S;Auvergne-Rhône-Alpes;84;Isère;Grenoble;08;38;Vienne;38544;FRANCOIS PONSARD;REP;45.526479780659216;4.877149252538211;45.526479780659216, 4.877149252538211
2018;0020067M;Hauts-de-France;32;Aisne;Amiens;20;02;Vervins;02789;CONDORCET;REP;49.83633841188634;3.9137819998649896;49.83633841188634, 3.9137819998649896
2018;0021492L;Hauts-de-France;32;Aisne;Amiens;20;02;Soissons;02722;GERARD PHILIPE;REP+;49.37219655136736;3.3058392298789374;49.37219655136736, 3.3058392298789374
2015;0030010V;Auvergne-Rhône-Alpes;84;Allier;Clermont-Ferrand;06;03;Cusset;03095;MAURICE CONSTANTIN WEYER;REP;46.135967695887906;3.4542086616153114;46.135967695887906, 3.4542086616153114
2014;0080826E;Grand Est;44;Ardennes;Reims;19;08;Sedan;08409;LE LAC;REP+;49.69429900317458;4.939797645024404;49.69429900317458, 4.939797645024404
2019;0080894D;Grand Est;44;Ardennes;Reims;19;08;Charleville-Mézières;08105;ROGER SALENGRO;REP+;49.75156078619433;4.722194671515813;49.75156078619433, 4.722194671515813
2016;0080925M;Grand Est;44;Ardennes;Reims;19;08;Charleville-Mézières;08105;LEO LAGRANGE;REP+;49.74429144882049;4.720396699736607;49.74429144882049, 4.720396699736607
2017;0100807Y;Grand Est;44;Aube;Reims;19;10;La Chapelle-Saint-Luc;10081;PIERRE BROSSOLETTE;REP+;48.305258527536495;4.033705039109518;48.305258527536495, 4.033705039109518
2017;0100905E;Grand Est;44;Aube;Reims;19;10;Romilly-sur-Seine;10323;LE NOYER MARCHAND;REP;48.51832691494622;3.7193732390527847;48.51832691494622, 3.7193732390527847
2015;0110672W;Occitanie;76;Aude;Montpellier;11;11;Carcassonne;11069;JULES VERNE;REP;43.2174450866157;2.3515949040043846;43.2174450866157, 2.3515949040043846
2017;0130007M;Provence-Alpes-Côte d'Azur;93;Bouches-du-Rhône;Aix-Marseille;02;13;Aix-en-Provence;13001;JAS DE BOUFFAN;REP;43.52563802605482;5.420918688465994;43.52563802605482, 5.420918688465994
2018;0131611F;Provence-Alpes-Côte d'Azur;93;Bouches-du-Rhône;Aix-Marseille;02;13;Tarascon;13108;RENE CASSIN;REP;43.81837826589648;4.662029851916059;43.81837826589648, 4.662029851916059
2017;0131705H;Provence-Alpes-Côte d'Azur;93;Bouches-du-Rhône;Aix-Marseille;02;13;Berre-l'Etang;13014;FERNAND LEGER;REP;43.488049494784825;5.158740692840738;43.488049494784825, 5.158740692840738
2017;0132214L;Provence-Alpes-Côte d'Azur;93;Bouches-du-Rhône;Aix-Marseille;02;13;Vitrolles;13117;HENRI FABRE;REP+;43.44084490848204;5.250805055400931;43.44084490848204, 5.250805055400931
2015;0132323E;Provence-Alpes-Côte d'Azur;93;Bouches-du-Rhône;Aix-Marseille;02;13;Port-Saint-Louis-du-Rhône;13078;MAXIMILIEN ROBESPIERRE;REP;43.391664211472786;4.80437498911897;43.391664211472786, 4.80437498911897
2016;0132403S;Provence-Alpes-Côte d'Azur;93;Bouches-du-Rhône;Aix-Marseille;02;13;Marseille 11e  Arrondissement;13211;FRANCOIS VILLON;REP;43.28540727567788;5.46249939516656;43.28540727567788, 5.46249939516656
2015;0160793A;Nouvelle-Aquitaine;75;Charente;Poitiers;13;16;Terres-de-Haute-Charente;16192;JEAN MICHAUD;REP;45.88722927858473;0.5848772783723833;45.88722927858473, 0.5848772783723833
2018;0250003T;Bourgogne-Franche-Comté;27;Doubs;Besançon;03;25;Audincourt;25031;JEAN BAUHIN;REP;47.47951273663528;6.849091552013118;47.47951273663528, 6.849091552013118
2018;0300059B;Occitanie;76;Gard;Montpellier;11;30;Nîmes;30189;JULES VERNE;REP+;43.82963913582709;4.342961784941175;43.82963913582709, 4.342961784941175
2014;0301094B;Occitanie;76;Gard;Montpellier;11;30;Nîmes;30189;DIDEROT;REP+;43.828013812772184;4.328917554045896;43.828013812772184, 4.328917554045896
2019;0690036P;Auvergne-Rhône-Alpes;84;Rhône;Lyon;10;69;Lyon 9e  Arrondissement;69389;VICTOR SCHOELCHER;REP+;45.78884737827933;4.795595167141472;45.78884737827933, 4.795595167141472
2016;0691669P;Auvergne-Rhône-Alpes;84;Rhône;Lyon;10;69;Lyon 8e  Arrondissement;69388;VICTOR GRIGNARD;REP;45.72483542490782;4.882624068636099;45.72483542490782, 4.882624068636099
2019;0691730F;Auvergne-Rhône-Alpes;84;Rhône;Lyon;10;69;Vénissieux;69259;PAUL ELUARD;REP+;45.7001179349781;4.86965578916794;45.7001179349781, 4.86965578916794
2015;0692343X;Auvergne-Rhône-Alpes;84;Rhône;Lyon;10;69;Vénissieux;69259;ELSA TRIOLET;REP+;45.69701215351381;4.866453033184436;45.69701215351381, 4.866453033184436
2016;0622424Y;Hauts-de-France;32;Pas-de-Calais;Lille;09;62;Grenay;62386;LANGEVIN-WALLON;REP+;50.45108257460581;2.7378299038530858;50.45108257460581, 2.7378299038530858
2019;0622907Y;Hauts-de-France;32;Pas-de-Calais;Lille;09;62;Saint-Omer;62765;DE LA MORINIE;REP+;50.7477357425642;2.26844856344591;50.7477357425642, 2.26844856344591
2017;0131704G;Provence-Alpes-Côte d'Azur;93;Bouches-du-Rhône;Aix-Marseille;02;13;Marseille 15e  Arrondissement;13215;ARTHUR RIMBAUD;REP+;43.34432893263555;5.348482706937176;43.34432893263555, 5.348482706937176
2015;0220054P;Bretagne;53;Côtes-d'Armor;Rennes;14;22;Saint-Brieuc;22278;JEAN RACINE;REP;48.51009998578219;-2.7504463387125155;48.51009998578219, -2.7504463387125155
2016;0370071B;Centre-Val de Loire;24;Indre-et-Loire;Orléans-Tours;18;37;Joué-lès-Tours;37122;LA RABIERE;REP+;47.346335402662156;0.6683218923736088;47.346335402662156, 0.6683218923736088
2017;0370071B;Centre-Val de Loire;24;Indre-et-Loire;Orléans-Tours;18;37;Joué-lès-Tours;37122;LA RABIERE;REP+;47.346335402662156;0.6683218923736088;47.346335402662156, 0.6683218923736088
2015;0410793P;Centre-Val de Loire;24;Loir-et-Cher;Orléans-Tours;18;41;Romorantin-Lanthenay;41194;LEONARD DE VINCI;REP;47.351969824664884;1.7471037419235804;47.351969824664884, 1.7471037419235804
2017;0450069F;Centre-Val de Loire;24;Loiret;Orléans-Tours;18;45;Saint-Jean-de-la-Ruelle;45285;MAX JACOB;REP;47.9183454443335;1.8783749671300538;47.9183454443335, 1.8783749671300538
2018;0511254L;Grand Est;44;Marne;Reims;19;51;Reims;51454;FRANCOIS LEGROS;REP;49.236645796922964;4.011475373896371;49.236645796922964, 4.011475373896371
2019;0921623P;Ile-de-France;11;Hauts-de-Seine;Versailles;25;92;Clichy;92024;JEAN JAURES;REP;48.90666303930971;2.3072864207664914;48.90666303930971, 2.3072864207664914
2018;0930611J;Ile-de-France;11;Seine-Saint-Denis;Créteil;24;93;Le Blanc-Mesnil;93007;NELSON MANDELA;REP;48.94803458237947;2.4608380346264607;48.94803458237947, 2.4608380346264607
2016;0931145P;Ile-de-France;11;Seine-Saint-Denis;Créteil;24;93;Epinay-sur-Seine;93031;ROBESPIERRE;REP;48.95840522776568;2.310799082524989;48.95840522776568, 2.310799082524989
2017;0931229F;Ile-de-France;11;Seine-Saint-Denis;Créteil;24;93;Saint-Denis;93066;FABIEN;REP;48.94371956542853;2.3516580341900717;48.94371956542853, 2.3516580341900717
2016;0932273R;Ile-de-France;11;Seine-Saint-Denis;Créteil;24;93;Saint-Denis;93066;IQBAL MASIH;REP+;48.911910939521704;2.360742652412832;48.911910939521704, 2.360742652412832
2015;0940003T;Ile-de-France;11;Val-de-Marne;Créteil;24;94;Créteil;94028;AMEDEE LAPLACE;REP;48.780804159789454;2.468276499660144;48.780804159789454, 2.468276499660144
2016;0940749D;Ile-de-France;11;Val-de-Marne;Créteil;24;94;Villeneuve-Saint-Georges;94078;ROLAND GARROS;REP;48.75220891136596;2.4501575068370314;48.75220891136596, 2.4501575068370314
2016;0080839U;Grand Est;44;Ardennes;Reims;19;08;Vrigne aux Bois;08491;PASTEUR;REP;49.73617305219033;4.857617380330747;49.73617305219033, 4.857617380330747
2017;0080839U;Grand Est;44;Ardennes;Reims;19;08;Vrigne aux Bois;08491;PASTEUR;REP;49.73617305219033;4.857617380330747;49.73617305219033, 4.857617380330747
2018;0080839U;Grand Est;44;Ardennes;Reims;19;08;Vrigne aux Bois;08491;PASTEUR;REP;49.73617305219033;4.857617380330747;49.73617305219033, 4.857617380330747
2018;0100081J;Grand Est;44;Aube;Reims;19;10;Troyes;10387;MARIE CURIE;REP;48.271865846594174;4.075555703398725;48.271865846594174, 4.075555703398725
2017;0771339M;Ile-de-France;11;Seine-et-Marne;Créteil;24;77;Melun;77288;PIERRE BROSSOLETTE;REP;48.54592873477794;2.6750387874761676;48.54592873477794, 2.6750387874761676
2017;0780187E;Ile-de-France;11;Yvelines;Versailles;25;78;Trappes;78621;YOURI GAGARINE;REP+;48.774574980095814;1.9800850051779413;48.774574980095814, 1.9800850051779413
2015;0783463R;Ile-de-France;11;Yvelines;Versailles;25;78;Sartrouville;78586;LOUIS PAULHAN;REP;48.948168995014555;2.1709483248482035;48.948168995014555, 2.1709483248482035
2016;0911024U;Ile-de-France;11;Essonne;Versailles;25;91;Corbeil-Essonnes;91174;LOUISE MICHEL;REP+;48.591938661897096;2.4796494494491625;48.591938661897096, 2.4796494494491625
2019;0911334F;Ile-de-France;11;Essonne;Versailles;25;91;Les Ulis;91692;AIME CESAIRE;REP;48.68261773835202;2.1631089406648067;48.68261773835202, 2.1631089406648067
2018;0912196T;Ile-de-France;11;Essonne;Versailles;25;91;Grigny;91286;SONIA DELAUNAY;REP+;48.65298169229743;2.384100172022175;48.65298169229743, 2.384100172022175
2017;0920592U;Ile-de-France;11;Hauts-de-Seine;Versailles;25;92;Colombes;92025;MOULIN JOLY;REP;48.92818035945525;2.2431414753562584;48.92818035945525, 2.2431414753562584
2015;0920882J;Ile-de-France;11;Hauts-de-Seine;Versailles;25;92;Nanterre;92050;VICTOR HUGO;REP;48.893382558312744;2.204628484701878;48.893382558312744, 2.204628484701878
2016;0921179G;Ile-de-France;11;Hauts-de-Seine;Versailles;25;92;Châtenay-Malabry;92019;LEONARD DE VINCI;REP;48.763435010358414;2.2526417139452386;48.763435010358414, 2.2526417139452386
2018;0921179G;Ile-de-France;11;Hauts-de-Seine;Versailles;25;92;Châtenay-Malabry;92019;LEONARD DE VINCI;REP;48.763435010358414;2.2526417139452386;48.763435010358414, 2.2526417139452386
2018;0921394R;Ile-de-France;11;Hauts-de-Seine;Versailles;25;92;Nanterre;92050;ANDRE DOUCET;REP;48.89967802721201;2.196295965382897;48.89967802721201, 2.196295965382897
2015;0921545E;Ile-de-France;11;Hauts-de-Seine;Versailles;25;92;Asnières-sur-Seine;92004;ANDRE MALRAUX;REP;48.92643021819668;2.2775087494614703;48.92643021819668, 2.2775087494614703
2017;0921545E;Ile-de-France;11;Hauts-de-Seine;Versailles;25;92;Asnières-sur-Seine;92004;ANDRE MALRAUX;REP;48.92643021819668;2.2775087494614703;48.92643021819668, 2.2775087494614703
2019;0950886X;Ile-de-France;11;Val-d'Oise;Versailles;25;95;Argenteuil;95018;CLAUDE MONET;REP+;48.95484737299336;2.22377664854072;48.95484737299336, 2.22377664854072
2019;0950900M;Ile-de-France;11;Val-d'Oise;Versailles;25;95;Sarcelles;95585;ANATOLE FRANCE;REP;48.9815698925184;2.3873056196756326;48.9815698925184, 2.3873056196756326
2018;0950943J;Ile-de-France;11;Val-d'Oise;Versailles;25;95;Sarcelles;95585;CHANTEREINE;REP+;48.98416120005371;2.375387134722661;48.98416120005371, 2.375387134722661
2017;0951138W;Ile-de-France;11;Val-d'Oise;Versailles;25;95;Argenteuil;95018;JEAN-JACQUES ROUSSEAU;REP;48.93638428074362;2.2253448479840645;48.93638428074362, 2.2253448479840645
2019;0951697D;Ile-de-France;11;Val-d'Oise;Versailles;25;95;Cergy;95127;MOULIN A VENT;REP;49.04770944853642;2.016635619754739;49.04770944853642, 2.016635619754739
2018;0951993A;Ile-de-France;11;Val-d'Oise;Versailles;25;95;Villiers-le-Bel;95680;MARTIN LUTHER KING;REP+;49.00484489907238;2.385744935988575;49.00484489907238, 2.385744935988575
2015;0840716X;Provence-Alpes-Côte d'Azur;93;Vaucluse;Aix-Marseille;02;84;Valréas;84138;VALLIS AERIA;REP;44.387896326262734;5.005314177299518;44.387896326262734, 5.005314177299518
2015;0590006L;Hauts-de-France;32;Nord;Lille;09;59;Anzin;59014;JULES FERRY;REP;50.3735744949741;3.5049390523421833;50.3735744949741, 3.5049390523421833
2016;0590058T;Hauts-de-France;32;Nord;Lille;09;59;Dechy;59170;PAUL LANGEVIN;REP;50.34717672056498;3.131066426019241;50.34717672056498, 3.131066426019241
2017;0590131X;Hauts-de-France;32;Nord;Lille;09;59;Lille;59350;JEAN JAURES;REP;50.640952154979885;3.010190722430137;50.640952154979885, 3.010190722430137
2017;0590157A;Hauts-de-France;32;Nord;Lille;09;59;Onnaing;59447;SAINT EXUPERY;REP;50.38314539443764;3.5828661629108627;50.38314539443764, 3.5828661629108627
2018;0590190L;Hauts-de-France;32;Nord;Lille;09;59;Roubaix;59512;JEAN-BAPTISTE LEBAS;REP+;50.6810181463498;3.18306554680389;50.6810181463498, 3.18306554680389
2019;0240055E;Nouvelle-Aquitaine;75;Dordogne;Bordeaux;04;24;Saint Aulaye-Puymangou;24376;DRONNE-DOUBLE;REP;45.199467511818135;0.1338589652677283;45.199467511818135, 0.1338589652677283
2019;0511470W;Grand Est;44;Marne;Reims;19;51;Reims;51454;MARYSE BASTIE;REP;49.269844606696644;4.044868054804895;49.269844606696644, 4.044868054804895
2019;0020030X;Hauts-de-France;32;Aisne;Amiens;20;02;Guise;02361;CAMILLE DESMOULINS;REP;49.904117444645166;3.636139990380132;49.904117444645166, 3.636139990380132
2018;0020076X;Hauts-de-France;32;Aisne;Amiens;20;02;Saint-Quentin;02691;JEAN MOULIN;REP;49.83805625149687;3.274039073249115;49.83805625149687, 3.274039073249115
2017;0330163Y;Nouvelle-Aquitaine;75;Gironde;Bordeaux;04;33;Sainte-Foy-la-Grande;33402;ELIE FAURE;REP;44.84254478607467;0.20318485316510362;44.84254478607467, 0.20318485316510362
2018;0800018K;Hauts-de-France;32;Somme;Amiens;20;80;Amiens;80021;EDOUARD LUCAS;REP;49.89883625002647;2.2682019267376337;49.89883625002647, 2.2682019267376337
2018;0800019L;Hauts-de-France;32;Somme;Amiens;20;80;Amiens;80021;CESAR FRANCK;REP+;49.91195538606679;2.3106435053940633;49.91195538606679, 2.3106435053940633
2019;0020039G;Hauts-de-France;32;Aisne;Amiens;20;02;Le Nouvion-en-Thiérache;02558;COLBERT QUENTIN;REP;50.01001522140145;3.783744459192513;50.01001522140145, 3.783744459192513
2016;0060799L;Provence-Alpes-Côte d'Azur;93;Alpes-Maritimes;Nice;23;06;Cannes;06029;LES MURIERS;REP;43.55229699285158;6.966836626503489;43.55229699285158, 6.966836626503489
2016;0061131X;Provence-Alpes-Côte d'Azur;93;Alpes-Maritimes;Nice;23;06;Nice;06088;MAURICE JAUBERT;REP+;43.73776984518716;7.299917624320843;43.73776984518716, 7.299917624320843
2016;0061279H;Provence-Alpes-Côte d'Azur;93;Alpes-Maritimes;Nice;23;06;Cannes;06029;LES VALLERGUES;REP;43.55869508171123;7.010839675556695;43.55869508171123, 7.010839675556695
2018;0080017A;Grand Est;44;Ardennes;Reims;19;08;Fumay;08185;LES AURAINS;REP;49.99152688488634;4.705631254720321;49.99152688488634, 4.705631254720321
2015;0080894D;Grand Est;44;Ardennes;Reims;19;08;Charleville-Mézières;08105;ROGER SALENGRO;REP+;49.75156078619433;4.722194671515813;49.75156078619433, 4.722194671515813
2017;0100038M;Grand Est;44;Aube;Reims;19;10;Troyes;10387;LES JACOBINS;REP;48.29606319748688;4.079776955215974;48.29606319748688, 4.079776955215974
2014;0131261A;Provence-Alpes-Côte d'Azur;93;Bouches-du-Rhône;Aix-Marseille;02;13;Marseille 13e  Arrondissement;13213;AUGUSTE RENOIR;REP+;43.32773029636164;5.408349520146369;43.32773029636164, 5.408349520146369
2016;0131261A;Provence-Alpes-Côte d'Azur;93;Bouches-du-Rhône;Aix-Marseille;02;13;Marseille 13e  Arrondissement;13213;AUGUSTE RENOIR;REP+;43.32773029636164;5.408349520146369;43.32773029636164, 5.408349520146369
2016;0131264D;Provence-Alpes-Côte d'Azur;93;Bouches-du-Rhône;Aix-Marseille;02;13;Marseille  3e  Arrondissement;13203;VERSAILLES;REP+;43.31136866347166;5.375387663777026;43.31136866347166, 5.375387663777026
2015;0131265E;Provence-Alpes-Côte d'Azur;93;Bouches-du-Rhône;Aix-Marseille;02;13;Salon-de-Provence;13103;JEAN MOULIN;REP;43.642784212843395;5.103994516073329;43.642784212843395, 5.103994516073329
2016;0941052H;Ile-de-France;11;Val-de-Marne;Créteil;24;94;Valenton;94074;FERNANDE FLAGON;REP;48.75023862132853;2.463883037993066;48.75023862132853, 2.463883037993066
2017;0941052H;Ile-de-France;11;Val-de-Marne;Créteil;24;94;Valenton;94074;FERNANDE FLAGON;REP;48.75023862132853;2.463883037993066;48.75023862132853, 2.463883037993066
2018;6200011T;Corse;94;Corse-du-Sud;Corse;27;2A;Ajaccio;2A004;LAETITIA BONAPARTE;REP;41.9258044852173;8.733178566816639;41.9258044852173, 8.733178566816639
2019;6200011T;Corse;94;Corse-du-Sud;Corse;27;2A;Ajaccio;2A004;LAETITIA BONAPARTE;REP;41.9258044852173;8.733178566816639;41.9258044852173, 8.733178566816639
2018;6200040Z;Corse;94;Corse-du-Sud;Corse;27;2A;Porto-Vecchio;2A247;LÉON BOUJOT;REP;41.601237849961116;9.271343066636177;41.601237849961116, 9.271343066636177
2017;6200041A;Corse;94;Corse-du-Sud;Corse;27;2A;Propriano;2A249;JEAN NICOLI;REP;41.674108399469844;8.900312615770453;41.674108399469844, 8.900312615770453
2015;9710022X;TOM et Collectivités territoriales;00;Saint-Martin;Guadeloupe;32;978;Saint-Martin;97801;DU MONT DES ACCORDS;REP;18.069452225572174;-63.079422702310595;18.069452225572174, -63.079422702310595
2016;9710025A;Guadeloupe;01;Guadeloupe;Guadeloupe;32;971;Anse-Bertrand;97102;FERNAND BALIN;REP;16.474248573069456;-61.50613107036801;16.474248573069456, -61.50613107036801
2016;9710073C;Guadeloupe;01;Guadeloupe;Guadeloupe;32;971;Pointe-à-Pitre;97120;SADI CARNOT;REP;16.238894757955624;-61.53764046574976;16.238894757955624, -61.53764046574976
2015;9710406P;Guadeloupe;01;Guadeloupe;Guadeloupe;32;971;Capesterre-Belle-Eau;97107;GERMAIN SAINT-RUF;REP;16.05083977821544;-61.56215411925296;16.05083977821544, -61.56215411925296
2016;9720019N;Martinique;02;Martinique;Martinique;31;972;Le Robert;97222;PAUL SYMPHOR;REP;14.680112770684616;-60.93966513236273;14.680112770684616, -60.93966513236273
2016;9720084J;Martinique;02;Martinique;Martinique;31;972;Fort-de-France;97209;JACQUELINE JULIUS (JACQUELINE JULIUS );REP+;14.631938359373638;-61.069400377720186;14.631938359373638, -61.069400377720186
2018;9720412R;Martinique;02;Martinique;Martinique;31;972;Fort-de-France;97209;FERNAND DONATIEN (DILLON1);REP;14.607765650070418;-61.045149684746704;14.607765650070418, -61.045149684746704
2017;9720495F;Martinique;02;Martinique;Martinique;31;972;Le François;97210;TRIANON;REP+;14.620528937675742;-60.91157033423602;14.620528937675742, -60.91157033423602
2017;9720842H;Martinique;02;Martinique;Martinique;31;972;Sainte-Marie;97228;MORNE DES ESSES;REP;14.744749591605611;-61.016126631079324;14.744749591605611, -61.016126631079324
2015;9720848P;Martinique;02;Martinique;Martinique;31;972;Le Lamentin;97213;PLACES D'ARMES 2;REP;14.617036458785629;-60.98841969342703;14.617036458785629, -60.98841969342703
2014;9730218Z;Guyane;03;Guyane;Guyane;33;973;Matoury;97307;LISE OPHION;REP+;4.889986953284008;-52.34284231738637;4.889986953284008, -52.34284231738637
2019;9730329V;Guyane;03;Guyane;Guyane;33;973;Saint-Laurent-du-Maroni;97311;PAUL JEAN-LOUIS;REP+;5.485693337955278;-54.01555594103458;5.485693337955278, -54.01555594103458
2016;9740548C;La Réunion;04;La Réunion;La Réunion;28;974;Le Port;97407;EDMOND ALBIUS;REP;-20.933423930772943;55.30325603624638;-20.933423930772943, 55.30325603624638
2015;9740645H;La Réunion;04;La Réunion;La Réunion;28;974;Saint-Denis;97411;MONTGAILLARD;REP+;-20.90259846929564;55.46854848337027;-20.90259846929564, 55.46854848337027
2017;9760008E;Mayotte;06;Mayotte;Mayotte;43;976;Dzaoudzi;97608;DE BOUENI M TITI;REP;-12.782772969928365;45.2797283642667;-12.782772969928365, 45.2797283642667
2016;9760009F;Mayotte;06;Mayotte;Mayotte;43;976;Mamoudzou;97611;NELSON MANDELA;REP+;-12.780616259627076;45.22804397753258;-12.780616259627076, 45.22804397753258
2015;9760179R;Mayotte;06;Mayotte;Mayotte;43;976;Bandrele;97603;DE BANDRELE;REP+;-12.908713306912244;45.19442566535277;-12.908713306912244, 45.19442566535277
2019;9760230W;Mayotte;06;Mayotte;Mayotte;43;976;Mtsamboro;97612;DE MTSAMBORO;REP+;-12.685719968279543;45.07615387544766;-12.685719968279543, 45.07615387544766
2019;9760308F;Mayotte;06;Mayotte;Mayotte;43;976;Mamoudzou;97611;OUVOIMOJA;REP;-12.801112092968513;45.21137356716291;-12.801112092968513, 45.21137356716291
2018;9760371Z;Mayotte;06;Mayotte;Mayotte;43;976;Ouangani;97614;OUANGANI;REP+;-12.83862464732454;45.13189527876748;-12.83862464732454, 45.13189527876748
2018;9760244L;Mayotte;06;Mayotte;Mayotte;43;976;Koungou;97610;FREDERIC D'ACHERY;REP;-12.735749290053134;45.2049713779938;-12.735749290053134, 45.2049713779938
2018;9760245M;Mayotte;06;Mayotte;Mayotte;43;976;Dembeni;97607;ZAKIA MADI;REP+;-12.836721398736229;45.181504382551516;-12.836721398736229, 45.181504382551516
2015;9840233F;TOM et Collectivités territoriales;00;Polynésie Française;Polynésie Française;41;987;Faaa;98715;DE HENRI HIRO (FAAA);REP+;;;
2019;9840332N;TOM et Collectivités territoriales;00;Polynésie Française;Polynésie Française;41;987;Rangiroa;98740;DE RANGIROA;REP+;;;
2015;0623018U;Hauts-de-France;32;Pas-de-Calais;Lille;09;62;Oignies;62637;LOUIS PASTEUR;REP;50.47531115412596;2.990668467776574;50.47531115412596, 2.990668467776574
2016;0623313P;Hauts-de-France;32;Pas-de-Calais;Lille;09;62;Auchel;62048;LAVOISIER;REP;50.50690419565359;2.475706251535828;50.50690419565359, 2.475706251535828
2017;9740085Z;La Réunion;04;La Réunion;La Réunion;28;974;Les Trois-Bassins;97423;TROIS BASSINS;REP;-21.103810701402086;55.29640828441902;-21.103810701402086, 55.29640828441902
2015;0190635M;Nouvelle-Aquitaine;75;Corrèze;Limoges;22;19;Brive-la-Gaillarde;19031;JEAN MOULIN;REP+;45.15626735822778;1.4938825781595693;45.15626735822778, 1.4938825781595693
2019;0601821D;Hauts-de-France;32;Oise;Amiens;20;60;Villers-Saint-Paul;60684;EMILE LAMBERT;REP;49.2921490830136;2.4906223657773796;49.2921490830136, 2.4906223657773796
2019;0840758T;Provence-Alpes-Côte d'Azur;93;Vaucluse;Aix-Marseille;02;84;Avignon;84007;FREDERIC MISTRAL;REP;43.946129241418305;4.7998681470359825;43.946129241418305, 4.7998681470359825
2015;0020055Z;Hauts-de-France;32;Aisne;Amiens;20;02;Saint-Quentin;02691;GABRIEL HANOTAUX;REP;49.86071884832814;3.273621537678239;49.86071884832814, 3.273621537678239
2018;0030021G;Auvergne-Rhône-Alpes;84;Allier;Clermont-Ferrand;06;03;Lurcy-Lévis;03155;ANDRE BOUTRY;REP;46.73330275144075;2.9382661013351585;46.73330275144075, 2.9382661013351585
2017;0030119N;Auvergne-Rhône-Alpes;84;Allier;Clermont-Ferrand;06;03;Montluçon;03185;JULES VERNE;REP+;46.34298705679311;2.572362324811446;46.34298705679311, 2.572362324811446
2016;0060838D;Provence-Alpes-Côte d'Azur;93;Alpes-Maritimes;Nice;23;06;Nice;06088;SIMONE VEIL (VICTOR DURUY);REP;43.709720747119626;7.279838803650565;43.709720747119626, 7.279838803650565
2019;0080949N;Grand Est;44;Ardennes;Reims;19;08;Revin;08363;GEORGE SAND;REP;49.93458688259741;4.646499964728705;49.93458688259741, 4.646499964728705
2015;0692337R;Auvergne-Rhône-Alpes;84;Rhône;Lyon;10;69;Villeurbanne;69266;LAMARTINE;REP+;45.75013120351689;4.916143191313106;45.75013120351689, 4.916143191313106
2016;0692337R;Auvergne-Rhône-Alpes;84;Rhône;Lyon;10;69;Villeurbanne;69266;LAMARTINE;REP+;45.75013120351689;4.916143191313106;45.75013120351689, 4.916143191313106
2018;0692337R;Auvergne-Rhône-Alpes;84;Rhône;Lyon;10;69;Villeurbanne;69266;LAMARTINE;REP+;45.75013120351689;4.916143191313106;45.75013120351689, 4.916143191313106
2018;0720001K;Pays de la Loire;52;Sarthe;Nantes;17;72;Allonnes;72003;JOHN KENNEDY;REP;47.96543902201654;0.16267187225549418;47.96543902201654, 0.16267187225549418
2016;0720902P;Pays de la Loire;52;Sarthe;Nantes;17;72;Le Mans;72181;PIERRE GILLES DE GENNES (MAROC HUCHEPIE);REP;47.96815808257968;0.1988030040115398;47.96815808257968, 0.1988030040115398
2015;0741139L;Auvergne-Rhône-Alpes;84;Haute-Savoie;Grenoble;08;74;Scionzier;74264;JEAN JACQUES GALLAY;REP;46.06842108335853;6.5382277639335395;46.06842108335853, 6.5382277639335395
2018;0801264P;Hauts-de-France;32;Somme;Amiens;20;80;Amiens;80021;ROSA PARKS;REP+;49.918082523847424;2.2526129792824383;49.918082523847424, 2.2526129792824383
2019;0801487G;Hauts-de-France;32;Somme;Amiens;20;80;Flixecourt;80318;ALFRED MANESSIER;REP;50.01002374966968;2.0777483079370413;50.01002374966968, 2.0777483079370413
2016;0830180V;Provence-Alpes-Côte d'Azur;93;Var;Nice;23;83;La Seyne-sur-Mer;83126;HENRI WALLON;REP+;43.11331405455519;5.870521401657112;43.11331405455519, 5.870521401657112
2018;0850014D;Pays de la Loire;52;Vendée;Nantes;17;85;L'Ile-d'Elle;85111;GOLFE DES PICTONS;REP;46.32884357303001;-0.9506047439452553;46.32884357303001, -0.9506047439452553
2016;0850067L;Pays de la Loire;52;Vendée;Nantes;17;85;Fontenay-le-Comte;85092;ANDRE TIRAQUEAU;REP;46.4631193324006;-0.7787078071032101;46.4631193324006, -0.7787078071032101
2016;0851163C;Pays de la Loire;52;Vendée;Nantes;17;85;La Châtaigneraie;85059;PIERRE MENDES FRANCE;REP;46.65198945998493;-0.7471690342822964;46.65198945998493, -0.7471690342822964
2019;0860723U;Nouvelle-Aquitaine;75;Vienne;Poitiers;13;86;Poitiers;86194;PIERRE DE RONSARD;REP;46.569223242735816;0.34996530967685624;46.569223242735816, 0.34996530967685624
2015;0890937K;Bourgogne-Franche-Comté;27;Yonne;Dijon;07;89;Joigny;89206;MARIE-NOEL;REP;47.97606458987342;3.42327926656162;47.97606458987342, 3.42327926656162
2019;0930897V;Ile-de-France;11;Seine-Saint-Denis;Créteil;24;93;Sevran;93071;PAUL PAINLEVE;REP+;48.938987974425515;2.5111801328054666;48.938987974425515, 2.5111801328054666
2015;0931151W;Ile-de-France;11;Seine-Saint-Denis;Créteil;24;93;Montreuil;93048;JEAN MOULIN;REP;48.85870279826701;2.450673356933251;48.85870279826701, 2.450673356933251
2016;0931204D;Ile-de-France;11;Seine-Saint-Denis;Créteil;24;93;Le Blanc-Mesnil;93007;MARCEL CACHIN;REP;48.9243323624784;2.466264005139547;48.9243323624784, 2.466264005139547
2017;0931209J;Ile-de-France;11;Seine-Saint-Denis;Créteil;24;93;Montreuil;93048;GEORGES POLITZER;REP;48.86160867286582;2.4726900199494266;48.86160867286582, 2.4726900199494266
2019;0931709C;Ile-de-France;11;Seine-Saint-Denis;Créteil;24;93;Aubervilliers;93001;HENRI WALLON;REP+;48.91197743782545;2.3884673657201105;48.91197743782545, 2.3884673657201105
2019;0941022A;Ile-de-France;11;Val-de-Marne;Créteil;24;94;Alfortville;94002;LEON BLUM;REP;48.79386024148904;2.425426471420578;48.79386024148904, 2.425426471420578
2016;0941025D;Ile-de-France;11;Val-de-Marne;Créteil;24;94;Ivry-sur-Seine;94041;GEORGES POLITZER;REP;48.80786344286523;2.3927968519947727;48.80786344286523, 2.3927968519947727
2015;0941029H;Ile-de-France;11;Val-de-Marne;Créteil;24;94;Vitry-sur-Seine;94081;JULES VALLES;REP;48.77514272401906;2.402137046623073;48.77514272401906, 2.402137046623073
2018;0941296Y;Ile-de-France;11;Val-de-Marne;Créteil;24;94;Fontenay-sous-Bois;94033;JEAN MACE;REP;48.85627637106781;2.4810972403934977;48.85627637106781, 2.4810972403934977
2017;6200040Z;Corse;94;Corse-du-Sud;Corse;27;2A;Porto-Vecchio;2A247;LÉON BOUJOT;REP;41.601237849961116;9.271343066636177;41.601237849961116, 9.271343066636177
2019;9710029E;Guadeloupe;01;Guadeloupe;Guadeloupe;32;971;Pointe-Noire;97121;COURBARIL;REP;16.234584612702104;-61.7885586530458;16.234584612702104, -61.7885586530458
2019;9710033J;Guadeloupe;01;Guadeloupe;Guadeloupe;32;971;La Désirade;97110;MARYSE CONDE;REP;16.304903649327933;-61.068447333229244;16.304903649327933, -61.068447333229244
2017;9711087E;TOM et Collectivités territoriales;00;Saint-Martin;Guadeloupe;32;978;Saint-Martin;97801;QUARTIER D'ORLEANS;REP+;18.063951850030257;-63.03501933380796;18.063951850030257, -63.03501933380796
2017;9720031B;Martinique;02;Martinique;Martinique;31;972;Le Vauclin;97232;DU VAUCLIN (LE VAUCLIN);REP+;14.544374150854615;-60.83773965674344;14.544374150854615, -60.83773965674344
2019;9720031B;Martinique;02;Martinique;Martinique;31;972;Le Vauclin;97232;DU VAUCLIN;REP+;14.544374150854615;-60.83773965674344;14.544374150854615, -60.83773965674344
2019;9720084J;Martinique;02;Martinique;Martinique;31;972;Fort-de-France;97209;JACQUELINE JULIUS (JACQUELINE JULIUS );REP+;14.631938359373638;-61.069400377720186;14.631938359373638, -61.069400377720186
2016;9720446C;Martinique;02;Martinique;Martinique;31;972;Saint-Pierre;97225;LOUIS DELGRES;REP+;14.74812418796093;-61.176966190469834;14.74812418796093, -61.176966190469834
2017;9720446C;Martinique;02;Martinique;Martinique;31;972;Saint-Pierre;97225;LOUIS DELGRES;REP+;14.74812418796093;-61.176966190469834;14.74812418796093, -61.176966190469834
2016;9720472F;Martinique;02;Martinique;Martinique;31;972;Basse-Pointe;97203;AIME CESAIRE DE BASSE-POINTE;REP+;14.867990423486788;-61.12004956346709;14.867990423486788, -61.12004956346709
2019;9720842H;Martinique;02;Martinique;Martinique;31;972;Sainte-Marie;97228;MORNE DES ESSES;REP;14.744749591605611;-61.016126631079324;14.744749591605611, -61.016126631079324
2019;9730307W;Guyane;03;Guyane;Guyane;33;973;Matoury;97307;CONCORDE - MAURICE DUMESNIL;REP+;4.835132727125779;-52.35116917250092;4.835132727125779, -52.35116917250092
2016;9730451C;Guyane;03;Guyane;Guyane;33;973;Camopi;97356;PAUL SUITMAN;REP+;3.164719609368303;-52.33643724001295;3.164719609368303, -52.33643724001295
2018;9740022F;La Réunion;04;La Réunion;La Réunion;28;974;Sainte-Marie;97418;ADRIEN CERNEAU;REP;-20.895126339271858;55.552644305846776;-20.895126339271858, 55.552644305846776
2019;9740022F;La Réunion;04;La Réunion;La Réunion;28;974;Sainte-Marie;97418;ADRIEN CERNEAU;REP;-20.895126339271858;55.552644305846776;-20.895126339271858, 55.552644305846776
2017;9740065C;La Réunion;04;La Réunion;La Réunion;28;974;Saint-Benoît;97410;DU BASSIN BLEU;REP;-21.084928859775026;55.744247420825154;-21.084928859775026, 55.744247420825154
2016;9740572D;La Réunion;04;La Réunion;La Réunion;28;974;Saint-Denis;97411;LES DEUX CANONS;REP+;-20.891663373488605;55.47650708149796;-20.891663373488605, 55.47650708149796
2017;9740577J;La Réunion;04;La Réunion;La Réunion;28;974;Saint-Joseph;97412;JOSEPH HUBERT;REP;-21.373477936389445;55.62781350172971;-21.373477936389445, 55.62781350172971
2016;9740599H;La Réunion;04;La Réunion;La Réunion;28;974;Saint-André;97409;JOSEPH BEDIER;REP;-20.95768851859893;55.64865098673106;-20.95768851859893, 55.64865098673106
2014;9740841W;La Réunion;04;La Réunion;La Réunion;28;974;Saint-Louis;97414;PLATEAU GOYAVES;REP+;-21.27954118583102;55.42000430939853;-21.27954118583102, 55.42000430939853
2016;9740841W;La Réunion;04;La Réunion;La Réunion;28;974;Saint-Louis;97414;PLATEAU GOYAVES;REP+;-21.27954118583102;55.42000430939853;-21.27954118583102, 55.42000430939853
2015;9741047V;La Réunion;04;La Réunion;La Réunion;28;974;Saint-Joseph;97412;LA MARINE;REP;-21.376096444884944;55.6671178093607;-21.376096444884944, 55.6671178093607
2016;9741049X;La Réunion;04;La Réunion;La Réunion;28;974;Saint-Pierre;97416;HENRI MATISSE;REP+;-21.300362249653773;55.44781216296305;-21.300362249653773, 55.44781216296305
2019;9741208V;La Réunion;04;La Réunion;La Réunion;28;974;Saint-Denis;97411;ELIE WIESEL DU CHAUDRON;REP+;-20.89304065901602;55.484908050865435;-20.89304065901602, 55.484908050865435
2016;9741313J;La Réunion;04;La Réunion;La Réunion;28;974;Le Port;97407;JEAN LE TOULLEC;REP+;-20.94883740406977;55.30661891580256;-20.94883740406977, 55.30661891580256
2015;9741386N;La Réunion;04;La Réunion;La Réunion;28;974;Saint-André;97409;CHEMIN MORIN;REP;-20.966294306026278;55.64639715584178;-20.966294306026278, 55.64639715584178
2018;9760009F;Mayotte;06;Mayotte;Mayotte;43;976;Mamoudzou;97611;NELSON MANDELA;REP+;-12.780616259627076;45.22804397753258;-12.780616259627076, 45.22804397753258
2015;9760162X;Mayotte;06;Mayotte;Mayotte;43;976;Mamoudzou;97611;DE KAWENI 1;REP+;-12.780679987606566;45.23170455144827;-12.780679987606566, 45.23170455144827
2019;9760162X;Mayotte;06;Mayotte;Mayotte;43;976;Mamoudzou;97611;DE KAWENI 1;REP+;-12.780679987606566;45.23170455144827;-12.780679987606566, 45.23170455144827
2018;9760166B;Mayotte;06;Mayotte;Mayotte;43;976;Kani-Kéli;97609;DES YLANGS YLANGS;REP;-12.95664040511923;45.10510859047596;-12.95664040511923, 45.10510859047596
2015;9760308F;Mayotte;06;Mayotte;Mayotte;43;976;Mamoudzou;97611;OUVOIMOJA (DE PASSAMAINTY);REP;-12.801112092968513;45.21137356716291;-12.801112092968513, 45.21137356716291
2017;9760308F;Mayotte;06;Mayotte;Mayotte;43;976;Mamoudzou;97611;OUVOIMOJA;REP;-12.801112092968513;45.21137356716291;-12.801112092968513, 45.21137356716291
2019;9840360U;TOM et Collectivités territoriales;00;Polynésie Française;Polynésie Française;41;987;Hao;98720;DE HAO;REP+;;;
2019;0692340U;Auvergne-Rhône-Alpes;84;Rhône;Lyon;10;69;Lyon 8e  Arrondissement;69388;HENRI LONGCHAMBON;REP+;45.72632303906099;4.8744875515093415;45.72632303906099, 4.8744875515093415
2017;0311235Z;Occitanie;76;Haute-Garonne;Toulouse;16;31;Toulouse;31555;BELLEFONTAINE;REP+;43.56031402741889;1.4021262906947893;43.56031402741889, 1.4021262906947893
2016;0420916T;Auvergne-Rhône-Alpes;84;Loire;Lyon;10;42;Saint-Etienne;42218;PUITS DE LA LOIRE;REP;45.444862713347334;4.372745904122476;45.444862713347334, 4.372745904122476
2016;0790004A;Nouvelle-Aquitaine;75;Deux-Sèvres;Poitiers;13;79;Loretz-d'Argenton;79014;MOLIERE;REP;47.08068748791579;-0.27477000244024463;47.08068748791579, -0.27477000244024463
2019;0790945Y;Nouvelle-Aquitaine;75;Deux-Sèvres;Poitiers;13;79;Cerizay;79062;GEORGES CLEMENCEAU;REP;46.81983598618948;-0.6741750322097302;46.81983598618948, -0.6741750322097302
2015;0860876K;Nouvelle-Aquitaine;75;Vienne;Poitiers;13;86;Châtellerault;86066;GEORGE SAND;REP+;46.80522819603858;0.5476560930490292;46.80522819603858, 0.5476560930490292
2017;0622907Y;Hauts-de-France;32;Pas-de-Calais;Lille;09;62;Saint-Omer;62765;DE LA MORINIE;REP+;50.7477357425642;2.26844856344591;50.7477357425642, 2.26844856344591
2017;0340031Z;Occitanie;76;Hérault;Montpellier;11;34;Lunel;34145;FREDERIC MISTRAL;REP;43.671938083423754;4.1239600014324616;43.671938083423754, 4.1239600014324616
2015;0921631Y;Ile-de-France;11;Hauts-de-Seine;Versailles;25;92;Bagneux;92007;HENRI BARBUSSE;REP;48.7964575392585;2.31779890558426;48.7964575392585, 2.31779890558426
2017;0560071Y;Bretagne;53;Morbihan;Rennes;14;56;Lorient;56121;JEAN LE COUTALLER;REP;47.762890451665484;-3.380117358648323;47.762890451665484, -3.380117358648323
2016;0691793Z;Auvergne-Rhône-Alpes;84;Rhône;Lyon;10;69;Vaulx-en-Velin;69256;JACQUES DUCLOS;REP+;45.755099015967275;4.923594655598949;45.755099015967275, 4.923594655598949
2019;0311112R;Occitanie;76;Haute-Garonne;Toulouse;16;31;Toulouse;31555;HENRI DE TOULOUSE-LAUTREC;REP;43.62964810118352;1.4407054970957724;43.62964810118352, 1.4407054970957724
2014;0311321T;Occitanie;76;Haute-Garonne;Toulouse;16;31;Toulouse;31555;RAYMOND BADIOU;REP+;43.56977422961038;1.4075291473092462;43.56977422961038, 1.4075291473092462
2018;0750465Y;Ile-de-France;11;Paris;Paris;01;75;Paris 11e  Arrondissement;75111;LUCIE ET RAYMOND AUBRAC;REP;48.86823146219155;2.3743098395826583;48.86823146219155, 2.3743098395826583
2016;0750546L;Ile-de-France;11;Paris;Paris;01;75;Paris 18e  Arrondissement;75118;GEORGES CLEMENCEAU;REP+;48.8890134482437;2.3515359569166736;48.8890134482437, 2.3515359569166736
2017;0750552T;Ile-de-France;11;Paris;Paris;01;75;Paris 20e  Arrondissement;75120;FRANCOISE DOLTO;REP;48.873957017625486;2.386895966702957;48.873957017625486, 2.386895966702957
2019;0750575T;Ile-de-France;11;Paris;Paris;01;75;Paris 19e  Arrondissement;75119;SONIA DELAUNAY;REP;48.885939376598216;2.378118607486757;48.885939376598216, 2.378118607486757
2018;0752195D;Ile-de-France;11;Paris;Paris;01;75;Paris 18e  Arrondissement;75118;GERARD PHILIPE;REP;48.89445742948135;2.351938704486713;48.89445742948135, 2.351938704486713
2018;0594297A;Hauts-de-France;32;Nord;Lille;09;59;Auby;59028;VICTOR HUGO;REP;50.41270786143014;3.053583416353366;50.41270786143014, 3.053583416353366
2018;0594301E;Hauts-de-France;32;Nord;Lille;09;59;Beuvrages;59079;PAUL ELUARD;REP+;50.38544699303679;3.500883268037926;50.38544699303679, 3.500883268037926
2018;0594309N;Hauts-de-France;32;Nord;Lille;09;59;Hautmont;59291;PIERRE DE RONSARD;REP+;50.25368550287511;3.901210935768795;50.25368550287511, 3.901210935768795
2018;0594402P;Hauts-de-France;32;Nord;Lille;09;59;Douai;59178;ANDRE CANIVEZ;REP;50.385567698602465;3.0743791465034573;50.385567698602465, 3.0743791465034573
2016;0594418G;Hauts-de-France;32;Nord;Lille;09;59;Jeumont;59324;CHARLES DE GAULLE;REP;50.30307795955962;4.090247306355392;50.30307795955962, 4.090247306355392
2017;0594634S;Hauts-de-France;32;Nord;Lille;09;59;Roubaix;59512;THEODORE MONOD;REP+;50.67211692083564;3.1825854232379704;50.67211692083564, 3.1825854232379704
2018;0594634S;Hauts-de-France;32;Nord;Lille;09;59;Roubaix;59512;THEODORE MONOD;REP+;50.67211692083564;3.1825854232379704;50.67211692083564, 3.1825854232379704
2019;0594865T;Hauts-de-France;32;Nord;Lille;09;59;Ronchin;59507;ANATOLE FRANCE;REP;50.611817196222624;3.080527878227017;50.611817196222624, 3.080527878227017
2017;0594879H;Hauts-de-France;32;Nord;Lille;09;59;Fourmies;59249;JOLIOT-CURIE;REP;50.01822256383901;4.060953490354967;50.01822256383901, 4.060953490354967
2019;0595277R;Hauts-de-France;32;Nord;Lille;09;59;Caudry;59139;JACQUES PREVERT;REP;50.12524216701542;3.421173349740972;50.12524216701542, 3.421173349740972
2016;0596860L;Hauts-de-France;32;Nord;Lille;09;59;Tourcoing;59599;LUCIE AUBRAC;REP+;50.73096722790286;3.1303902796289336;50.73096722790286, 3.1303902796289336
2018;0620051U;Hauts-de-France;32;Pas-de-Calais;Lille;09;62;Boulogne-sur-Mer;62160;ANGELLIER;REP;50.721100934407204;1.6093851105641255;50.721100934407204, 1.6093851105641255
2018;0622576N;Hauts-de-France;32;Pas-de-Calais;Lille;09;62;Calais;62193;VAUBAN;REP+;50.948289307754465;1.833167567249563;50.948289307754465, 1.833167567249563
2018;0622946R;Hauts-de-France;32;Pas-de-Calais;Lille;09;62;Auchy-les-Mines;62051;JOLIOT-CURIE;REP;50.51789053363438;2.7882000741563964;50.51789053363438, 2.7882000741563964
2015;0470104H;Nouvelle-Aquitaine;75;Lot-et-Garonne;Bordeaux;04;47;Tonneins;47310;GERMILLAC;REP;44.39250131333742;0.31839566525100993;44.39250131333742, 0.31839566525100993
2017;0470104H;Nouvelle-Aquitaine;75;Lot-et-Garonne;Bordeaux;04;47;Tonneins;47310;GERMILLAC;REP;44.39250131333742;0.31839566525100993;44.39250131333742, 0.31839566525100993
2019;0870117E;Nouvelle-Aquitaine;75;Haute-Vienne;Limoges;22;87;Limoges;87085;ALBERT CALMETTE;REP;45.828926286928976;1.2245352814067116;45.828926286928976, 1.2245352814067116
2019;0870729V;Nouvelle-Aquitaine;75;Haute-Vienne;Limoges;22;87;Limoges;87085;PIERRE DE RONSARD;REP+;45.84982733271753;1.2696318103361464;45.84982733271753, 1.2696318103361464
2017;0870960W;Nouvelle-Aquitaine;75;Haute-Vienne;Limoges;22;87;Limoges;87085;FIRMIN ROZ;REP;45.86728699051221;1.2906644253978063;45.86728699051221, 1.2906644253978063
2018;0932263E;Ile-de-France;11;Seine-Saint-Denis;Créteil;24;93;Villepinte;93078;CAMILLE CLAUDEL;REP;48.952478375012944;2.561792390694863;48.952478375012944, 2.561792390694863
2016;0020076X;Hauts-de-France;32;Aisne;Amiens;20;02;Saint-Quentin;02691;JEAN MOULIN;REP;49.83805625149687;3.274039073249115;49.83805625149687, 3.274039073249115
2017;0070006U;Auvergne-Rhône-Alpes;84;Ardèche;Grenoble;08;07;Bourg-Saint-Andéol;07042;LE LAOUL;REP;44.379869391912045;4.641564051489012;44.379869391912045, 4.641564051489012
2018;0331885V;Nouvelle-Aquitaine;75;Gironde;Bordeaux;04;33;Cenon;33119;JEAN JAURES;REP;44.862885209225176;-0.5166330993847211;44.862885209225176, -0.5166330993847211
2019;0601179F;Hauts-de-France;32;Oise;Amiens;20;60;Nogent-sur-Oise;60463;MARCELIN BERTHELOT;REP;49.281399722449514;2.476236895061743;49.281399722449514, 2.476236895061743
2019;0030010V;Auvergne-Rhône-Alpes;84;Allier;Clermont-Ferrand;06;03;Cusset;03095;MAURICE CONSTANTIN WEYER;REP;46.135967695887906;3.4542086616153114;46.135967695887906, 3.4542086616153114
2019;0030050N;Auvergne-Rhône-Alpes;84;Allier;Clermont-Ferrand;06;03;Vichy;03310;JULES FERRY;REP;46.14892108729096;3.412013449397127;46.14892108729096, 3.412013449397127
2016;0040055N;Provence-Alpes-Côte d'Azur;93;Alpes-de-Haute-Provence;Aix-Marseille;02;04;Manosque;04112;JEAN GIONO;REP;43.82531251715252;5.776499993006937;43.82531251715252, 5.776499993006937
2015;0060799L;Provence-Alpes-Côte d'Azur;93;Alpes-Maritimes;Nice;23;06;Cannes;06029;LES MURIERS;REP;43.55229699285158;6.966836626503489;43.55229699285158, 6.966836626503489
2014;0061001F;Provence-Alpes-Côte d'Azur;93;Alpes-Maritimes;Nice;23;06;Nice;06088;NUCERA LOUIS;REP+;43.723616833422604;7.289075797273389;43.723616833422604, 7.289075797273389
2017;0061001F;Provence-Alpes-Côte d'Azur;93;Alpes-Maritimes;Nice;23;06;Nice;06088;NUCERA LOUIS;REP+;43.723616833422604;7.289075797273389;43.723616833422604, 7.289075797273389
2015;0061129V;Provence-Alpes-Côte d'Azur;93;Alpes-Maritimes;Nice;23;06;Nice;06088;JULES ROMAINS;REP+;43.67792635308759;7.202085178877933;43.67792635308759, 7.202085178877933
2016;0061130W;Provence-Alpes-Côte d'Azur;93;Alpes-Maritimes;Nice;23;06;Carros;06033;PAUL LANGEVIN;REP;43.76870751891086;7.198154760607124;43.76870751891086, 7.198154760607124
2014;0131264D;Provence-Alpes-Côte d'Azur;93;Bouches-du-Rhône;Aix-Marseille;02;13;Marseille  3e  Arrondissement;13203;VERSAILLES;REP+;43.31136866347166;5.375387663777026;43.31136866347166, 5.375387663777026
2017;0131757P;Provence-Alpes-Côte d'Azur;93;Bouches-du-Rhône;Aix-Marseille;02;13;Marseille 16e  Arrondissement;13216;ESTAQUE (L');REP;43.36302953235596;5.323538178186469;43.36302953235596, 5.323538178186469
2018;0131884C;Provence-Alpes-Côte d'Azur;93;Bouches-du-Rhône;Aix-Marseille;02;13;Marseille  3e  Arrondissement;13203;BELLE DE MAI;REP+;43.31338111273035;5.386294439790817;43.31338111273035, 5.386294439790817
2019;0131884C;Provence-Alpes-Côte d'Azur;93;Bouches-du-Rhône;Aix-Marseille;02;13;Marseille  3e  Arrondissement;13203;BELLE DE MAI;REP+;43.31338111273035;5.386294439790817;43.31338111273035, 5.386294439790817
2016;0131885D;Provence-Alpes-Côte d'Azur;93;Bouches-du-Rhône;Aix-Marseille;02;13;Marseille 15e  Arrondissement;13215;VALLON DES PINS;REP+;43.371399994209604;5.365884347481156;43.371399994209604, 5.365884347481156
2018;0131935H;Provence-Alpes-Côte d'Azur;93;Bouches-du-Rhône;Aix-Marseille;02;13;Marseille  3e  Arrondissement;13203;EDGAR QUINET;REP+;43.30694525124522;5.379561803755705;43.30694525124522, 5.379561803755705
2016;0132207D;Provence-Alpes-Côte d'Azur;93;Bouches-du-Rhône;Aix-Marseille;02;13;Marseille 14e  Arrondissement;13214;MASSENET;REP+;43.34236825549508;5.38094224033247;43.34236825549508, 5.38094224033247
2019;0132208E;Provence-Alpes-Côte d'Azur;93;Bouches-du-Rhône;Aix-Marseille;02;13;Martigues;13056;MARCEL PAGNOL;REP;43.41239943428008;5.04205763920382;43.41239943428008, 5.04205763920382
2016;0132214L;Provence-Alpes-Côte d'Azur;93;Bouches-du-Rhône;Aix-Marseille;02;13;Vitrolles;13117;HENRI FABRE;REP+;43.44084490848204;5.250805055400931;43.44084490848204, 5.250805055400931
2017;0132404T;Provence-Alpes-Côte d'Azur;93;Bouches-du-Rhône;Aix-Marseille;02;13;Marseille 14e  Arrondissement;13214;CLAIR SOLEIL;REP+;43.32354905418095;5.385893227377723;43.32354905418095, 5.385893227377723
2019;0132408X;Provence-Alpes-Côte d'Azur;93;Bouches-du-Rhône;Aix-Marseille;02;13;Marseille 15e  Arrondissement;13215;JULES FERRY;REP+;43.3425610267601;5.356524533524035;43.3425610267601, 5.356524533524035
2016;0132409Y;Provence-Alpes-Côte d'Azur;93;Bouches-du-Rhône;Aix-Marseille;02;13;Istres;13047;ALPHONSE DAUDET;REP;43.49670358205374;4.984209983475312;43.49670358205374, 4.984209983475312
2015;0132412B;Provence-Alpes-Côte d'Azur;93;Bouches-du-Rhône;Aix-Marseille;02;13;Aubagne;13005;LOU GARLABAN;REP;43.28048330734522;5.548163380761833;43.28048330734522, 5.548163380761833
2017;0132572A;Provence-Alpes-Côte d'Azur;93;Bouches-du-Rhône;Aix-Marseille;02;13;Arles;13004;AMPERE;REP+;43.67347246794884;4.62668966743531;43.67347246794884, 4.62668966743531
2017;0141257R;Normandie;28;Calvados;Caen;05;14;Isigny-sur-Mer;14342;DU VAL D'AURE;REP;49.31870397951404;-1.104999863147956;49.31870397951404, -1.104999863147956
2017;0141268C;Normandie;28;Calvados;Caen;05;14;Caen;14118;GUILLAUME DE NORMANDIE;REP;49.16098458295274;-0.34696061196262384;49.16098458295274, -0.34696061196262384
2018;0141363F;Normandie;28;Calvados;Caen;05;14;Hérouville-Saint-Clair;14327;NELSON MANDELA;REP;49.20100443857583;-0.34495744770423786;49.20100443857583, -0.34495744770423786
2015;0210034Y;Bourgogne-Franche-Comté;27;Côte-d'Or;Dijon;07;21;Montbard;21425;LOUIS PASTEUR;REP;47.634684345909704;4.342102481857795;47.634684345909704, 4.342102481857795
2015;0250056A;Bourgogne-Franche-Comté;27;Doubs;Besançon;03;25;Sochaux;25547;JOUFFROY D'ABBANS;REP;47.512047327798165;6.841445759070088;47.512047327798165, 6.841445759070088
2016;0271095U;Normandie;28;Eure;Rouen;21;27;Evreux;27229;GEORGES POLITZER;REP;49.00612913745159;1.1473266885808986;49.00612913745159, 1.1473266885808986
2016;0300037C;Occitanie;76;Gard;Montpellier;11;30;Saint-Gilles;30258;JEAN VILAR;REP;43.68571903132634;4.433340756512215;43.68571903132634, 4.433340756512215
2019;0301014P;Occitanie;76;Gard;Montpellier;11;30;Alès;30007;DENIS DIDEROT;REP;44.132806298096284;4.078730529941349;44.132806298096284, 4.078730529941349
2016;0301098F;Occitanie;76;Gard;Montpellier;11;30;Nîmes;30189;LES OLIVIERS;REP;43.83392478371075;4.384733350512415;43.83392478371075, 4.384733350512415
2019;0320584L;Occitanie;76;Gers;Toulouse;16;32;Auch;32013;MARIE SK ODOWSKA-CURIE;REP;43.635972233297586;0.596960331102503;43.635972233297586, 0.596960331102503
2019;0331888Y;Nouvelle-Aquitaine;75;Gironde;Bordeaux;04;33;Saint-Yzan-de-Soudiac;33492;DU VAL DE SAYE;REP;45.139901961854015;-0.41016480013994383;45.139901961854015, -0.41016480013994383
2017;0382044R;Auvergne-Rhône-Alpes;84;Isère;Grenoble;08;38;Echirolles;38151;PABLO PICASSO;REP;45.144597782235955;5.697006562520474;45.144597782235955, 5.697006562520474
2016;0382174G;Auvergne-Rhône-Alpes;84;Isère;Grenoble;08;38;Bourgoin-Jallieu;38053;SALVADOR ALLENDE;REP;45.611604364730724;5.265984096286077;45.611604364730724, 5.265984096286077
2018;0382174G;Auvergne-Rhône-Alpes;84;Isère;Grenoble;08;38;Bourgoin-Jallieu;38053;SALVADOR ALLENDE;REP;45.611604364730724;5.265984096286077;45.611604364730724, 5.265984096286077
2017;0421451Z;Auvergne-Rhône-Alpes;84;Loire;Lyon;10;42;Saint-Etienne;42218;MARC SEGUIN;REP+;45.465018037373156;4.408860006920129;45.465018037373156, 4.408860006920129
2015;0421452A;Auvergne-Rhône-Alpes;84;Loire;Lyon;10;42;Saint-Etienne;42218;GAMBETTA;REP;45.434077800027296;4.389223650743707;45.434077800027296, 4.389223650743707
2017;0421452A;Auvergne-Rhône-Alpes;84;Loire;Lyon;10;42;Saint-Etienne;42218;GAMBETTA;REP;45.434077800027296;4.389223650743707;45.434077800027296, 4.389223650743707
2018;0421677V;Auvergne-Rhône-Alpes;84;Loire;Lyon;10;42;Saint-Etienne;42218;CLAUDE FAURIEL;REP;45.44300327916703;4.38757888268251;45.44300327916703, 4.38757888268251
2017;0421684C;Auvergne-Rhône-Alpes;84;Loire;Lyon;10;42;Roanne;42187;ALBERT THOMAS;REP;46.0441649729427;4.07418807097307;46.0441649729427, 4.07418807097307
2015;0421689H;Auvergne-Rhône-Alpes;84;Loire;Lyon;10;42;La Ricamarie;42183;JULES VALLES;REP+;45.39926867858585;4.366679864046602;45.39926867858585, 4.366679864046602
2016;0421919H;Auvergne-Rhône-Alpes;84;Loire;Lyon;10;42;Le Chambon-Feugerolles;42044;MASSENET FOURNEYRON;REP;45.399224995410634;4.333903423571499;45.399224995410634, 4.333903423571499
2017;0441613P;Pays de la Loire;52;Loire-Atlantique;Nantes;17;44;Saint-Nazaire;44184;PIERRE NORANGE;REP+;47.26684217386295;-2.245622396356458;47.26684217386295, -2.245622396356458
2015;0520822L;Grand Est;44;Haute-Marne;Reims;19;52;Joinville;52250;CRESSOT;REP;48.4417157960928;5.153097596469146;48.4417157960928, 5.153097596469146
2017;0570104D;Grand Est;44;Moselle;Nancy-Metz;12;57;Stiring-Wendel;57660;NICOLAS UNTERSTELLER;REP;49.19226463396011;6.916063863875816;49.19226463396011, 6.916063863875816
2015;0570326V;Grand Est;44;Moselle;Nancy-Metz;12;57;Freyming-Merlebach;57240;CLAUDIE HAIGNERE;REP;49.15473029952292;6.817737811992022;49.15473029952292, 6.817737811992022
2016;0572023P;Grand Est;44;Moselle;Nancy-Metz;12;57;Farébersviller;57207;GEORGES HOLDERITH;REP;49.12208238127252;6.876108589476251;49.12208238127252, 6.876108589476251
2019;0572491Y;Grand Est;44;Moselle;Nancy-Metz;12;57;Hombourg-Haut;57332;ROBERT SCHUMAN;REP+;49.13890738186971;6.777449906556984;49.13890738186971, 6.777449906556984
2016;0580669M;Bourgogne-Franche-Comté;27;Nièvre;Dijon;07;58;Cosne-Cours-sur-Loire;58086;CLAUDE TILLIER;REP;47.40310380238856;2.923030447789512;47.40310380238856, 2.923030447789512
2018;0601178E;Hauts-de-France;32;Oise;Amiens;20;60;Montataire;60414;ANATOLE FRANCE;REP+;49.26079516819449;2.4378990873472115;49.26079516819449, 2.4378990873472115
2019;0601718S;Hauts-de-France;32;Oise;Amiens;20;60;Méru;60395;PIERRE MENDES FRANCE;REP;49.23013888034001;2.1407553941368223;49.23013888034001, 2.1407553941368223
2018;0631238D;Auvergne-Rhône-Alpes;84;Puy-de-Dôme;Clermont-Ferrand;06;63;Thiers;63430;ANTOINE AUDEMBRON;REP;45.862829515355195;3.535874946386663;45.862829515355195, 3.535874946386663
2019;0631502R;Auvergne-Rhône-Alpes;84;Puy-de-Dôme;Clermont-Ferrand;06;63;Clermont-Ferrand;63113;CHARLES BAUDELAIRE;REP+;45.75864662579044;3.0950697983947135;45.75864662579044, 3.0950697983947135
2016;0641561Z;Nouvelle-Aquitaine;75;Pyrénées-Atlantiques;Bordeaux;04;64;Mourenx;64410;PIERRE BOURDIEU;REP;43.36890116586861;-0.6250192934871972;43.36890116586861, -0.6250192934871972
2018;0641561Z;Nouvelle-Aquitaine;75;Pyrénées-Atlantiques;Bordeaux;04;64;Mourenx;64410;PIERRE BOURDIEU;REP;43.36890116586861;-0.6250192934871972;43.36890116586861, -0.6250192934871972
2018;0660051X;Occitanie;76;Pyrénées-Orientales;Montpellier;11;66;Perpignan;66136;ALBERT CAMUS;REP;42.69115421832449;2.909024832548399;42.69115421832449, 2.909024832548399
2017;0670066H;Grand Est;44;Bas-Rhin;Strasbourg;15;67;Schiltigheim;67447;ROUGET DE LISLE;REP;48.60889386260531;7.768346112428024;48.60889386260531, 7.768346112428024
2016;0671822S;Grand Est;44;Bas-Rhin;Strasbourg;15;67;Bischheim;67043;LAMARTINE;REP;48.61387052227367;7.737823568239101;48.61387052227367, 7.737823568239101
2015;0672459J;Grand Est;44;Bas-Rhin;Strasbourg;15;67;Strasbourg;67482;ERASME;REP+;48.591899888580684;7.700796166355622;48.591899888580684, 7.700796166355622
2017;0690076H;Auvergne-Rhône-Alpes;84;Rhône;Lyon;10;69;Pierre-Bénite;69152;MARCEL PAGNOL;REP+;45.69905751361218;4.818770899242259;45.69905751361218, 4.818770899242259
2017;0690099H;Auvergne-Rhône-Alpes;84;Rhône;Lyon;10;69;Villefranche-sur-Saône;69264;JEAN MOULIN;REP+;45.983144177172896;4.7148976208946936;45.983144177172896, 4.7148976208946936
2019;0691645N;Auvergne-Rhône-Alpes;84;Rhône;Lyon;10;69;Villefranche-sur-Saône;69264;FAUBERT;REP;45.99138221737275;4.721831195837468;45.99138221737275, 4.721831195837468
2018;0693834T;Auvergne-Rhône-Alpes;84;Rhône;Lyon;10;69;Bron;69029;THEODORE MONOD;REP;45.73093651337794;4.902401196214135;45.73093651337794, 4.902401196214135
2019;0693834T;Auvergne-Rhône-Alpes;84;Rhône;Lyon;10;69;Bron;69029;THEODORE MONOD;REP;45.73093651337794;4.902401196214135;45.73093651337794, 4.902401196214135
2015;0711348E;Bourgogne-Franche-Comté;27;Saône-et-Loire;Dijon;07;71;Chalon-sur-Saône;71076;JEAN VILAR;REP;46.801794885374015;4.853275409644558;46.801794885374015, 4.853275409644558
2017;0730901H;Auvergne-Rhône-Alpes;84;Savoie;Grenoble;08;73;Chambéry;73065;COTE ROUSSE;REP+;45.59073845120884;5.920813637963515;45.59073845120884, 5.920813637963515
2018;0760017F;Normandie;28;Seine-Maritime;Rouen;21;76;Canteleu;76157;LE CEDRE;REP;49.44163509236727;1.0285413912543704;49.44163509236727, 1.0285413912543704
2016;0761698H;Normandie;28;Seine-Maritime;Rouen;21;76;Le Havre;76351;GERARD PHILIPE;REP;49.496910107205935;0.13827363002900778;49.496910107205935, 0.13827363002900778
2016;0761700K;Normandie;28;Seine-Maritime;Rouen;21;76;Le Havre;76351;GUY MOQUET;REP+;49.506972715256175;0.18357809988725463;49.506972715256175, 0.18357809988725463
2019;0761781Y;Normandie;28;Seine-Maritime;Rouen;21;76;Le Havre;76351;JEAN MOULIN;REP;49.51327104019697;0.12233513421113726;49.51327104019697, 0.12233513421113726
2019;0761783A;Normandie;28;Seine-Maritime;Rouen;21;76;Le Havre;76351;JACQUES MONOD;REP+;49.493022465986854;0.15543052961965706;49.493022465986854, 0.15543052961965706
2015;0762127Z;Normandie;28;Seine-Maritime;Rouen;21;76;Le Havre;76351;HENRI WALLON;REP+;49.522224770000655;0.11605646683317473;49.522224770000655, 0.11605646683317473
2017;0771029A;Ile-de-France;11;Seine-et-Marne;Créteil;24;77;Meaux;77284;HENRI DUNANT;REP+;48.94575695819722;2.898224073484964;48.94575695819722, 2.898224073484964
2016;0771337K;Ile-de-France;11;Seine-et-Marne;Créteil;24;77;Le Mée-sur-Seine;77285;ELSA TRIOLET;REP;48.54481857106592;2.634709424078541;48.54481857106592, 2.634709424078541
2015;0771420A;Ile-de-France;11;Seine-et-Marne;Créteil;24;77;Meaux;77284;BEAUMARCHAIS;REP;48.948223844510835;2.912188865176466;48.948223844510835, 2.912188865176466
2019;0830069Z;Provence-Alpes-Côte d'Azur;93;Var;Nice;23;83;Toulon;83137;PIERRE PUGET;REP;43.12750097006582;5.91099373771614;43.12750097006582, 5.91099373771614
2016;0830834F;Provence-Alpes-Côte d'Azur;93;Var;Nice;23;83;Fréjus;83061;ANDRE LEOTARD;REP;43.43752209311239;6.7572839699565845;43.43752209311239, 6.7572839699565845
2018;0840018N;Provence-Alpes-Côte d'Azur;93;Vaucluse;Aix-Marseille;02;84;Cavaillon;84035;PAUL GAUTHIER;REP+;43.843086384264616;5.0484621989399;43.843086384264616, 5.0484621989399
2014;0840108L;Provence-Alpes-Côte d'Azur;93;Vaucluse;Aix-Marseille;02;84;Avignon;84007;ANSELME MATHIEU;REP+;43.93255786917063;4.816839111561336;43.93255786917063, 4.816839111561336
2016;0840108L;Provence-Alpes-Côte d'Azur;93;Vaucluse;Aix-Marseille;02;84;Avignon;84007;ANSELME MATHIEU;REP+;43.93255786917063;4.816839111561336;43.93255786917063, 4.816839111561336
2017;0840664R;Provence-Alpes-Côte d'Azur;93;Vaucluse;Aix-Marseille;02;84;Le Pontet;84092;JULES VERNE;REP;43.957154166462395;4.861181951860011;43.957154166462395, 4.861181951860011
2018;0840761W;Provence-Alpes-Côte d'Azur;93;Vaucluse;Aix-Marseille;02;84;Carpentras;84031;ALPHONSE DAUDET;REP+;44.04873818365949;5.030355340106358;44.04873818365949, 5.030355340106358
2016;0840762X;Provence-Alpes-Côte d'Azur;93;Vaucluse;Aix-Marseille;02;84;Orange;84087;BARBARA HENDRICKS;REP;44.142256590956194;4.7983025386082945;44.142256590956194, 4.7983025386082945
2017;0840762X;Provence-Alpes-Côte d'Azur;93;Vaucluse;Aix-Marseille;02;84;Orange;84087;BARBARA HENDRICKS;REP;44.142256590956194;4.7983025386082945;44.142256590956194, 4.7983025386082945
2019;0851163C;Pays de la Loire;52;Vendée;Nantes;17;85;La Châtaigneraie;85059;PIERRE MENDES FRANCE;REP;46.65198945998493;-0.7471690342822964;46.65198945998493, -0.7471690342822964
2016;0881099S;Grand Est;44;Vosges;Nancy-Metz;12;88;Saint-Dié-des-Vosges;88413;JOSEPH-JULIEN SOUHAIT;REP;48.281066500528894;6.967291505973852;48.281066500528894, 6.967291505973852
2019;0881145S;Grand Est;44;Vosges;Nancy-Metz;12;88;Charmes;88090;MAURICE BARRES;REP;48.36773262718728;6.289646442392442;48.36773262718728, 6.289646442392442
2017;0890790A;Bourgogne-Franche-Comté;27;Yonne;Dijon;07;89;Sens;89387;CHAMPS PLAISANTS;REP;48.19294450765683;3.3028723884886477;48.19294450765683, 3.3028723884886477
2016;0890937K;Bourgogne-Franche-Comté;27;Yonne;Dijon;07;89;Joigny;89206;MARIE-NOEL;REP;47.97606458987342;3.42327926656162;47.97606458987342, 3.42327926656162
2017;0890937K;Bourgogne-Franche-Comté;27;Yonne;Dijon;07;89;Joigny;89206;MARIE-NOEL;REP;47.97606458987342;3.42327926656162;47.97606458987342, 3.42327926656162
2019;0930891N;Ile-de-France;11;Seine-Saint-Denis;Créteil;24;93;Aulnay-sous-Bois;93005;VICTOR HUGO;REP;48.95891590801109;2.4949743743081245;48.95891590801109, 2.4949743743081245
2018;0931151W;Ile-de-France;11;Seine-Saint-Denis;Créteil;24;93;Montreuil;93048;JEAN MOULIN;REP;48.85870279826701;2.450673356933251;48.85870279826701, 2.450673356933251
2017;0931190N;Ile-de-France;11;Seine-Saint-Denis;Créteil;24;93;Sevran;93071;EVARISTE GALOIS;REP+;48.944038020987506;2.5204706538929478;48.944038020987506, 2.5204706538929478
2019;0931196V;Ile-de-France;11;Seine-Saint-Denis;Créteil;24;93;Bobigny;93008;PIERRE SEMARD;REP;48.91107118906222;2.4458161397724463;48.91107118906222, 2.4458161397724463
2015;0931209J;Ile-de-France;11;Seine-Saint-Denis;Créteil;24;93;Montreuil;93048;GEORGES POLITZER;REP;48.86160867286582;2.4726900199494266;48.86160867286582, 2.4726900199494266
2015;0931211L;Ile-de-France;11;Seine-Saint-Denis;Créteil;24;93;Montreuil;93048;MARAIS DE VILLIERS;REP;48.869498945464485;2.4337996250056544;48.869498945464485, 2.4337996250056544
2018;0931212M;Ile-de-France;11;Seine-Saint-Denis;Créteil;24;93;Montreuil;93048;LENAIN DE TILLEMONT;REP+;48.85917027211287;2.4619157796059175;48.85917027211287, 2.4619157796059175
2016;0931213N;Ile-de-France;11;Seine-Saint-Denis;Créteil;24;93;Montreuil;93048;COLONEL FABIEN;REP;48.87574713825058;2.452868668085811;48.87574713825058, 2.452868668085811
2019;0931213N;Ile-de-France;11;Seine-Saint-Denis;Créteil;24;93;Montreuil;93048;COLONEL FABIEN;REP;48.87574713825058;2.452868668085811;48.87574713825058, 2.452868668085811
2018;0931218U;Ile-de-France;11;Seine-Saint-Denis;Créteil;24;93;Pantin;93055;JEAN LOLIVE;REP+;48.90262340909542;2.3965560549539098;48.90262340909542, 2.3965560549539098
2016;0931221X;Ile-de-France;11;Seine-Saint-Denis;Créteil;24;93;Clichy-sous-Bois;93014;LOUISE MICHEL;REP+;48.907316488005385;2.533836070325916;48.907316488005385, 2.533836070325916
2019;0931230G;Ile-de-France;11;Seine-Saint-Denis;Créteil;24;93;Saint-Denis;93066;ELSA TRIOLET;REP;48.939437891319834;2.348305472335247;48.939437891319834, 2.348305472335247
2016;0931231H;Ile-de-France;11;Seine-Saint-Denis;Créteil;24;93;Saint-Denis;93066;PIERRE DE GEYTER;REP;48.93377244124233;2.3499707099871276;48.93377244124233, 2.3499707099871276
2017;0931231H;Ile-de-France;11;Seine-Saint-Denis;Créteil;24;93;Saint-Denis;93066;PIERRE DE GEYTER;REP;48.93377244124233;2.3499707099871276;48.93377244124233, 2.3499707099871276
2018;0931377S;Ile-de-France;11;Seine-Saint-Denis;Créteil;24;93;Drancy;93029;JORISSEN;REP;48.91646597239605;2.4698404916640575;48.91646597239605, 2.4698404916640575
2015;0931428X;Ile-de-France;11;Seine-Saint-Denis;Créteil;24;93;Epinay-sur-Seine;93031;JEAN VIGO;REP+;48.95702794912105;2.3004649496347973;48.95702794912105, 2.3004649496347973
2017;0931485J;Ile-de-France;11;Seine-Saint-Denis;Créteil;24;93;Neuilly-sur-Marne;93050;GEORGES BRAQUE;REP;48.86737808537872;2.538949647810004;48.86737808537872, 2.538949647810004
2017;0931612X;Ile-de-France;11;Seine-Saint-Denis;Créteil;24;93;Bondy;93010;JEAN ZAY;REP+;48.91080413353783;2.481372219549891;48.91080413353783, 2.481372219549891
2018;0931765N;Ile-de-France;11;Seine-Saint-Denis;Créteil;24;93;L'Ile-Saint-Denis;93039;ALFRED SISLEY;REP;48.94580713209793;2.3283623403976463;48.94580713209793, 2.3283623403976463
2015;0932334G;Ile-de-France;11;Seine-Saint-Denis;Créteil;24;93;Villetaneuse;93079;LUCIE AUBRAC;REP;48.95982624690362;2.3529539355141846;48.95982624690362, 2.3529539355141846
2018;0932334G;Ile-de-France;11;Seine-Saint-Denis;Créteil;24;93;Villetaneuse;93079;LUCIE AUBRAC;REP;48.95982624690362;2.3529539355141846;48.95982624690362, 2.3529539355141846
2015;0940794C;Ile-de-France;11;Val-de-Marne;Créteil;24;94;Vitry-sur-Seine;94081;GUSTAVE MONOD;REP;48.78860638290089;2.3813736026758976;48.78860638290089, 2.3813736026758976
2015;0941025D;Ile-de-France;11;Val-de-Marne;Créteil;24;94;Ivry-sur-Seine;94041;GEORGES POLITZER;REP;48.80786344286523;2.3927968519947727;48.80786344286523, 2.3927968519947727
2017;0941034N;Ile-de-France;11;Val-de-Marne;Créteil;24;94;Vitry-sur-Seine;94081;JOSEPH LAKANAL;REP;48.793714454965944;2.383360402437281;48.793714454965944, 2.383360402437281
2016;0941099J;Ile-de-France;11;Val-de-Marne;Créteil;24;94;Gentilly;94037;ROSA PARKS;REP;48.81370212196632;2.3457206277302776;48.81370212196632, 2.3457206277302776
2018;0941099J;Ile-de-France;11;Val-de-Marne;Créteil;24;94;Gentilly;94037;ROSA PARKS;REP;48.81370212196632;2.3457206277302776;48.81370212196632, 2.3457206277302776
2018;0941224V;Ile-de-France;11;Val-de-Marne;Créteil;24;94;Vitry-sur-Seine;94081;FRANCOIS RABELAIS;REP;48.78078831738193;2.391801312818068;48.78078831738193, 2.391801312818068
2016;0941299B;Ile-de-France;11;Val-de-Marne;Créteil;24;94;Champigny-sur-Marne;94017;PAUL VAILLANT-COUTURIER;REP;48.813231636116406;2.541229993933963;48.813231636116406, 2.541229993933963
2019;0941299B;Ile-de-France;11;Val-de-Marne;Créteil;24;94;Champigny-sur-Marne;94017;PAUL VAILLANT-COUTURIER;REP;48.813231636116406;2.541229993933963;48.813231636116406, 2.541229993933963
2016;9710032H;Guadeloupe;01;Guadeloupe;Guadeloupe;32;971;Capesterre-de-Marie-Galante;97108;NELSON MANDELA;REP;15.893081147335705;-61.221971918068895;15.893081147335705, -61.221971918068895
2014;9710661S;Guadeloupe;01;Guadeloupe;Guadeloupe;32;971;Pointe-à-Pitre;97120;NESTOR DE KERMADEC;REP+;16.234751561980858;-61.534061006884215;16.234751561980858, -61.534061006884215
2015;9710661S;Guadeloupe;01;Guadeloupe;Guadeloupe;32;971;Pointe-à-Pitre;97120;NESTOR DE KERMADEC;REP+;16.234751561980858;-61.534061006884215;16.234751561980858, -61.534061006884215
2015;9720012F;Martinique;02;Martinique;Martinique;31;972;Gros-Morne;97212;EUZHAN PALCY;REP;14.712179235327438;-60.99655634218415;14.712179235327438, -60.99655634218415
2016;9720016K;Martinique;02;Martinique;Martinique;31;972;Le Morne-Rouge;97218;CHRISTIANE EDA-PIERRE;REP;14.772528165922022;-61.13435418440334;14.772528165922022, -61.13435418440334
2018;9720028Y;Martinique;02;Martinique;Martinique;31;972;Le Marigot;97216;EUGENE MONA;REP;14.822176114487469;-61.02806296226077;14.822176114487469, -61.02806296226077
2015;9720445B;Martinique;02;Martinique;Martinique;31;972;Le Lorrain;97214;HUBERT NERO (HUBERT NERO LE LORRAIN);REP+;14.831133808787202;-61.05604594792374;14.831133808787202, -61.05604594792374
2017;9720445B;Martinique;02;Martinique;Martinique;31;972;Le Lorrain;97214;HUBERT NERO (HUBERT NERO LE LORRAIN);REP+;14.831133808787202;-61.05604594792374;14.831133808787202, -61.05604594792374
2017;9720472F;Martinique;02;Martinique;Martinique;31;972;Basse-Pointe;97203;AIME CESAIRE DE BASSE-POINTE;REP+;14.867990423486788;-61.12004956346709;14.867990423486788, -61.12004956346709
2017;9720682J;Martinique;02;Martinique;Martinique;31;972;Fort-de-France;97209;CASSIEN SAINTE-CLAIRE;REP;14.636299612209612;-61.0390183298867;14.636299612209612, -61.0390183298867
2019;9720682J;Martinique;02;Martinique;Martinique;31;972;Fort-de-France;97209;CASSIEN SAINTE-CLAIRE;REP;14.636299612209612;-61.0390183298867;14.636299612209612, -61.0390183298867
2016;9730192W;Guyane;03;Guyane;Guyane;33;973;Mana;97306;LEO OTHILY;REP+;5.671095326127401;-53.779319137273006;5.671095326127401, -53.779319137273006
2017;9730192W;Guyane;03;Guyane;Guyane;33;973;Mana;97306;LEO OTHILY;REP+;5.671095326127401;-53.779319137273006;5.671095326127401, -53.779319137273006
2017;9730193X;Guyane;03;Guyane;Guyane;33;973;Maripasoula;97353;GRAN MAN DIFOU;REP+;3.6443175439358924;-54.03658476290652;3.6443175439358924, -54.03658476290652
2019;9730248G;Guyane;03;Guyane;Guyane;33;973;Saint-Laurent-du-Maroni;97311;ALBERT LONDRES;REP+;5.472848285109702;-54.03119775434427;5.472848285109702, -54.03119775434427
2016;9730380A;Guyane;03;Guyane;Guyane;33;973;Grand-Santi;97357;ACHMAT KARTADINAMA;REP+;4.276021244993842;-54.38202331288551;4.276021244993842, -54.38202331288551
2017;9730380A;Guyane;03;Guyane;Guyane;33;973;Grand-Santi;97357;ACHMAT KARTADINAMA;REP+;4.276021244993842;-54.38202331288551;4.276021244993842, -54.38202331288551
2017;9730451C;Guyane;03;Guyane;Guyane;33;973;Camopi;97356;PAUL SUITMAN;REP+;3.164719609368303;-52.33643724001295;3.164719609368303, -52.33643724001295
2015;9740065C;La Réunion;04;La Réunion;La Réunion;28;974;Saint-Benoît;97410;DU BASSIN BLEU;REP;-21.084928859775026;55.744247420825154;-21.084928859775026, 55.744247420825154
2015;9740080U;La Réunion;04;La Réunion;La Réunion;28;974;Saint-Denis;97411;DE  BOURBON (BOURBON);REP+;-20.88489121150576;55.45298365567719;-20.88489121150576, 55.45298365567719
2019;9740083X;La Réunion;04;La Réunion;La Réunion;28;974;Saint-Benoît;97410;AMIRAL PIERRE BOUVET;REP+;-21.04402264934471;55.71805424823558;-21.04402264934471, 55.71805424823558
2018;9740548C;La Réunion;04;La Réunion;La Réunion;28;974;Le Port;97407;EDMOND ALBIUS;REP;-20.933423930772943;55.30325603624638;-20.933423930772943, 55.30325603624638
2015;9740598G;La Réunion;04;La Réunion;La Réunion;28;974;Saint-André;97409;MILLE ROCHES;REP+;-20.969811086466393;55.65037429212305;-20.969811086466393, 55.65037429212305
2015;9760042S;Mayotte;06;Mayotte;Mayotte;43;976;Chirongui;97606;MARCEL HENRY (DE TSIMKOURA);REP;-12.934883011040357;45.15055543950539;-12.934883011040357, 45.15055543950539
2018;9760180S;Mayotte;06;Mayotte;Mayotte;43;976;Sada;97616;MARIAMA SALIM;REP;-12.84623856047754;45.10398884992696;-12.84623856047754, 45.10398884992696
2018;9760183V;Mayotte;06;Mayotte;Mayotte;43;976;Pamandzi;97615;ZENA M'DERE;REP;-12.79754060161789;45.28237155675771;-12.79754060161789, 45.28237155675771
2015;9760230W;Mayotte;06;Mayotte;Mayotte;43;976;Mtsamboro;97612;DE MTSAMBORO;REP+;-12.685719968279543;45.07615387544766;-12.685719968279543, 45.07615387544766
2015;9760244L;Mayotte;06;Mayotte;Mayotte;43;976;Koungou;97610;FREDERIC D'ACHERY (DE KOUNGOU);REP;-12.735749290053134;45.2049713779938;-12.735749290053134, 45.2049713779938
2019;9760369X;Mayotte;06;Mayotte;Mayotte;43;976;Koungou;97610;DE MAJICAVO;REP+;-12.735749290053134;45.2049713779938;-12.735749290053134, 45.2049713779938
2019;0932334G;Ile-de-France;11;Seine-Saint-Denis;Créteil;24;93;Villetaneuse;93079;LUCIE AUBRAC;REP;48.95982624690362;2.3529539355141846;48.95982624690362, 2.3529539355141846
2016;0752252R;Ile-de-France;11;Paris;Paris;01;75;Paris 18e  Arrondissement;75118;HECTOR BERLIOZ;REP;48.89580660255976;2.332812845002539;48.89580660255976, 2.332812845002539
2017;0752695X;Ile-de-France;11;Paris;Paris;01;75;Paris 19e  Arrondissement;75119;GUILLAUME BUDE;REP;48.8768302948285;2.396256349456825;48.8768302948285, 2.396256349456825
2019;0753047E;Ile-de-France;11;Paris;Paris;01;75;Paris 10e  Arrondissement;75110;LA GRANGE AUX BELLES;REP;48.87855293273244;2.36691564025647;48.87855293273244, 2.36691564025647
2019;0753345D;Ile-de-France;11;Paris;Paris;01;75;Paris 19e  Arrondissement;75119;EDMOND MICHELET;REP;48.893578613836574;2.3764657013006585;48.893578613836574, 2.3764657013006585
2018;0755241P;Ile-de-France;11;Paris;Paris;01;75;Paris 20e  Arrondissement;75120;COLETTE BESSON;REP+;48.86636464907121;2.3847606110544888;48.86636464907121, 2.3847606110544888
2019;0280716B;Centre-Val de Loire;24;Eure-et-Loir;Orléans-Tours;18;28;Dreux;28134;PIERRE ET MARIE CURIE;REP+;48.736241887257606;1.3878250922969768;48.736241887257606, 1.3878250922969768
2015;0281060A;Centre-Val de Loire;24;Eure-et-Loir;Orléans-Tours;18;28;Dreux;28134;MARTIAL TAUGOURDEAU;REP;48.742402080351326;1.3991012716551992;48.742402080351326, 1.3991012716551992
2017;0281060A;Centre-Val de Loire;24;Eure-et-Loir;Orléans-Tours;18;28;Dreux;28134;MARTIAL TAUGOURDEAU;REP;48.742402080351326;1.3991012716551992;48.742402080351326, 1.3991012716551992
2019;0370791J;Centre-Val de Loire;24;Indre-et-Loire;Orléans-Tours;18;37;Joué-lès-Tours;37122;ARCHE DU LUDE;REP;47.34616946970418;0.6506576577664248;47.34616946970418, 0.6506576577664248
2017;0371391L;Centre-Val de Loire;24;Indre-et-Loire;Orléans-Tours;18;37;Saint-Pierre-des-Corps;37233;STALINGRAD;REP;47.390112775448756;0.7297326627853571;47.390112775448756, 0.7297326627853571
2019;0450069F;Centre-Val de Loire;24;Loiret;Orléans-Tours;18;45;Saint-Jean-de-la-Ruelle;45285;MAX JACOB;REP;47.9183454443335;1.8783749671300538;47.9183454443335, 1.8783749671300538
2019;0450789N;Centre-Val de Loire;24;Loiret;Orléans-Tours;18;45;Montargis;45208;LE GRAND CLOS;REP;47.999177571696144;2.7404888555112725;47.999177571696144, 2.7404888555112725
2017;0450840U;Centre-Val de Loire;24;Loiret;Orléans-Tours;18;45;Châlette-sur-Loing;45068;PAUL ELUARD;REP;48.00527288059747;2.706487677223496;48.00527288059747, 2.706487677223496
2018;0451241E;Centre-Val de Loire;24;Loiret;Orléans-Tours;18;45;Saint-Jean-de-la-Ruelle;45285;ANDRE MALRAUX;REP+;47.90393253310024;1.8658707819300295;47.90393253310024, 1.8658707819300295
2019;0451450G;Centre-Val de Loire;24;Loiret;Orléans-Tours;18;45;Gien;45155;JEAN MERMOZ;REP;47.70795055745937;2.6209507722745498;47.70795055745937, 2.6209507722745498
2017;0670105A;Grand Est;44;Bas-Rhin;Strasbourg;15;67;Strasbourg;67482;LEZAY MARNESIA;REP+;48.54835318372379;7.74594502892675;48.54835318372379, 7.74594502892675
2017;0271286B;Normandie;28;Eure;Rouen;21;27;Val-de-Reuil;27701;ALPHONSE ALLAIS;REP+;49.27441537372215;1.2126090888503258;49.27441537372215, 1.2126090888503258
2019;0951401G;Ile-de-France;11;Val-d'Oise;Versailles;25;95;Cergy;95127;LA JUSTICE;REP;49.04485916757148;2.0626711880873145;49.04485916757148, 2.0626711880873145
2019;0931145P;Ile-de-France;11;Seine-Saint-Denis;Créteil;24;93;Epinay-sur-Seine;93031;ROBESPIERRE;REP;48.95840522776568;2.310799082524989;48.95840522776568, 2.310799082524989
2018;0931185H;Ile-de-France;11;Seine-Saint-Denis;Créteil;24;93;Aubervilliers;93001;GABRIEL PERI;REP;48.91908120642866;2.400967873810693;48.91908120642866, 2.400967873810693
2015;0931195U;Ile-de-France;11;Seine-Saint-Denis;Créteil;24;93;Bobigny;93008;AUGUSTE DELAUNE;REP;48.9080996768158;2.4625423058013696;48.9080996768158, 2.4625423058013696
2019;0931429Y;Ile-de-France;11;Seine-Saint-Denis;Créteil;24;93;La Courneuve;93027;JEAN VILAR;REP+;48.92211216446413;2.384882067943852;48.92211216446413, 2.384882067943852
2018;0940006W;Ile-de-France;11;Val-de-Marne;Créteil;24;94;Créteil;94028;ALBERT SCHWEITZER;REP;48.772986292106474;2.463996359674385;48.772986292106474, 2.463996359674385
2018;0940521F;Ile-de-France;11;Val-de-Marne;Créteil;24;94;Créteil;94028;LOUIS PASTEUR;REP;48.78434924334252;2.462168822055753;48.78434924334252, 2.462168822055753
2016;0780264N;Ile-de-France;11;Yvelines;Versailles;25;78;Poissy;78498;LES GRANDS CHAMPS;REP+;48.9191720971015;2.026573003432105;48.9191720971015, 2.026573003432105
2017;0780264N;Ile-de-France;11;Yvelines;Versailles;25;78;Poissy;78498;LES GRANDS CHAMPS;REP+;48.9191720971015;2.026573003432105;48.9191720971015, 2.026573003432105
2016;0781977A;Ile-de-France;11;Yvelines;Versailles;25;78;Mantes-la-Jolie;78361;GEORGES CLEMENCEAU;REP+;48.99927610937402;1.6874575556683324;48.99927610937402, 1.6874575556683324
2019;0910971L;Ile-de-France;11;Essonne;Versailles;25;91;Viry-Châtillon;91687;LES SABLONS;REP;48.668466485032084;2.3645388015047955;48.668466485032084, 2.3645388015047955
2017;0920854D;Ile-de-France;11;Hauts-de-Seine;Versailles;25;92;Clamart;92023;DES PETITS PONTS;REP;48.78768947706803;2.2515796941126833;48.78768947706803, 2.2515796941126833
2019;0921179G;Ile-de-France;11;Hauts-de-Seine;Versailles;25;92;Châtenay-Malabry;92019;LEONARD DE VINCI;REP;48.763435010358414;2.2526417139452386;48.763435010358414, 2.2526417139452386
2019;0921545E;Ile-de-France;11;Hauts-de-Seine;Versailles;25;92;Asnières-sur-Seine;92004;ANDRE MALRAUX;REP;48.92643021819668;2.2775087494614703;48.92643021819668, 2.2775087494614703
2016;0950023J;Ile-de-France;11;Val-d'Oise;Versailles;25;95;Garges-lès-Gonesse;95268;HENRI WALLON;REP+;48.967648082901526;2.399471302782061;48.967648082901526, 2.399471302782061
2017;0950711G;Ile-de-France;11;Val-d'Oise;Versailles;25;95;Garges-lès-Gonesse;95268;PAUL ELUARD;REP+;48.9769362210965;2.3983489941118723;48.9769362210965, 2.3983489941118723
2019;0950885W;Ile-de-France;11;Val-d'Oise;Versailles;25;95;Argenteuil;95018;IRENE JOLIOT-CURIE;REP;48.95734582673471;2.281378046591629;48.95734582673471, 2.281378046591629
2016;0950939E;Ile-de-France;11;Val-d'Oise;Versailles;25;95;Villiers-le-Bel;95680;LEON BLUM;REP;49.00484986513063;2.4124196194712924;49.00484986513063, 2.4124196194712924
2017;0951098C;Ile-de-France;11;Val-d'Oise;Versailles;25;95;Garges-lès-Gonesse;95268;PABLO PICASSO;REP;48.9720318249684;2.4174990064062225;48.9720318249684, 2.4174990064062225
2019;0951098C;Ile-de-France;11;Val-d'Oise;Versailles;25;95;Garges-lès-Gonesse;95268;PABLO PICASSO;REP;48.9720318249684;2.4174990064062225;48.9720318249684, 2.4174990064062225
2017;0951230W;Ile-de-France;11;Val-d'Oise;Versailles;25;95;Argenteuil;95018;EUGENIE COTTON;REP;48.946068715271174;2.2300801674078983;48.946068715271174, 2.2300801674078983
2016;0952128X;Ile-de-France;11;Val-d'Oise;Versailles;25;95;Goussainville;95280;GEORGES CHARPAK;REP;49.02579621586045;2.4599239966924262;49.02579621586045, 2.4599239966924262
2015;0240106K;Nouvelle-Aquitaine;75;Dordogne;Bordeaux;04;24;Vélines;24568;OLYMPE DE GOUGES;REP;44.857853807262;0.1095966002992184;44.857853807262, 0.1095966002992184
2015;0470677F;Nouvelle-Aquitaine;75;Lot-et-Garonne;Bordeaux;04;47;Agen;47001;DUCOS DU HAURON;REP;44.19488758933929;0.6313271079898402;44.19488758933929, 0.6313271079898402
2018;0331621H;Nouvelle-Aquitaine;75;Gironde;Bordeaux;04;33;Coutras;33138;HENRI DE NAVARRE;REP;45.04088895820108;-0.11876092864146748;45.04088895820108, -0.11876092864146748
2018;0331895F;Nouvelle-Aquitaine;75;Gironde;Bordeaux;04;33;Lormont;33249;MONTAIGNE;REP+;44.87361365211743;-0.5176515046626512;44.87361365211743, -0.5176515046626512
2016;0520737U;Grand Est;44;Haute-Marne;Reims;19;52;Chaumont;52121;LA ROCHOTTE;REP;48.09040960260351;5.134955547141704;48.09040960260351, 5.134955547141704
2017;0593483R;Hauts-de-France;32;Nord;Lille;09;59;Masny;59390;ROBERT DESNOS;REP;50.342317608166105;3.200689310892901;50.342317608166105, 3.200689310892901
2015;0590031N;Hauts-de-France;32;Nord;Lille;09;59;Bruay-sur-l'Escaut;59112;JEAN MACE;REP;50.399192131331574;3.545290512818122;50.399192131331574, 3.545290512818122
2015;0590183D;Hauts-de-France;32;Nord;Lille;09;59;Roubaix;59512;MADAME DE SEVIGNE;REP+;50.693178521110575;3.164916731917064;50.693178521110575, 3.164916731917064
2019;0590183D;Hauts-de-France;32;Nord;Lille;09;59;Roubaix;59512;MADAME DE SEVIGNE;REP+;50.693178521110575;3.164916731917064;50.693178521110575, 3.164916731917064
2019;0592714E;Hauts-de-France;32;Nord;Lille;09;59;Tourcoing;59599;MENDES-FRANCE;REP+;50.73603904171261;3.189487898174909;50.73603904171261, 3.189487898174909
2018;0593177H;Hauts-de-France;32;Nord;Lille;09;59;Lille;59350;JEAN ZAY;REP;50.647749627649176;2.9854987317161483;50.647749627649176, 2.9854987317161483
2016;0593663L;Hauts-de-France;32;Nord;Lille;09;59;Dunkerque;59183;JEAN DECONINCK;REP;51.0282280665178;2.3315574002208934;51.0282280665178, 2.3315574002208934
2019;0593680E;Hauts-de-France;32;Nord;Lille;09;59;Valenciennes;59606;CHASSE ROYALE;REP+;50.355747136749194;3.5038220362532377;50.355747136749194, 3.5038220362532377
2018;0594293W;Hauts-de-France;32;Nord;Lille;09;59;Tourcoing;59599;ALBERT ROUSSEL;REP+;50.723101525848385;3.168441695203991;50.723101525848385, 3.168441695203991
2018;0691480J;Auvergne-Rhône-Alpes;84;Rhône;Lyon;10;69;Vénissieux;69259;HONORE DE BALZAC;REP;45.72536632204829;4.861450572415911;45.72536632204829, 4.861450572415911
2014;0692340U;Auvergne-Rhône-Alpes;84;Rhône;Lyon;10;69;Lyon 8e  Arrondissement;69388;HENRI LONGCHAMBON;REP+;45.72632303906099;4.8744875515093415;45.72632303906099, 4.8744875515093415
2017;0692342W;Auvergne-Rhône-Alpes;84;Rhône;Lyon;10;69;Saint-Fons;69199;ALAIN;REP+;45.69680951743064;4.856310939159173;45.69680951743064, 4.856310939159173
2016;9730110G;Guyane;03;Guyane;Guyane;33;973;Saint-Laurent-du-Maroni;97311;EUGENIE TELL-EBOUE;REP+;5.503966415464399;-54.027881321610295;5.503966415464399, -54.027881321610295
2017;9730337D;Guyane;03;Guyane;Guyane;33;973;Apatou;97360;MA AIYE;REP+;5.162072787983317;-54.338404329000966;5.162072787983317, -54.338404329000966
2018;0753047E;Ile-de-France;11;Paris;Paris;01;75;Paris 10e  Arrondissement;75110;LA GRANGE AUX BELLES;REP;48.87855293273244;2.36691564025647;48.87855293273244, 2.36691564025647
2017;0753345D;Ile-de-France;11;Paris;Paris;01;75;Paris 19e  Arrondissement;75119;EDMOND MICHELET;REP;48.893578613836574;2.3764657013006585;48.893578613836574, 2.3764657013006585
2017;0753938Y;Ile-de-France;11;Paris;Paris;01;75;Paris 19e  Arrondissement;75119;GEORGES ROUAULT;REP+;48.88660486762876;2.3990749972329106;48.88660486762876, 2.3990749972329106
2017;0810787R;Occitanie;76;Tarn;Toulouse;16;81;Carmaux;81060;VICTOR HUGO;REP;44.051300488108595;2.1534505462975364;44.051300488108595, 2.1534505462975364
2016;0180593X;Centre-Val de Loire;24;Cher;Orléans-Tours;18;18;Bourges;18033;VICTOR HUGO;REP;47.110226054211594;2.409565313649583;47.110226054211594, 2.409565313649583
2018;0280024Z;Centre-Val de Loire;24;Eure-et-Loir;Orléans-Tours;18;28;Vernouillet;28404;MARCEL PAGNOL;REP;48.7272739577147;1.3283425349956817;48.7272739577147, 1.3283425349956817
2016;0950723V;Ile-de-France;11;Val-d'Oise;Versailles;25;95;Sarcelles;95585;JEAN LURCAT;REP+;48.97494224382957;2.379570051801814;48.97494224382957, 2.379570051801814
2018;0950723V;Ile-de-France;11;Val-d'Oise;Versailles;25;95;Sarcelles;95585;JEAN LURCAT;REP+;48.97494224382957;2.379570051801814;48.97494224382957, 2.379570051801814
2015;0950895G;Ile-de-France;11;Val-d'Oise;Versailles;25;95;Pontoise;95500;SIMONE VEIL (PARC AUX CHARRETTES);REP;49.04405966784812;2.0844612413354215;49.04405966784812, 2.0844612413354215
2016;0251397H;Bourgogne-Franche-Comté;27;Doubs;Besançon;03;25;Seloncourt;25539;LES HAUTES VIGNES;REP;47.471657743512836;6.8564071982789585;47.471657743512836, 6.8564071982789585
2017;0400010U;Nouvelle-Aquitaine;75;Landes;Bordeaux;04;40;Gabarret;40102;JULES FERRY;REP;43.98527944545262;0.006111135857639554;43.98527944545262, 0.006111135857639554
2019;0470677F;Nouvelle-Aquitaine;75;Lot-et-Garonne;Bordeaux;04;47;Agen;47001;DUCOS DU HAURON;REP;44.19488758933929;0.6313271079898402;44.19488758933929, 0.6313271079898402
2017;0610057F;Normandie;28;Orne;Caen;05;61;Flers;61169;JEAN MONNET;REP;48.74029567015151;-0.570083082053775;48.74029567015151, -0.570083082053775
2018;0631762Y;Auvergne-Rhône-Alpes;84;Puy-de-Dôme;Clermont-Ferrand;06;63;La Monnerie-le-Montel;63231;DE LA DUROLLE;REP;45.87241951580685;3.5977455693957547;45.87241951580685, 3.5977455693957547
2015;0700786Z;Bourgogne-Franche-Comté;27;Haute-Saône;Besançon;03;70;Vesoul;70550;JACQUES BREL;REP;47.63264042849301;6.1685514150093415;47.63264042849301, 6.1685514150093415
2018;0900351T;Bourgogne-Franche-Comté;27;Territoire de Belfort;Besançon;03;90;Belfort;90010;SIMONE SIGNORET;REP+;47.629669561919656;6.839525517577093;47.629669561919656, 6.839525517577093
2015;0240037K;Nouvelle-Aquitaine;75;Dordogne;Bordeaux;04;24;Terrasson-Lavilledieu;24547;JULES FERRY;REP;45.13091308470604;1.2987975003631744;45.13091308470604, 1.2987975003631744
2019;0600036N;Hauts-de-France;32;Oise;Amiens;20;60;Nogent-sur-Oise;60463;EDOUARD HERRIOT;REP;49.267760854693826;2.451049890230202;49.267760854693826, 2.451049890230202
2015;0020024R;Hauts-de-France;32;Aisne;Amiens;20;02;Fère-en-Tardenois;02305;ANNE DE MONTMORENCY;REP;49.19890491055798;3.506935476255361;49.19890491055798, 3.506935476255361
2019;0060838D;Provence-Alpes-Côte d'Azur;93;Alpes-Maritimes;Nice;23;06;Nice;06088;SIMONE VEIL;REP;43.709720747119626;7.279838803650565;43.709720747119626, 7.279838803650565
2016;0080949N;Grand Est;44;Ardennes;Reims;19;08;Revin;08363;GEORGE SAND;REP;49.93458688259741;4.646499964728705;49.93458688259741, 4.646499964728705
2015;0130306M;Provence-Alpes-Côte d'Azur;93;Bouches-du-Rhône;Aix-Marseille;02;13;Arles;13004;MARINETTE CARLETTI;REP;43.5574912848906;4.728042238467275;43.5574912848906, 4.728042238467275
2016;0131260Z;Provence-Alpes-Côte d'Azur;93;Bouches-du-Rhône;Aix-Marseille;02;13;Marseille 13e  Arrondissement;13213;EDMOND ROSTAND;REP+;43.3285229352973;5.408321004299624;43.3285229352973, 5.408321004299624
2019;0132214L;Provence-Alpes-Côte d'Azur;93;Bouches-du-Rhône;Aix-Marseille;02;13;Vitrolles;13117;HENRI FABRE;REP+;43.44084490848204;5.250805055400931;43.44084490848204, 5.250805055400931
2016;0132314V;Provence-Alpes-Côte d'Azur;93;Bouches-du-Rhône;Aix-Marseille;02;13;Marseille 13e  Arrondissement;13213;JEAN GIONO;REP;43.3307269894162;5.43448881533234;43.3307269894162, 5.43448881533234
2018;0132404T;Provence-Alpes-Côte d'Azur;93;Bouches-du-Rhône;Aix-Marseille;02;13;Marseille 14e  Arrondissement;13214;CLAIR SOLEIL;REP+;43.32354905418095;5.385893227377723;43.32354905418095, 5.385893227377723
2016;0132408X;Provence-Alpes-Côte d'Azur;93;Bouches-du-Rhône;Aix-Marseille;02;13;Marseille 15e  Arrondissement;13215;JULES FERRY;REP+;43.3425610267601;5.356524533524035;43.3425610267601, 5.356524533524035
2016;0133788X;Provence-Alpes-Côte d'Azur;93;Bouches-du-Rhône;Aix-Marseille;02;13;Marseille  2e  Arrondissement;13202;JEAN CLAUDE IZZO;REP+;43.30735309691616;5.369271084312032;43.30735309691616, 5.369271084312032
2015;0141268C;Normandie;28;Calvados;Caen;05;14;Caen;14118;GUILLAUME DE NORMANDIE;REP;49.16098458295274;-0.34696061196262384;49.16098458295274, -0.34696061196262384
2016;0320584L;Occitanie;76;Gers;Toulouse;16;32;Auch;32013;MARIE SK ODOWSKA-CURIE (D'ARTAGNAN);REP;43.635972233297586;0.596960331102503;43.635972233297586, 0.596960331102503
2018;0332285E;Nouvelle-Aquitaine;75;Gironde;Bordeaux;04;33;Bordeaux;33063;JACQUES ELLUL;REP;44.84460328448234;-0.5419703408667669;44.84460328448234, -0.5419703408667669
2018;0380013H;Auvergne-Rhône-Alpes;84;Isère;Grenoble;08;38;Le Pont-de-Claix;38317;NELSON MANDELA;REP;45.132686918601145;5.697140547137221;45.132686918601145, 5.697140547137221
2018;0390883Y;Bourgogne-Franche-Comté;27;Jura;Besançon;03;39;Dole;39198;MARYSE BASTIE;REP;47.08340079628947;5.468921037085184;47.08340079628947, 5.468921037085184
2017;0440348P;Pays de la Loire;52;Loire-Atlantique;Nantes;17;44;Châteaubriant;44036;LA VILLE AUX ROSES;REP;47.7115926492366;-1.3845765477303777;47.7115926492366, -1.3845765477303777
2018;0441616T;Pays de la Loire;52;Loire-Atlantique;Nantes;17;44;Trignac;44210;JULIEN LAMBOT;REP;47.30118042819184;-2.1999287150715574;47.30118042819184, -2.1999287150715574
2017;0490042E;Pays de la Loire;52;Maine-et-Loire;Nantes;17;49;Saumur;49328;PIERRE MENDES FRANCE;REP;47.2453730033157;-0.07829134687733849;47.2453730033157, -0.07829134687733849
2018;0511108C;Grand Est;44;Marne;Reims;19;51;Reims;51454;PAUL FORT;REP+;49.22701660514032;4.042521472092302;49.22701660514032, 4.042521472092302
2019;0570318L;Grand Est;44;Moselle;Nancy-Metz;12;57;Uckange;57683;JEAN MOULIN;REP;49.30368416246295;6.146728309488735;49.30368416246295, 6.146728309488735
2019;0572017H;Grand Est;44;Moselle;Nancy-Metz;12;57;Moyeuvre-Grande;57491;JEAN BURGER;REP;49.25361348386031;6.031542222732361;49.25361348386031, 6.031542222732361
2018;0572493A;Grand Est;44;Moselle;Nancy-Metz;12;57;Petite-Rosselle;57537;LOUIS ARMAND;REP;49.20993548164225;6.850061765488757;49.20993548164225, 6.850061765488757
2015;0572587C;Grand Est;44;Moselle;Nancy-Metz;12;57;Sarreguemines;57631;JEAN JAURES;REP;49.1034470433025;7.049037171190424;49.1034470433025, 7.049037171190424
2019;0573269U;Grand Est;44;Moselle;Nancy-Metz;12;57;Fameck;57206;CHARLES DE GAULLE;REP;49.30239963596309;6.116210568501709;49.30239963596309, 6.116210568501709
2019;0580005R;Bourgogne-Franche-Comté;27;Nièvre;Dijon;07;58;Château-Chinon (Ville);58062;BIBRACTE;REP;47.05796324794272;3.930724852309485;47.05796324794272, 3.930724852309485
2015;0600007G;Hauts-de-France;32;Oise;Amiens;20;60;Beauvais;60057;HENRI BAUMONT;REP+;49.43936350125355;2.10239377784103;49.43936350125355, 2.10239377784103
2017;0601605U;Hauts-de-France;32;Oise;Amiens;20;60;Noyon;60471;PAUL ELUARD;REP;49.58519509905662;2.997788447559591;49.58519509905662, 2.997788447559591
2018;0640609P;Nouvelle-Aquitaine;75;Pyrénées-Atlantiques;Bordeaux;04;64;Bayonne;64102;ALBERT CAMUS;REP;43.499451901550565;-1.4535052713256427;43.499451901550565, -1.4535052713256427
2015;0660012E;Occitanie;76;Pyrénées-Orientales;Montpellier;11;66;Perpignan;66136;JOSEPH SEBASTIEN PONS;REP+;42.71974142892545;2.8917514513546663;42.71974142892545, 2.8917514513546663
2016;0670065G;Grand Est;44;Bas-Rhin;Strasbourg;15;67;Schiltigheim;67447;LECLERC;REP;48.60901321848323;7.731105515288078;48.60901321848323, 7.731105515288078
2016;0671825V;Grand Est;44;Bas-Rhin;Strasbourg;15;67;Strasbourg;67482;FRANCOIS TRUFFAUT;REP+;48.599425421842994;7.696410288760466;48.599425421842994, 7.696410288760466
2018;0681127F;Grand Est;44;Haut-Rhin;Strasbourg;15;68;Mulhouse;68224;BOURTZWILLER;REP+;47.77571580591898;7.332873619439134;47.77571580591898, 7.332873619439134
2015;0690099H;Auvergne-Rhône-Alpes;84;Rhône;Lyon;10;69;Villefranche-sur-Saône;69264;JEAN MOULIN;REP+;45.983144177172896;4.7148976208946936;45.983144177172896, 4.7148976208946936
2018;0761701L;Normandie;28;Seine-Maritime;Rouen;21;76;Bolbec;76114;RONCHEROLLES;REP;49.56996027597236;0.4785859188493273;49.56996027597236, 0.4785859188493273
2016;0761783A;Normandie;28;Seine-Maritime;Rouen;21;76;Le Havre;76351;JACQUES MONOD;REP+;49.493022465986854;0.15543052961965706;49.493022465986854, 0.15543052961965706
2018;0762080Y;Normandie;28;Seine-Maritime;Rouen;21;76;Grand-Couronne;76319;HENRI MATISSE;REP;49.35028153464623;1.0011191422067272;49.35028153464623, 1.0011191422067272
2016;0932272P;Ile-de-France;11;Seine-Saint-Denis;Créteil;24;93;Aubervilliers;93001;ROSA LUXEMBURG;REP+;48.91487715211166;2.3744299078797684;48.91487715211166, 2.3744299078797684
2018;0170077S;Nouvelle-Aquitaine;75;Charente-Maritime;Poitiers;13;17;La Rochelle;17300;PIERRE MENDES FRANCE;REP+;46.1692133008575;-1.1787166669195002;46.1692133008575, -1.1787166669195002
2017;0622087G;Hauts-de-France;32;Pas-de-Calais;Lille;09;62;Mazingarbe;62563;BLAISE PASCAL;REP;50.461641880259855;2.71946421178554;50.461641880259855, 2.71946421178554
2017;0221037H;Bretagne;53;Côtes-d'Armor;Rennes;14;22;Plémet;22183;LOUIS GUILLOUX;REP;48.1744927931095;-2.596617187978246;48.1744927931095, -2.596617187978246
2016;0290100B;Bretagne;53;Finistère;Rennes;14;29;Brest;29019;PENN AR C'HLEUZ;REP;48.416841111397005;-4.4824385760001535;48.416841111397005, -4.4824385760001535
2019;0291089B;Bretagne;53;Finistère;Rennes;14;29;Brest;29019;LA FONTAINE MARGOT-KERANROUX;REP;48.38375266123298;-4.540692750735194;48.38375266123298, -4.540692750735194
2015;0350963G;Bretagne;53;Ille-et-Vilaine;Rennes;14;35;Rennes;35238;DES HAUTES OURMES;REP+;48.08946760007525;-1.64941146931163;48.08946760007525, -1.64941146931163
2017;0350963G;Bretagne;53;Ille-et-Vilaine;Rennes;14;35;Rennes;35238;DES HAUTES OURMES;REP+;48.08946760007525;-1.64941146931163;48.08946760007525, -1.64941146931163
2015;0132561N;Provence-Alpes-Côte d'Azur;93;Bouches-du-Rhône;Aix-Marseille;02;13;Marseille  6e  Arrondissement;13206;ANATOLE FRANCE;REP;43.290571860058506;5.37691121784437;43.290571860058506, 5.37691121784437
2017;0750465Y;Ile-de-France;11;Paris;Paris;01;75;Paris 11e  Arrondissement;75111;LUCIE ET RAYMOND AUBRAC;REP;48.86823146219155;2.3743098395826583;48.86823146219155, 2.3743098395826583
2016;0750484U;Ile-de-France;11;Paris;Paris;01;75;Paris 19e  Arrondissement;75119;W.A. MOZART;REP;48.88957339062926;2.3793026165909783;48.88957339062926, 2.3793026165909783
2019;0751707Y;Ile-de-France;11;Paris;Paris;01;75;Paris 19e  Arrondissement;75119;EDOUARD PAILLERON;REP;48.88124786463433;2.37869142490499;48.88124786463433, 2.37869142490499
2016;0752694W;Ile-de-France;11;Paris;Paris;01;75;Paris 13e  Arrondissement;75113;CAMILLE CLAUDEL;REP;48.820450611738934;2.364643821822803;48.820450611738934, 2.364643821822803
2019;0753046D;Ile-de-France;11;Paris;Paris;01;75;Paris 20e  Arrondissement;75120;FLORA TRISTAN;REP;48.85897795579358;2.4049587195705024;48.85897795579358, 2.4049587195705024
2018;0754355B;Ile-de-France;11;Paris;Paris;01;75;Paris 20e  Arrondissement;75120;ROBERT DOISNEAU;REP;48.8670900790929;2.388027815286084;48.8670900790929, 2.388027815286084
2016;0755433Y;Ile-de-France;11;Paris;Paris;01;75;Paris 18e  Arrondissement;75118;AIMÉ CÉSAIRE;REP;48.888404995750385;2.362494551374222;48.888404995750385, 2.362494551374222
2017;0100081J;Grand Est;44;Aube;Reims;19;10;Troyes;10387;MARIE CURIE;REP;48.271865846594174;4.075555703398725;48.271865846594174, 4.075555703398725
2015;0780116C;Ile-de-France;11;Yvelines;Versailles;25;78;Mantes-la-Ville;78362;LES PLAISANCES;REP;48.97415040739862;1.7051621368163097;48.97415040739862, 1.7051621368163097
2019;0910716J;Ile-de-France;11;Essonne;Versailles;25;91;Savigny-sur-Orge;91589;JEAN MERMOZ;REP;48.67265291675446;2.3415313443860524;48.67265291675446, 2.3415313443860524
2016;0920882J;Ile-de-France;11;Hauts-de-Seine;Versailles;25;92;Nanterre;92050;VICTOR HUGO;REP;48.893382558312744;2.204628484701878;48.893382558312744, 2.204628484701878
2015;0921179G;Ile-de-France;11;Hauts-de-Seine;Versailles;25;92;Châtenay-Malabry;92019;LEONARD DE VINCI;REP;48.763435010358414;2.2526417139452386;48.763435010358414, 2.2526417139452386
2018;0921180H;Ile-de-France;11;Hauts-de-Seine;Versailles;25;92;Châtenay-Malabry;92019;MASARYK;REP;48.76255272797497;2.263949132983106;48.76255272797497, 2.263949132983106
2017;0921778H;Ile-de-France;11;Hauts-de-Seine;Versailles;25;92;Bagneux;92007;JOLIOT CURIE;REP;48.802382299288986;2.3161393300177355;48.802382299288986, 2.3161393300177355
2017;0921940J;Ile-de-France;11;Hauts-de-Seine;Versailles;25;92;Nanterre;92050;PAUL ELUARD;REP;48.89341657186662;2.222682130375174;48.89341657186662, 2.222682130375174
2018;0950026M;Ile-de-France;11;Val-d'Oise;Versailles;25;95;Goussainville;95280;MAXIMILIEN DE ROBESPIERRE;REP;49.03241256335687;2.454761114690216;49.03241256335687, 2.454761114690216
2016;0950888Z;Ile-de-France;11;Val-d'Oise;Versailles;25;95;Bezons;95063;HENRI WALLON;REP;48.93206006743424;2.2151968413039524;48.93206006743424, 2.2151968413039524
2016;0951142A;Ile-de-France;11;Val-d'Oise;Versailles;25;95;Gonesse;95277;ROBERT DOISNEAU;REP;48.99004572780334;2.4263291241581113;48.99004572780334, 2.4263291241581113
2016;0952036X;Ile-de-France;11;Val-d'Oise;Versailles;25;95;Garges-lès-Gonesse;95268;HENRI MATISSE;REP;48.96593088472408;2.406593247759822;48.96593088472408, 2.406593247759822
2017;0141553M;Normandie;28;Calvados;Caen;05;14;Fleury-sur-Orne;14271;STEPHEN HAWKING (MARCEL PAGNOL);REP+;49.15728610302962;-0.36023049666148743;49.15728610302962, -0.36023049666148743
2017;0240106K;Nouvelle-Aquitaine;75;Dordogne;Bordeaux;04;24;Vélines;24568;OLYMPE DE GOUGES;REP;44.857853807262;0.1095966002992184;44.857853807262, 0.1095966002992184
2017;0251397H;Bourgogne-Franche-Comté;27;Doubs;Besançon;03;25;Seloncourt;25539;LES HAUTES VIGNES;REP;47.471657743512836;6.8564071982789585;47.471657743512836, 6.8564071982789585
2019;0400648M;Nouvelle-Aquitaine;75;Landes;Bordeaux;04;40;Mont-de-Marsan;40192;VICTOR DURUY;REP;43.89747628754074;-0.5009549383009567;43.89747628754074, -0.5009549383009567
2016;0593254S;Hauts-de-France;32;Nord;Lille;09;59;Maubeuge;59392;JULES VERNE (EPINETTE);REP+;50.29012556895734;3.9636847843289913;50.29012556895734, 3.9636847843289913
2018;0593660H;Hauts-de-France;32;Nord;Lille;09;59;Loos;59360;RENE DESCARTES;REP+;50.60889499377326;3.0067147312333664;50.60889499377326, 3.0067147312333664
2015;0593663L;Hauts-de-France;32;Nord;Lille;09;59;Dunkerque;59183;JEAN DECONINCK;REP;51.0282280665178;2.3315574002208934;51.0282280665178, 2.3315574002208934
2016;0594168K;Hauts-de-France;32;Nord;Lille;09;59;Feignies;59225;JEAN ZAY;REP;50.29266346313587;3.920406963163306;50.29266346313587, 3.920406963163306
2019;0594295Y;Hauts-de-France;32;Nord;Lille;09;59;Coudekerque-Branche;59155;DU WESTHOEK;REP;51.02981233672437;2.401471884994654;51.02981233672437, 2.401471884994654
2016;0594392D;Hauts-de-France;32;Nord;Lille;09;59;Wattrelos;59650;PABLO NERUDA;REP;50.70934262131982;3.2378495967709715;50.70934262131982, 3.2378495967709715
2016;0594405T;Hauts-de-France;32;Nord;Lille;09;59;Somain;59574;VICTOR HUGO;REP;50.36153892734891;3.2761862269502635;50.36153892734891, 3.2761862269502635
2017;0594418G;Hauts-de-France;32;Nord;Lille;09;59;Jeumont;59324;CHARLES DE GAULLE;REP;50.30307795955962;4.090247306355392;50.30307795955962, 4.090247306355392
2017;0594632P;Hauts-de-France;32;Nord;Lille;09;59;Hem;59299;RAYMOND DEVOS (RAYMOND DEVOS );REP;50.66115030363756;3.1877820191313746;50.66115030363756, 3.1877820191313746
2019;0594879H;Hauts-de-France;32;Nord;Lille;09;59;Fourmies;59249;JOLIOT-CURIE;REP;50.01822256383901;4.060953490354967;50.01822256383901, 4.060953490354967
2018;0595168X;Hauts-de-France;32;Nord;Lille;09;59;Roubaix;59512;MAXENCE VAN DER MEERSCH;REP+;50.68128084233904;3.207217144531587;50.68128084233904, 3.207217144531587
2015;0331885V;Nouvelle-Aquitaine;75;Gironde;Bordeaux;04;33;Cenon;33119;JEAN JAURES;REP;44.862885209225176;-0.5166330993847211;44.862885209225176, -0.5166330993847211
2015;0720797A;Pays de la Loire;52;Sarthe;Nantes;17;72;Le Mans;72181;JOSEPHINE BAKER (VAUGUYON);REP+;47.97450893691801;0.22124896261441748;47.97450893691801, 0.22124896261441748
2019;0381907S;Auvergne-Rhône-Alpes;84;Isère;Grenoble;08;38;Vienne;38544;FRANCOIS PONSARD;REP;45.526479780659216;4.877149252538211;45.526479780659216, 4.877149252538211
2016;0020055Z;Hauts-de-France;32;Aisne;Amiens;20;02;Saint-Quentin;02691;GABRIEL HANOTAUX;REP;49.86071884832814;3.273621537678239;49.86071884832814, 3.273621537678239
2018;0030838V;Auvergne-Rhône-Alpes;84;Allier;Clermont-Ferrand;06;03;Moulins;03190;EMILE GUILLAUMIN;REP;46.5439993014262;3.3373404314432116;46.5439993014262, 3.3373404314432116
2015;0080826E;Grand Est;44;Ardennes;Reims;19;08;Sedan;08409;LE LAC;REP+;49.69429900317458;4.939797645024404;49.69429900317458, 4.939797645024404
2016;0100038M;Grand Est;44;Aube;Reims;19;10;Troyes;10387;LES JACOBINS;REP;48.29606319748688;4.079776955215974;48.29606319748688, 4.079776955215974
2018;0131261A;Provence-Alpes-Côte d'Azur;93;Bouches-du-Rhône;Aix-Marseille;02;13;Marseille 13e  Arrondissement;13213;AUGUSTE RENOIR;REP+;43.32773029636164;5.408349520146369;43.32773029636164, 5.408349520146369
2016;0131265E;Provence-Alpes-Côte d'Azur;93;Bouches-du-Rhône;Aix-Marseille;02;13;Salon-de-Provence;13103;JEAN MOULIN;REP;43.642784212843395;5.103994516073329;43.642784212843395, 5.103994516073329
2016;0800029X;Hauts-de-France;32;Somme;Amiens;20;80;Doullens;80253;JEAN ROSTAND;REP;50.155663891466126;2.3348007017392702;50.155663891466126, 2.3348007017392702
2018;0830181W;Provence-Alpes-Côte d'Azur;93;Var;Nice;23;83;Toulon;83137;LA MARQUISANNE;REP+;43.13255825263484;5.891004403930202;43.13255825263484, 5.891004403930202
2018;0830953K;Provence-Alpes-Côte d'Azur;93;Var;Nice;23;83;Toulon;83137;PEIRESC;REP;43.124410625407464;5.934668706237845;43.124410625407464, 5.934668706237845
2015;0840007B;Provence-Alpes-Côte d'Azur;93;Vaucluse;Aix-Marseille;02;84;Avignon;84007;JOSEPH ROUMANILLE;REP+;43.93426301817834;4.828267734856219;43.93426301817834, 4.828267734856219
2016;0840051Z;Provence-Alpes-Côte d'Azur;93;Vaucluse;Aix-Marseille;02;84;Avignon;84007;JEAN BRUNET;REP+;43.94730404454069;4.839435972321937;43.94730404454069, 4.839435972321937
2019;0840699D;Provence-Alpes-Côte d'Azur;93;Vaucluse;Aix-Marseille;02;84;Bollène;84019;PAUL ELUARD;REP;44.275511517716396;4.745288125657382;44.275511517716396, 4.745288125657382
2016;0931188L;Ile-de-France;11;Seine-Saint-Denis;Créteil;24;93;La Courneuve;93027;RAYMOND POINCARE;REP+;48.929472614370944;2.391703841222832;48.929472614370944, 2.391703841222832
2019;0931979W;Ile-de-France;11;Seine-Saint-Denis;Créteil;24;93;Sevran;93071;GEORGES BRASSENS;REP;48.93883487092013;2.538339531152895;48.93883487092013, 2.538339531152895
2018;0940794C;Ile-de-France;11;Val-de-Marne;Créteil;24;94;Vitry-sur-Seine;94081;GUSTAVE MONOD;REP;48.78860638290089;2.3813736026758976;48.78860638290089, 2.3813736026758976
2017;6200697N;Corse;94;Corse-du-Sud;Corse;27;2A;Porto-Vecchio;2A247;MARIA DE PERETTI (PORTO VECCHIO II);REP;41.577652607028014;9.266886497166388;41.577652607028014, 9.266886497166388
2015;7200027S;Corse;94;Haute-Corse;Corse;27;2B;Luri;2B152;COLLEGE DU CAP;REP;42.896770400839365;9.405052355895318;42.896770400839365, 9.405052355895318
2018;7200086F;Corse;94;Haute-Corse;Corse;27;2B;Prunelli-di-Fiumorbo;2B251;DI FIUMORBU;REP;41.9958834398515;9.40519108814035;41.9958834398515, 9.40519108814035
2018;7200160L;Corse;94;Haute-Corse;Corse;27;2B;Penta-di-Casinca;2B207;LA CASINCA HENRI TOMASI;REP;42.445543833308676;9.524839397438077;42.445543833308676, 9.524839397438077
2018;9710073C;Guadeloupe;01;Guadeloupe;Guadeloupe;32;971;Pointe-à-Pitre;97120;SADI CARNOT;REP;16.238894757955624;-61.53764046574976;16.238894757955624, -61.53764046574976
2018;9710938T;Guadeloupe;01;Guadeloupe;Guadeloupe;32;971;Les Abymes;97101;AURÉLIE LAMBOURDE;REP;16.270815993046682;-61.500962275565435;16.270815993046682, -61.500962275565435
2018;9711181G;Guadeloupe;01;Guadeloupe;Guadeloupe;32;971;Sainte-Rose;97129;BOIS RADA;REP;16.28069078730079;-61.67041044710305;16.28069078730079, -61.67041044710305
2018;9720012F;Martinique;02;Martinique;Martinique;31;972;Gros-Morne;97212;EUZHAN PALCY;REP;14.712179235327438;-60.99655634218415;14.712179235327438, -60.99655634218415
2015;9720019N;Martinique;02;Martinique;Martinique;31;972;Le Robert;97222;PAUL SYMPHOR;REP;14.680112770684616;-60.93966513236273;14.680112770684616, -60.93966513236273
2017;9720019N;Martinique;02;Martinique;Martinique;31;972;Le Robert;97222;PAUL SYMPHOR;REP;14.680112770684616;-60.93966513236273;14.680112770684616, -60.93966513236273
2018;9720019N;Martinique;02;Martinique;Martinique;31;972;Le Robert;97222;PAUL SYMPHOR;REP;14.680112770684616;-60.93966513236273;14.680112770684616, -60.93966513236273
2018;9730145V;Guyane;03;Guyane;Guyane;33;973;Sinnamary;97312;ELIE CASTOR;REP+;5.381882952492943;-52.954835727086;5.381882952492943, -52.954835727086
2015;9730307W;Guyane;03;Guyane;Guyane;33;973;Matoury;97307;CONCORDE - MAURICE DUMESNIL;REP+;4.835132727125779;-52.35116917250092;4.835132727125779, -52.35116917250092
2018;9730373T;Guyane;03;Guyane;Guyane;33;973;Mana;97306;PAULE BERTHELOT;REP+;5.604712438037872;-53.815128745813944;5.604712438037872, -53.815128745813944
2019;9730394R;Guyane;03;Guyane;Guyane;33;973;Saint-Laurent-du-Maroni;97311;ARSENE BOUYER D'ANGOMA;REP+;5.4803393568405285;-54.0334947558977;5.4803393568405285, -54.0334947558977
2016;9740065C;La Réunion;04;La Réunion;La Réunion;28;974;Saint-Benoît;97410;DU BASSIN BLEU;REP;-21.084928859775026;55.744247420825154;-21.084928859775026, 55.744247420825154
2016;9740096L;La Réunion;04;La Réunion;La Réunion;28;974;Cilaos;97424;ALSACE CORRE;REP;-21.134631473721967;55.47329595269721;-21.134631473721967, 55.47329595269721
2019;9740645H;La Réunion;04;La Réunion;La Réunion;28;974;Saint-Denis;97411;MONTGAILLARD;REP+;-20.90259846929564;55.46854848337027;-20.90259846929564, 55.46854848337027
2019;0921940J;Ile-de-France;11;Hauts-de-Seine;Versailles;25;92;Nanterre;92050;PAUL ELUARD;REP;48.89341657186662;2.222682130375174;48.89341657186662, 2.222682130375174
2019;0950026M;Ile-de-France;11;Val-d'Oise;Versailles;25;95;Goussainville;95280;MAXIMILIEN DE ROBESPIERRE;REP;49.03241256335687;2.454761114690216;49.03241256335687, 2.454761114690216
2018;0950711G;Ile-de-France;11;Val-d'Oise;Versailles;25;95;Garges-lès-Gonesse;95268;PAUL ELUARD;REP+;48.9769362210965;2.3983489941118723;48.9769362210965, 2.3983489941118723
2015;0950723V;Ile-de-France;11;Val-d'Oise;Versailles;25;95;Sarcelles;95585;JEAN LURCAT;REP+;48.97494224382957;2.379570051801814;48.97494224382957, 2.379570051801814
2017;0950888Z;Ile-de-France;11;Val-d'Oise;Versailles;25;95;Bezons;95063;HENRI WALLON;REP;48.93206006743424;2.2151968413039524;48.93206006743424, 2.2151968413039524
2015;0950934Z;Ile-de-France;11;Val-d'Oise;Versailles;25;95;Persan;95487;GEORGES BRASSENS;REP;49.15482334680485;2.2734415238155288;49.15482334680485, 2.2734415238155288
2015;0951800R;Ile-de-France;11;Val-d'Oise;Versailles;25;95;Montigny-lès-Cormeilles;95424;LOUIS ARAGON;REP;48.995034608465424;2.203997643313393;48.995034608465424, 2.203997643313393
2018;0840716X;Provence-Alpes-Côte d'Azur;93;Vaucluse;Aix-Marseille;02;84;Valréas;84138;VALLIS AERIA;REP;44.387896326262734;5.005314177299518;44.387896326262734, 5.005314177299518
2018;0741165P;Auvergne-Rhône-Alpes;84;Haute-Savoie;Grenoble;08;74;Annemasse;74012;MICHEL SERVET;REP;46.1928508756793;6.237465647547288;46.1928508756793, 6.237465647547288
2015;0331618E;Nouvelle-Aquitaine;75;Gironde;Bordeaux;04;33;Bordeaux;33063;LEONARD LENOIR;REP;44.84153932220803;-0.5538237748046175;44.84153932220803, -0.5538237748046175
2018;0331618E;Nouvelle-Aquitaine;75;Gironde;Bordeaux;04;33;Bordeaux;33063;LEONARD LENOIR;REP;44.84153932220803;-0.5538237748046175;44.84153932220803, -0.5538237748046175
2017;0590190L;Hauts-de-France;32;Nord;Lille;09;59;Roubaix;59512;JEAN-BAPTISTE LEBAS;REP+;50.6810181463498;3.18306554680389;50.6810181463498, 3.18306554680389
2018;0593179K;Hauts-de-France;32;Nord;Lille;09;59;Lille;59350;CLAUDE LEVI STRAUSS;REP;50.631471243283144;3.036736680468459;50.631471243283144, 3.036736680468459
2018;0593486U;Hauts-de-France;32;Nord;Lille;09;59;Fresnes-sur-Escaut;59253;FELICIEN JOLY;REP;50.4370336665568;3.5717958564687904;50.4370336665568, 3.5717958564687904
2019;0594293W;Hauts-de-France;32;Nord;Lille;09;59;Tourcoing;59599;ALBERT ROUSSEL;REP+;50.723101525848385;3.168441695203991;50.723101525848385, 3.168441695203991
2018;0594299C;Hauts-de-France;32;Nord;Lille;09;59;Denain;59172;TURGOT;REP+;50.330725874412636;3.395437553989738;50.330725874412636, 3.395437553989738
2018;0594362W;Hauts-de-France;32;Nord;Lille;09;59;Maubeuge;59392;VAUBAN;REP+;50.27445923497275;3.9417317994370746;50.27445923497275, 3.9417317994370746
2014;0594389A;Hauts-de-France;32;Nord;Lille;09;59;Roubaix;59512;ANNE FRANK;REP+;50.6940448027289;3.1758006508446877;50.6940448027289, 3.1758006508446877
2016;0594389A;Hauts-de-France;32;Nord;Lille;09;59;Roubaix;59512;ANNE FRANK;REP+;50.6940448027289;3.1758006508446877;50.6940448027289, 3.1758006508446877
2016;0594408W;Hauts-de-France;32;Nord;Lille;09;59;Raismes;59491;GERMINAL;REP+;50.3955694812591;3.4816293075127525;50.3955694812591, 3.4816293075127525
2018;0595277R;Hauts-de-France;32;Nord;Lille;09;59;Caudry;59139;JACQUES PREVERT;REP;50.12524216701542;3.421173349740972;50.12524216701542, 3.421173349740972
2017;0597004T;Hauts-de-France;32;Nord;Lille;09;59;Lille;59350;MIRIAM MAKEBA (MOULINS);REP+;50.61837154141253;3.064760508565509;50.61837154141253, 3.064760508565509
2017;0620119T;Hauts-de-France;32;Pas-de-Calais;Lille;09;62;Liévin;62510;PIERRE ET MARIE CURIE;REP;50.43556699877441;2.7557522451170158;50.43556699877441, 2.7557522451170158
2019;0620198D;Hauts-de-France;32;Pas-de-Calais;Lille;09;62;Bruay-la-Buissière;62178;ALBERT CAMUS;REP;50.475474224343714;2.558435030164203;50.475474224343714, 2.558435030164203
2016;0622094P;Hauts-de-France;32;Pas-de-Calais;Lille;09;62;Aire-sur-la-Lys;62014;JEAN JAURES;REP;50.635453031824476;2.400608035658177;50.635453031824476, 2.400608035658177
2018;0622095R;Hauts-de-France;32;Pas-de-Calais;Lille;09;62;Le Portel;62667;JEAN MOULIN;REP;50.708256638880755;1.5845012577566218;50.708256638880755, 1.5845012577566218
2019;0622098U;Hauts-de-France;32;Pas-de-Calais;Lille;09;62;Fouquières-lès-Lens;62351;EMILE ZOLA;REP;50.427735063962416;2.9166223973810306;50.427735063962416, 2.9166223973810306
2018;0622273J;Hauts-de-France;32;Pas-de-Calais;Lille;09;62;Calais;62193;LUCIEN VADEZ;REP+;50.95498796438836;1.8989436522359877;50.95498796438836, 1.8989436522359877
2015;0622420U;Hauts-de-France;32;Pas-de-Calais;Lille;09;62;Avion;62065;PAUL LANGEVIN;REP+;50.39828809948191;2.8385189020338704;50.39828809948191, 2.8385189020338704
2018;0622789V;Hauts-de-France;32;Pas-de-Calais;Lille;09;62;Arras;62041;CHARLES PEGUY;REP;50.30128752249181;2.7505076668006163;50.30128752249181, 2.7505076668006163
2017;0622793Z;Hauts-de-France;32;Pas-de-Calais;Lille;09;62;Billy-Montigny;62133;DAVID MARCELLE;REP;50.41608045307206;2.9210968226409193;50.41608045307206, 2.9210968226409193
2016;0622943M;Hauts-de-France;32;Pas-de-Calais;Lille;09;62;Courcelles-lès-Lens;62249;ADULPHE DELEGORGUE;REP;50.41517287550865;3.0152801884425764;50.41517287550865, 3.0152801884425764
2017;0623018U;Hauts-de-France;32;Pas-de-Calais;Lille;09;62;Oignies;62637;LOUIS PASTEUR;REP;50.47531115412596;2.990668467776574;50.47531115412596, 2.990668467776574
2018;0623314R;Hauts-de-France;32;Pas-de-Calais;Lille;09;62;Bruay-la-Buissière;62178;SIMONE SIGNORET;REP;50.48207734088022;2.547271612850223;50.48207734088022, 2.547271612850223
2016;0623918X;Hauts-de-France;32;Pas-de-Calais;Lille;09;62;Calais;62193;MARTIN LUTHER KING;REP+;50.95239038150301;1.8800993924364584;50.95239038150301, 1.8800993924364584
2018;0623918X;Hauts-de-France;32;Pas-de-Calais;Lille;09;62;Calais;62193;MARTIN LUTHER KING;REP+;50.95239038150301;1.8800993924364584;50.95239038150301, 1.8800993924364584
2016;9740085Z;La Réunion;04;La Réunion;La Réunion;28;974;Les Trois-Bassins;97423;TROIS BASSINS;REP;-21.103810701402086;55.29640828441902;-21.103810701402086, 55.29640828441902
2017;0190635M;Nouvelle-Aquitaine;75;Corrèze;Limoges;22;19;Brive-la-Gaillarde;19031;JEAN MOULIN;REP+;45.15626735822778;1.4938825781595693;45.15626735822778, 1.4938825781595693
2019;0230507B;Nouvelle-Aquitaine;75;Creuse;Limoges;22;23;Bourganeuf;23030;JEAN PICART LE DOUX;REP;45.95327215447841;1.749399447140099;45.95327215447841, 1.749399447140099
2018;0331619F;Nouvelle-Aquitaine;75;Gironde;Bordeaux;04;33;Lormont;33249;GEORGES LAPIERRE;REP+;44.87439740292492;-0.5224067411379382;44.87439740292492, -0.5224067411379382
2016;0520049W;Grand Est;44;Haute-Marne;Reims;19;52;Saint-Dizier;52448;ANNE FRANK;REP+;48.646994215957285;4.968322464337116;48.646994215957285, 4.968322464337116
2017;0520050X;Grand Est;44;Haute-Marne;Reims;19;52;Saint-Dizier;52448;LUIS ORTIZ;REP;48.63874680882137;4.966642346229084;48.63874680882137, 4.966642346229084
2019;0520050X;Grand Est;44;Haute-Marne;Reims;19;52;Saint-Dizier;52448;LUIS ORTIZ;REP;48.63874680882137;4.966642346229084;48.63874680882137, 4.966642346229084
2016;0870791M;Nouvelle-Aquitaine;75;Haute-Vienne;Limoges;22;87;Limoges;87085;ANATOLE FRANCE;REP;45.880315017543715;1.2980833068384146;45.880315017543715, 1.2980833068384146
2019;0870791M;Nouvelle-Aquitaine;75;Haute-Vienne;Limoges;22;87;Limoges;87085;ANATOLE FRANCE;REP;45.880315017543715;1.2980833068384146;45.880315017543715, 1.2980833068384146
2017;0331885V;Nouvelle-Aquitaine;75;Gironde;Bordeaux;04;33;Cenon;33119;JEAN JAURES;REP;44.862885209225176;-0.5166330993847211;44.862885209225176, -0.5166330993847211
2015;0601821D;Hauts-de-France;32;Oise;Amiens;20;60;Villers-Saint-Paul;60684;EMILE LAMBERT;REP;49.2921490830136;2.4906223657773796;49.2921490830136, 2.4906223657773796
2018;0020039G;Hauts-de-France;32;Aisne;Amiens;20;02;Le Nouvion-en-Thiérache;02558;COLBERT QUENTIN;REP;50.01001522140145;3.783744459192513;50.01001522140145, 3.783744459192513
2018;0020055Z;Hauts-de-France;32;Aisne;Amiens;20;02;Saint-Quentin;02691;GABRIEL HANOTAUX;REP;49.86071884832814;3.273621537678239;49.86071884832814, 3.273621537678239
2016;0020067M;Hauts-de-France;32;Aisne;Amiens;20;02;Vervins;02789;CONDORCET;REP;49.83633841188634;3.9137819998649896;49.83633841188634, 3.9137819998649896
2016;0021492L;Hauts-de-France;32;Aisne;Amiens;20;02;Soissons;02722;GERARD PHILIPE;REP+;49.37219655136736;3.3058392298789374;49.37219655136736, 3.3058392298789374
2015;0030119N;Auvergne-Rhône-Alpes;84;Allier;Clermont-Ferrand;06;03;Montluçon;03185;JULES VERNE;REP+;46.34298705679311;2.572362324811446;46.34298705679311, 2.572362324811446
2018;0040055N;Provence-Alpes-Côte d'Azur;93;Alpes-de-Haute-Provence;Aix-Marseille;02;04;Manosque;04112;JEAN GIONO;REP;43.82531251715252;5.776499993006937;43.82531251715252, 5.776499993006937
2018;0060799L;Provence-Alpes-Côte d'Azur;93;Alpes-Maritimes;Nice;23;06;Cannes;06029;LES MURIERS;REP;43.55229699285158;6.966836626503489;43.55229699285158, 6.966836626503489
2018;0061001F;Provence-Alpes-Côte d'Azur;93;Alpes-Maritimes;Nice;23;06;Nice;06088;NUCERA LOUIS;REP+;43.723616833422604;7.289075797273389;43.723616833422604, 7.289075797273389
2019;0061129V;Provence-Alpes-Côte d'Azur;93;Alpes-Maritimes;Nice;23;06;Nice;06088;JULES ROMAINS;REP+;43.67792635308759;7.202085178877933;43.67792635308759, 7.202085178877933
2019;0061131X;Provence-Alpes-Côte d'Azur;93;Alpes-Maritimes;Nice;23;06;Nice;06088;MAURICE JAUBERT;REP+;43.73776984518716;7.299917624320843;43.73776984518716, 7.299917624320843
2018;0061211J;Provence-Alpes-Côte d'Azur;93;Alpes-Maritimes;Nice;23;06;Vallauris;06155;PABLO PICASSO;REP;43.58031470845931;7.056731777062506;43.58031470845931, 7.056731777062506
2017;0080036W;Grand Est;44;Ardennes;Reims;19;08;Nouzonville;08328;JEAN ROGISSART;REP;49.817827897579626;4.74591000737515;49.817827897579626, 4.74591000737515
2015;0080925M;Grand Est;44;Ardennes;Reims;19;08;Charleville-Mézières;08105;LEO LAGRANGE;REP+;49.74429144882049;4.720396699736607;49.74429144882049, 4.720396699736607
2019;0100038M;Grand Est;44;Aube;Reims;19;10;Troyes;10387;LES JACOBINS;REP;48.29606319748688;4.079776955215974;48.29606319748688, 4.079776955215974
2015;0100807Y;Grand Est;44;Aube;Reims;19;10;La Chapelle-Saint-Luc;10081;PIERRE BROSSOLETTE;REP+;48.305258527536495;4.033705039109518;48.305258527536495, 4.033705039109518
2019;0100905E;Grand Est;44;Aube;Reims;19;10;Romilly-sur-Seine;10323;LE NOYER MARCHAND;REP;48.51832691494622;3.7193732390527847;48.51832691494622, 3.7193732390527847
2016;0100947A;Grand Est;44;Aube;Reims;19;10;Troyes;10387;PIERRE ET FRANCOIS PITHOU;REP;48.30754421390066;4.061637592634238;48.30754421390066, 4.061637592634238
2015;0131887F;Provence-Alpes-Côte d'Azur;93;Bouches-du-Rhône;Aix-Marseille;02;13;Marseille 15e  Arrondissement;13215;ELSA TRIOLET;REP+;43.37143648119913;5.355300391983345;43.37143648119913, 5.355300391983345
2016;0131935H;Provence-Alpes-Côte d'Azur;93;Bouches-du-Rhône;Aix-Marseille;02;13;Marseille  3e  Arrondissement;13203;EDGAR QUINET;REP+;43.30694525124522;5.379561803755705;43.30694525124522, 5.379561803755705
2018;0132207D;Provence-Alpes-Côte d'Azur;93;Bouches-du-Rhône;Aix-Marseille;02;13;Marseille 14e  Arrondissement;13214;MASSENET;REP+;43.34236825549508;5.38094224033247;43.34236825549508, 5.38094224033247
2019;0132217P;Provence-Alpes-Côte d'Azur;93;Bouches-du-Rhône;Aix-Marseille;02;13;Orgon;13067;MONT SAUVY;REP;43.7960920994055;5.031266668352428;43.7960920994055, 5.031266668352428
2015;0132314V;Provence-Alpes-Côte d'Azur;93;Bouches-du-Rhône;Aix-Marseille;02;13;Marseille 13e  Arrondissement;13213;JEAN GIONO;REP;43.3307269894162;5.43448881533234;43.3307269894162, 5.43448881533234
2017;0132408X;Provence-Alpes-Côte d'Azur;93;Bouches-du-Rhône;Aix-Marseille;02;13;Marseille 15e  Arrondissement;13215;JULES FERRY;REP+;43.3425610267601;5.356524533524035;43.3425610267601, 5.356524533524035
2017;0132409Y;Provence-Alpes-Côte d'Azur;93;Bouches-du-Rhône;Aix-Marseille;02;13;Istres;13047;ALPHONSE DAUDET;REP;43.49670358205374;4.984209983475312;43.49670358205374, 4.984209983475312
2017;0132428U;Provence-Alpes-Côte d'Azur;93;Bouches-du-Rhône;Aix-Marseille;02;13;Marseille 11e  Arrondissement;13211;AIR BEL;REP;43.290286440882156;5.4300056966885535;43.290286440882156, 5.4300056966885535
2015;0141315D;Normandie;28;Calvados;Caen;05;14;Lisieux;14366;PIERRE SIMON DE LAPLACE;REP;49.144149662772975;0.247455318698348;49.144149662772975, 0.247455318698348
2016;0141315D;Normandie;28;Calvados;Caen;05;14;Lisieux;14366;PIERRE SIMON DE LAPLACE;REP;49.144149662772975;0.247455318698348;49.144149662772975, 0.247455318698348
2019;0141315D;Normandie;28;Calvados;Caen;05;14;Lisieux;14366;PIERRE SIMON DE LAPLACE;REP;49.144149662772975;0.247455318698348;49.144149662772975, 0.247455318698348
2015;0211225T;Bourgogne-Franche-Comté;27;Côte-d'Or;Dijon;07;21;Chenôve;21166;LE CHAPITRE;REP+;47.29561204768497;5.0035174720635744;47.29561204768497, 5.0035174720635744
2015;0250003T;Bourgogne-Franche-Comté;27;Doubs;Besançon;03;25;Audincourt;25031;JEAN BAUHIN;REP;47.47951273663528;6.849091552013118;47.47951273663528, 6.849091552013118
2017;0260978X;Auvergne-Rhône-Alpes;84;Drôme;Grenoble;08;26;Valence;26362;MARCEL PAGNOL;REP;44.94406935795195;4.924562529719764;44.94406935795195, 4.924562529719764
2016;0261086P;Auvergne-Rhône-Alpes;84;Drôme;Grenoble;08;26;Montélimar;26198;EUROPA;REP;44.55758859315047;4.7213033316858635;44.55758859315047, 4.7213033316858635
2019;0261090U;Auvergne-Rhône-Alpes;84;Drôme;Grenoble;08;26;Pierrelatte;26235;GUSTAVE JAUME;REP+;44.3820804565962;4.6985566619672126;44.3820804565962, 4.6985566619672126
2018;0271104D;Normandie;28;Eure;Rouen;21;27;Evreux;27229;HENRI DUNANT;REP;49.02970612580809;1.1743432715053135;49.02970612580809, 1.1743432715053135
2017;0271237Y;Normandie;28;Eure;Rouen;21;27;Evreux;27229;PABLO NERUDA;REP+;49.006953303472834;1.1603240039988747;49.006953303472834, 1.1603240039988747
2017;0300141R;Occitanie;76;Gard;Montpellier;11;30;Nîmes;30189;CONDORCET;REP+;43.82766087022205;4.336147287866047;43.82766087022205, 4.336147287866047
2016;0301282F;Occitanie;76;Gard;Montpellier;11;30;Beaucaire;30032;ELSA TRIOLET;REP;43.810467043086405;4.6220114256398;43.810467043086405, 4.6220114256398
2015;0320584L;Occitanie;76;Gers;Toulouse;16;32;Auch;32013;MARIE SK ODOWSKA-CURIE (D'ARTAGNAN);REP;43.635972233297586;0.596960331102503;43.635972233297586, 0.596960331102503
2018;0331753B;Nouvelle-Aquitaine;75;Gironde;Bordeaux;04;33;Bordeaux;33063;BLANQUI;REP+;44.87392410232151;-0.5504666323294741;44.87392410232151, -0.5504666323294741
2016;0331880P;Nouvelle-Aquitaine;75;Gironde;Bordeaux;04;33;Bègles;33039;PABLO NERUDA;REP;44.79419709420395;-0.5623927165244033;44.79419709420395, -0.5623927165244033
2018;0340109J;Occitanie;76;Hérault;Montpellier;11;34;Montpellier;34172;LES GARRIGUES;REP+;43.642644037735835;3.8170859935499246;43.642644037735835, 3.8170859935499246
2016;0341321B;Occitanie;76;Hérault;Montpellier;11;34;Béziers;34032;KATIA ET MAURICE KRAFFT;REP+;43.3368266574793;3.249577760119835;43.3368266574793, 3.249577760119835
2017;0341321B;Occitanie;76;Hérault;Montpellier;11;34;Béziers;34032;KATIA ET MAURICE KRAFFT;REP+;43.3368266574793;3.249577760119835;43.3368266574793, 3.249577760119835
2019;0382110M;Auvergne-Rhône-Alpes;84;Isère;Grenoble;08;38;Pont-de-Chéruy;38316;LE GRAND CHAMP;REP;45.75803081395993;5.174668821271615;45.75803081395993, 5.174668821271615
2017;0390924T;Bourgogne-Franche-Comté;27;Jura;Besançon;03;39;Saint-Claude;39478;PRE SAINT SAUVEUR;REP;46.37940063688339;5.868673132601631;46.37940063688339, 5.868673132601631
2018;0421452A;Auvergne-Rhône-Alpes;84;Loire;Lyon;10;42;Saint-Etienne;42218;GAMBETTA;REP;45.434077800027296;4.389223650743707;45.434077800027296, 4.389223650743707
2017;0421677V;Auvergne-Rhône-Alpes;84;Loire;Lyon;10;42;Saint-Etienne;42218;CLAUDE FAURIEL;REP;45.44300327916703;4.38757888268251;45.44300327916703, 4.38757888268251
2019;0440284V;Pays de la Loire;52;Loire-Atlantique;Nantes;17;44;Nantes;44109;STENDHAL;REP+;47.26145063380694;-1.569732940833821;47.26145063380694, -1.569732940833821
2016;0440348P;Pays de la Loire;52;Loire-Atlantique;Nantes;17;44;Châteaubriant;44036;LA VILLE AUX ROSES;REP;47.7115926492366;-1.3845765477303777;47.7115926492366, -1.3845765477303777
2015;0440536U;Pays de la Loire;52;Loire-Atlantique;Nantes;17;44;Nantes;44109;SOPHIE GERMAIN;REP+;47.214925766511755;-1.5361600679820884;47.214925766511755, -1.5361600679820884
2016;0441613P;Pays de la Loire;52;Loire-Atlantique;Nantes;17;44;Saint-Nazaire;44184;PIERRE NORANGE;REP+;47.26684217386295;-2.245622396356458;47.26684217386295, -2.245622396356458
2019;0441616T;Pays de la Loire;52;Loire-Atlantique;Nantes;17;44;Trignac;44210;JULIEN LAMBOT;REP;47.30118042819184;-2.1999287150715574;47.30118042819184, -2.1999287150715574
2016;0511256N;Grand Est;44;Marne;Reims;19;51;Vitry-le-François;51649;LES INDES;REP;48.728775722054564;4.580522906320076;48.728775722054564, 4.580522906320076
2018;0530484N;Pays de la Loire;52;Mayenne;Nantes;17;53;Laval;53130;ALAIN GERBAULT;REP+;48.06138756076098;-0.7481131760913879;48.06138756076098, -0.7481131760913879
2015;0572017H;Grand Est;44;Moselle;Nancy-Metz;12;57;Moyeuvre-Grande;57491;JEAN BURGER;REP;49.25361348386031;6.031542222732361;49.25361348386031, 6.031542222732361
2016;0572017H;Grand Est;44;Moselle;Nancy-Metz;12;57;Moyeuvre-Grande;57491;JEAN BURGER;REP;49.25361348386031;6.031542222732361;49.25361348386031, 6.031542222732361
2018;0572180K;Grand Est;44;Moselle;Nancy-Metz;12;57;Forbach;57227;PIERRE ADT;REP+;49.17944243921458;6.89271765627171;49.17944243921458, 6.89271765627171
2016;0572487U;Grand Est;44;Moselle;Nancy-Metz;12;57;L'Hôpital;57336;FRANCOIS RABELAIS;REP;49.1629195731653;6.744415378946826;49.1629195731653, 6.744415378946826
2018;0572491Y;Grand Est;44;Moselle;Nancy-Metz;12;57;Hombourg-Haut;57332;ROBERT SCHUMAN;REP+;49.13890738186971;6.777449906556984;49.13890738186971, 6.777449906556984
2015;0580542Z;Bourgogne-Franche-Comté;27;Nièvre;Dijon;07;58;Nevers;58194;LES LOGES;REP;46.98487234735318;3.1325588706878866;46.98487234735318, 3.1325588706878866
2015;0580599L;Bourgogne-Franche-Comté;27;Nièvre;Dijon;07;58;Nevers;58194;ADAM BILLAUT;REP;47.00647110833798;3.1586051792836987;47.00647110833798, 3.1586051792836987
2019;0640609P;Nouvelle-Aquitaine;75;Pyrénées-Atlantiques;Bordeaux;04;64;Bayonne;64102;ALBERT CAMUS;REP;43.499451901550565;-1.4535052713256427;43.499451901550565, -1.4535052713256427
2018;0671822S;Grand Est;44;Bas-Rhin;Strasbourg;15;67;Bischheim;67043;LAMARTINE;REP;48.61387052227367;7.737823568239101;48.61387052227367, 7.737823568239101
2017;0680084X;Grand Est;44;Haut-Rhin;Strasbourg;15;68;Colmar;68066;MOLIERE;REP+;48.073554759923375;7.328836673422724;48.073554759923375, 7.328836673422724
2018;0680084X;Grand Est;44;Haut-Rhin;Strasbourg;15;68;Colmar;68066;MOLIERE;REP+;48.073554759923375;7.328836673422724;48.073554759923375, 7.328836673422724
2019;0681395X;Grand Est;44;Haut-Rhin;Strasbourg;15;68;Mulhouse;68224;FRANCOIS VILLON;REP+;47.7515702700849;7.311868560445728;47.7515702700849, 7.311868560445728
2019;0690099H;Auvergne-Rhône-Alpes;84;Rhône;Lyon;10;69;Villefranche-sur-Saône;69264;JEAN MOULIN;REP+;45.983144177172896;4.7148976208946936;45.983144177172896, 4.7148976208946936
2015;0691498D;Auvergne-Rhône-Alpes;84;Rhône;Lyon;10;69;Rillieux-la-Pape;69286;MARIA CASARES;REP+;45.81768929664611;4.899690581547433;45.81768929664611, 4.899690581547433
2018;0691645N;Auvergne-Rhône-Alpes;84;Rhône;Lyon;10;69;Villefranche-sur-Saône;69264;FAUBERT;REP;45.99138221737275;4.721831195837468;45.99138221737275, 4.721831195837468
2017;0692159X;Auvergne-Rhône-Alpes;84;Rhône;Lyon;10;69;Rillieux-la-Pape;69286;PAUL-EMILE VICTOR;REP+;45.817496040385485;4.90725345663432;45.817496040385485, 4.90725345663432
2017;0700788B;Bourgogne-Franche-Comté;27;Haute-Saône;Besançon;03;70;Saint-Loup-sur-Semouse;70467;ANDRE MASSON;REP;47.884549253190436;6.2795588519037615;47.884549253190436, 6.2795588519037615
2019;0710534V;Bourgogne-Franche-Comté;27;Saône-et-Loire;Dijon;07;71;Mâcon;71270;ROBERT SCHUMAN;REP;46.319927834942426;4.836662552758503;46.319927834942426, 4.836662552758503
2016;0721224P;Pays de la Loire;52;Sarthe;Nantes;17;72;Allonnes;72003;LE MARIN;REP;47.96392733724327;0.15932837106035438;47.96392733724327, 0.15932837106035438
2017;0760017F;Normandie;28;Seine-Maritime;Rouen;21;76;Canteleu;76157;LE CEDRE;REP;49.44163509236727;1.0285413912543704;49.44163509236727, 1.0285413912543704
2015;0761782Z;Normandie;28;Seine-Maritime;Rouen;21;76;Le Havre;76351;EUGENE VARLIN;REP+;49.51611046547872;0.1715632388758433;49.51611046547872, 0.1715632388758433
2015;0761954L;Normandie;28;Seine-Maritime;Rouen;21;76;Gonfreville-l'Orcher;76305;GUSTAVE COURBET;REP;49.507302017213476;0.23305471421860752;49.507302017213476, 0.23305471421860752
2015;0762128A;Normandie;28;Seine-Maritime;Rouen;21;76;Le Havre;76351;LEO LAGRANGE;REP;49.50186807065949;0.16517192604474898;49.50186807065949, 0.16517192604474898
2018;0771070V;Ile-de-France;11;Seine-et-Marne;Créteil;24;77;Melun;77288;FREDERIC CHOPIN;REP;48.55243324813736;2.6408622210764015;48.55243324813736, 2.6408622210764015
2016;0790027A;Nouvelle-Aquitaine;75;Deux-Sèvres;Poitiers;13;79;Niort;79191;JEAN ZAY;REP;46.31778241401246;-0.4777261248915116;46.31778241401246, -0.4777261248915116
2016;0801264P;Hauts-de-France;32;Somme;Amiens;20;80;Amiens;80021;ROSA PARKS (ETOUVIE);REP+;49.918082523847424;2.2526129792824383;49.918082523847424, 2.2526129792824383
2016;0801341Y;Hauts-de-France;32;Somme;Amiens;20;80;Roye;80685;LOUISE MICHEL;REP;49.706199946668214;2.777824534332099;49.706199946668214, 2.777824534332099
2019;0840761W;Provence-Alpes-Côte d'Azur;93;Vaucluse;Aix-Marseille;02;84;Carpentras;84031;ALPHONSE DAUDET;REP+;44.04873818365949;5.030355340106358;44.04873818365949, 5.030355340106358
2016;0840970Y;Provence-Alpes-Côte d'Azur;93;Vaucluse;Aix-Marseille;02;84;Avignon;84007;GERARD PHILIPE;REP+;43.94366208933906;4.845185449360624;43.94366208933906, 4.845185449360624
2019;0850067L;Pays de la Loire;52;Vendée;Nantes;17;85;Fontenay-le-Comte;85092;ANDRE TIRAQUEAU;REP;46.4631193324006;-0.7787078071032101;46.4631193324006, -0.7787078071032101
2015;0880149J;Grand Est;44;Vosges;Nancy-Metz;12;88;Epinal;88160;SAINT EXUPERY;REP+;48.185798720478864;6.456000415426163;48.185798720478864, 6.456000415426163
2016;0880149J;Grand Est;44;Vosges;Nancy-Metz;12;88;Epinal;88160;SAINT EXUPERY;REP+;48.185798720478864;6.456000415426163;48.185798720478864, 6.456000415426163
2019;0890024T;Bourgogne-Franche-Comté;27;Yonne;Dijon;07;89;Saint-Florentin;89345;MARCEL AYME;REP;48.00107366411931;3.7248371184034577;48.00107366411931, 3.7248371184034577
2015;0930616P;Ile-de-France;11;Seine-Saint-Denis;Créteil;24;93;Clichy-sous-Bois;93014;ROMAIN ROLLAND;REP+;48.905477807692;2.5477754410179747;48.905477807692, 2.5477754410179747
2018;0931184G;Ile-de-France;11;Seine-Saint-Denis;Créteil;24;93;Aubervilliers;93001;JEAN MOULIN;REP+;48.90794499425185;2.3914765741031716;48.90794499425185, 2.3914765741031716
2017;0931186J;Ile-de-France;11;Seine-Saint-Denis;Créteil;24;93;Aubervilliers;93001;DIDEROT;REP;48.916372669440314;2.385547555792195;48.916372669440314, 2.385547555792195
2016;0931211L;Ile-de-France;11;Seine-Saint-Denis;Créteil;24;93;Montreuil;93048;MARAIS DE VILLIERS;REP;48.869498945464485;2.4337996250056544;48.869498945464485, 2.4337996250056544
2015;0931213N;Ile-de-France;11;Seine-Saint-Denis;Créteil;24;93;Montreuil;93048;COLONEL FABIEN;REP;48.87574713825058;2.452868668085811;48.87574713825058, 2.452868668085811
2019;0931226C;Ile-de-France;11;Seine-Saint-Denis;Créteil;24;93;Stains;93072;PABLO NERUDA;REP;48.96339796596268;2.389629814254687;48.96339796596268, 2.389629814254687
2018;0931546A;Ile-de-France;11;Seine-Saint-Denis;Créteil;24;93;Montfermeil;93047;JEAN JAURES;REP;48.89782782415864;2.560430122723383;48.89782782415864, 2.560430122723383
2016;0931860S;Ile-de-France;11;Seine-Saint-Denis;Créteil;24;93;Bondy;93010;BROSSOLETTE;REP;48.90262594300085;2.4884911905172373;48.90262594300085, 2.4884911905172373
2017;0932272P;Ile-de-France;11;Seine-Saint-Denis;Créteil;24;93;Aubervilliers;93001;ROSA LUXEMBURG;REP+;48.91487715211166;2.3744299078797684;48.91487715211166, 2.3744299078797684
2019;0940792A;Ile-de-France;11;Val-de-Marne;Créteil;24;94;Villeneuve-Saint-Georges;94078;JULES FERRY;REP+;48.73208699336739;2.450007650514465;48.73208699336739, 2.450007650514465
2017;0941025D;Ile-de-France;11;Val-de-Marne;Créteil;24;94;Ivry-sur-Seine;94041;GEORGES POLITZER;REP;48.80786344286523;2.3927968519947727;48.80786344286523, 2.3927968519947727
2016;0941478W;Ile-de-France;11;Val-de-Marne;Créteil;24;94;Boissy-Saint-Léger;94004;BLAISE CENDRARS;REP;48.74839234636122;2.5091154586194677;48.74839234636122, 2.5091154586194677
2019;0941478W;Ile-de-France;11;Val-de-Marne;Créteil;24;94;Boissy-Saint-Léger;94004;BLAISE CENDRARS;REP;48.74839234636122;2.5091154586194677;48.74839234636122, 2.5091154586194677
2015;0941781A;Ile-de-France;11;Val-de-Marne;Créteil;24;94;Ivry-sur-Seine;94041;HENRI WALLON;REP;48.814930528118204;2.3808189133454682;48.814930528118204, 2.3808189133454682
2016;6200040Z;Corse;94;Corse-du-Sud;Corse;27;2A;Porto-Vecchio;2A247;LÉON BOUJOT;REP;41.601237849961116;9.271343066636177;41.601237849961116, 9.271343066636177
2018;9710025A;Guadeloupe;01;Guadeloupe;Guadeloupe;32;971;Anse-Bertrand;97102;FERNAND BALIN;REP;16.474248573069456;-61.50613107036801;16.474248573069456, -61.50613107036801
2016;9710710V;Guadeloupe;01;Guadeloupe;Guadeloupe;32;971;Les Abymes;97101;ALEXANDRE ISAAC;REP;16.27885123063387;-61.50644991428947;16.27885123063387, -61.50644991428947
2016;9710938T;Guadeloupe;01;Guadeloupe;Guadeloupe;32;971;Les Abymes;97101;AURÉLIE LAMBOURDE;REP;16.270815993046682;-61.500962275565435;16.270815993046682, -61.500962275565435
2014;9720007A;Martinique;02;Martinique;Martinique;31;972;Fort-de-France;97209;AIME CESAIRE DE FORT-DE-FRANCE;REP+;14.611496649837498;-61.071914909301285;14.611496649837498, -61.071914909301285
2017;9720021R;Martinique;02;Martinique;Martinique;31;972;Saint-Joseph;97224;BELLE ETOILE;REP;14.676934221385956;-61.03596646097219;14.676934221385956, -61.03596646097219
2019;9720021R;Martinique;02;Martinique;Martinique;31;972;Saint-Joseph;97224;BELLE ETOILE;REP;14.676934221385956;-61.03596646097219;14.676934221385956, -61.03596646097219
2016;9720447D;Martinique;02;Martinique;Martinique;31;972;Le Marin;97217;GERARD CAFE;REP;14.471266294635074;-60.862968514055495;14.471266294635074, -60.862968514055495
2018;9720513A;Martinique;02;Martinique;Martinique;31;972;Sainte-Marie;97228;EMMANUEL SALDES;REP+;14.785477139595768;-60.9989930568565;14.785477139595768, -60.9989930568565
2016;9730125Y;Guyane;03;Guyane;Guyane;33;973;Kourou;97304;HENRI AGARANDE;REP+;5.1655165399842025;-52.64361394314634;5.1655165399842025, -52.64361394314634
2015;9730192W;Guyane;03;Guyane;Guyane;33;973;Mana;97306;LEO OTHILY;REP+;5.671095326127401;-53.779319137273006;5.671095326127401, -53.779319137273006
2016;9730370P;Guyane;03;Guyane;Guyane;33;973;Remire-Montjoly;97309;REEBERG NERON;REP+;4.894415080837417;-52.279063458238966;4.894415080837417, -52.279063458238966
2015;9740022F;La Réunion;04;La Réunion;La Réunion;28;974;Sainte-Marie;97418;ADRIEN CERNEAU;REP;-20.895126339271858;55.552644305846776;-20.895126339271858, 55.552644305846776
2015;9740037X;La Réunion;04;La Réunion;La Réunion;28;974;La Plaine-des-Palmistes;97406;GASTON CROCHET;REP;-21.137251329103904;55.627256812899724;-21.137251329103904, 55.627256812899724
2018;9740094J;La Réunion;04;La Réunion;La Réunion;28;974;Sainte-Suzanne;97420;HIPPOLYTE FOUCQUE;REP;-20.902041563275315;55.59914376045121;-20.902041563275315, 55.59914376045121
2015;9740548C;La Réunion;04;La Réunion;La Réunion;28;974;Le Port;97407;EDMOND ALBIUS;REP;-20.933423930772943;55.30325603624638;-20.933423930772943, 55.30325603624638
2017;9740595D;La Réunion;04;La Réunion;La Réunion;28;974;Saint-Denis;97411;JULES REYDELLET;REP;-20.88392513635319;55.446760225596364;-20.88392513635319, 55.446760225596364
2018;9740595D;La Réunion;04;La Réunion;La Réunion;28;974;Saint-Denis;97411;JULES REYDELLET;REP;-20.88392513635319;55.446760225596364;-20.88392513635319, 55.446760225596364
2015;9740620F;La Réunion;04;La Réunion;La Réunion;28;974;Le Tampon;97422;MICHEL DEBRE;REP;-21.217578073671614;55.553972415667666;-21.217578073671614, 55.553972415667666
2019;9740651P;La Réunion;04;La Réunion;La Réunion;28;974;Salazie;97421;AUGUSTE LACAUSSADE;REP;-21.034577255420814;55.533818601218364;-21.034577255420814, 55.533818601218364
2017;9740841W;La Réunion;04;La Réunion;La Réunion;28;974;Saint-Louis;97414;PLATEAU GOYAVES;REP+;-21.27954118583102;55.42000430939853;-21.27954118583102, 55.42000430939853
2018;9741190A;La Réunion;04;La Réunion;La Réunion;28;974;Saint-Paul;97415;DE PLATEAU CAILLOU;REP;-21.020351864256753;55.26660983694418;-21.020351864256753, 55.26660983694418
2016;9760180S;Mayotte;06;Mayotte;Mayotte;43;976;Sada;97616;MARIAMA SALIM (DE SADA);REP;-12.84623856047754;45.10398884992696;-12.84623856047754, 45.10398884992696
2016;9760219J;Mayotte;06;Mayotte;Mayotte;43;976;Mamoudzou;97611;DE M'GOMBANI;REP;-12.780679987606566;45.23170455144827;-12.780679987606566, 45.23170455144827
2015;0180033N;Centre-Val de Loire;24;Cher;Orléans-Tours;18;18;Sancoins;18242;MARGUERITE AUDOUX;REP;46.83492943258112;2.9218655976202235;46.83492943258112, 2.9218655976202235
2019;0280024Z;Centre-Val de Loire;24;Eure-et-Loir;Orléans-Tours;18;28;Vernouillet;28404;MARCEL PAGNOL;REP;48.7272739577147;1.3283425349956817;48.7272739577147, 1.3283425349956817
2019;0280034K;Centre-Val de Loire;24;Eure-et-Loir;Orléans-Tours;18;28;Mainvilliers;28229;JEAN MACE;REP;48.448133158107275;1.461897651913531;48.448133158107275, 1.461897651913531
2015;0280865N;Centre-Val de Loire;24;Eure-et-Loir;Orléans-Tours;18;28;Dreux;28134;LOUIS ARMAND;REP+;48.73835319249141;1.353549589956368;48.73835319249141, 1.353549589956368
2017;0410952M;Centre-Val de Loire;24;Loir-et-Cher;Orléans-Tours;18;41;Blois;41018;FRANCOIS RABELAIS;REP+;47.59447795583979;1.3163813087568494;47.59447795583979, 1.3163813087568494
2018;0931148T;Ile-de-France;11;Seine-Saint-Denis;Créteil;24;93;La Courneuve;93027;GEORGES POLITZER;REP+;48.93077703057477;2.3994601504794164;48.93077703057477, 2.3994601504794164
2016;0940521F;Ile-de-France;11;Val-de-Marne;Créteil;24;94;Créteil;94028;LOUIS PASTEUR;REP;48.78434924334252;2.462168822055753;48.78434924334252, 2.462168822055753
2016;0941231C;Ile-de-France;11;Val-de-Marne;Créteil;24;94;Choisy-le-Roi;94022;HENRI MATISSE;REP;48.759874597767364;2.4096281262319406;48.759874597767364, 2.4096281262319406
2017;0470046V;Nouvelle-Aquitaine;75;Lot-et-Garonne;Bordeaux;04;47;Fumel;47106;JEAN MONNET;REP;44.498657976290374;0.958768668949156;44.498657976290374, 0.958768668949156
2015;0501300S;Normandie;28;Manche;Caen;05;50;Saint-Vaast-la-Hougue;50562;GUILLAUME FOUACE;REP;49.589236205211506;-1.27119995876091;49.589236205211506, -1.27119995876091
2017;0631762Y;Auvergne-Rhône-Alpes;84;Puy-de-Dôme;Clermont-Ferrand;06;63;La Monnerie-le-Montel;63231;DE LA DUROLLE;REP;45.87241951580685;3.5977455693957547;45.87241951580685, 3.5977455693957547
2019;0700786Z;Bourgogne-Franche-Comté;27;Haute-Saône;Besançon;03;70;Vesoul;70550;JACQUES BREL;REP;47.63264042849301;6.1685514150093415;47.63264042849301, 6.1685514150093415
2017;0331895F;Nouvelle-Aquitaine;75;Gironde;Bordeaux;04;33;Lormont;33249;MONTAIGNE;REP+;44.87361365211743;-0.5176515046626512;44.87361365211743, -0.5176515046626512
2016;0590238N;Hauts-de-France;32;Nord;Lille;09;59;Waziers;59654;ROMAIN ROLLAND;REP;50.38602048239937;3.10799200332045;50.38602048239937, 3.10799200332045
2016;0600036N;Hauts-de-France;32;Oise;Amiens;20;60;Nogent-sur-Oise;60463;EDOUARD HERRIOT;REP;49.267760854693826;2.451049890230202;49.267760854693826, 2.451049890230202
2018;0061130W;Provence-Alpes-Côte d'Azur;93;Alpes-Maritimes;Nice;23;06;Carros;06033;PAUL LANGEVIN;REP;43.76870751891086;7.198154760607124;43.76870751891086, 7.198154760607124
2018;0130136C;Provence-Alpes-Côte d'Azur;93;Bouches-du-Rhône;Aix-Marseille;02;13;Marseille  2e  Arrondissement;13202;VIEUX PORT;REP+;43.29650515548216;5.365599591293657;43.29650515548216, 5.365599591293657
2016;0131705H;Provence-Alpes-Côte d'Azur;93;Bouches-du-Rhône;Aix-Marseille;02;13;Berre-l'Etang;13014;FERNAND LEGER;REP;43.488049494784825;5.158740692840738;43.488049494784825, 5.158740692840738
2017;0131884C;Provence-Alpes-Côte d'Azur;93;Bouches-du-Rhône;Aix-Marseille;02;13;Marseille  3e  Arrondissement;13203;BELLE DE MAI;REP+;43.31338111273035;5.386294439790817;43.31338111273035, 5.386294439790817
2019;0131885D;Provence-Alpes-Côte d'Azur;93;Bouches-du-Rhône;Aix-Marseille;02;13;Marseille 15e  Arrondissement;13215;VALLON DES PINS;REP+;43.371399994209604;5.365884347481156;43.371399994209604, 5.365884347481156
2018;0132164G;Provence-Alpes-Côte d'Azur;93;Bouches-du-Rhône;Aix-Marseille;02;13;Septèmes-les-Vallons;13106;LANGEVIN WALLON;REP;43.3862767999242;5.352698984930238;43.3862767999242, 5.352698984930238
2015;0132217P;Provence-Alpes-Côte d'Azur;93;Bouches-du-Rhône;Aix-Marseille;02;13;Orgon;13067;MONT SAUVY;REP;43.7960920994055;5.031266668352428;43.7960920994055, 5.031266668352428
2018;0132217P;Provence-Alpes-Côte d'Azur;93;Bouches-du-Rhône;Aix-Marseille;02;13;Orgon;13067;MONT SAUVY;REP;43.7960920994055;5.031266668352428;43.7960920994055, 5.031266668352428
2018;0132327J;Provence-Alpes-Côte d'Azur;93;Bouches-du-Rhône;Aix-Marseille;02;13;Miramas;13063;MIRAMARIS;REP+;43.59320165356297;5.010470120513064;43.59320165356297, 5.010470120513064
2018;0132428U;Provence-Alpes-Côte d'Azur;93;Bouches-du-Rhône;Aix-Marseille;02;13;Marseille 11e  Arrondissement;13211;AIR BEL;REP;43.290286440882156;5.4300056966885535;43.290286440882156, 5.4300056966885535
2016;0160100X;Nouvelle-Aquitaine;75;Charente;Poitiers;13;16;Soyaux;16374;ROMAIN ROLLAND;REP+;45.64885648253459;0.19017191749505458;45.64885648253459, 0.19017191749505458
2017;0160793A;Nouvelle-Aquitaine;75;Charente;Poitiers;13;16;Terres-de-Haute-Charente;16192;JEAN MICHAUD;REP;45.88722927858473;0.5848772783723833;45.88722927858473, 0.5848772783723833
2018;0240056F;Nouvelle-Aquitaine;75;Dordogne;Bordeaux;04;24;Vergt;24571;DES TROIS VALLEES;REP;45.02534034616135;0.71291836334078;45.02534034616135, 0.71291836334078
2019;0240056F;Nouvelle-Aquitaine;75;Dordogne;Bordeaux;04;24;Vergt;24571;DES TROIS VALLEES;REP;45.02534034616135;0.71291836334078;45.02534034616135, 0.71291836334078
2016;0251209D;Bourgogne-Franche-Comté;27;Doubs;Besançon;03;25;Bethoncourt;25057;ANATOLE FRANCE;REP+;47.53840511352866;6.804008062701719;47.53840511352866, 6.804008062701719
2016;0572587C;Grand Est;44;Moselle;Nancy-Metz;12;57;Sarreguemines;57631;JEAN JAURES;REP;49.1034470433025;7.049037171190424;49.1034470433025, 7.049037171190424
2019;0572587C;Grand Est;44;Moselle;Nancy-Metz;12;57;Sarreguemines;57631;JEAN JAURES;REP;49.1034470433025;7.049037171190424;49.1034470433025, 7.049037171190424
2016;0600018U;Hauts-de-France;32;Oise;Amiens;20;60;Compiègne;60159;GAETAN DENAIN;REP;49.411535771520214;2.819992587665227;49.411535771520214, 2.819992587665227
2016;0670066H;Grand Est;44;Bas-Rhin;Strasbourg;15;67;Schiltigheim;67447;ROUGET DE LISLE;REP;48.60889386260531;7.768346112428024;48.60889386260531, 7.768346112428024
2018;0690076H;Auvergne-Rhône-Alpes;84;Rhône;Lyon;10;69;Pierre-Bénite;69152;MARCEL PAGNOL;REP+;45.69905751361218;4.818770899242259;45.69905751361218, 4.818770899242259
2015;0691664J;Auvergne-Rhône-Alpes;84;Rhône;Lyon;10;69;Villeurbanne;69266;JEAN JAURES;REP;45.75683997114565;4.883419686521346;45.75683997114565, 4.883419686521346
2016;0691673U;Auvergne-Rhône-Alpes;84;Rhône;Lyon;10;69;Oullins;69149;LA CLAVELIERE;REP;45.70991826953932;4.8171069569531815;45.70991826953932, 4.8171069569531815
2018;0691673U;Auvergne-Rhône-Alpes;84;Rhône;Lyon;10;69;Oullins;69149;LA CLAVELIERE;REP;45.70991826953932;4.8171069569531815;45.70991826953932, 4.8171069569531815
2016;0711294W;Bourgogne-Franche-Comté;27;Saône-et-Loire;Dijon;07;71;Autun;71014;DU VALLON;REP;46.96006954450102;4.307666548085999;46.96006954450102, 4.307666548085999
2017;0711294W;Bourgogne-Franche-Comté;27;Saône-et-Loire;Dijon;07;71;Autun;71014;DU VALLON;REP;46.96006954450102;4.307666548085999;46.96006954450102, 4.307666548085999
2018;0711323C;Bourgogne-Franche-Comté;27;Saône-et-Loire;Dijon;07;71;Montcenis;71309;LES EPONTOTS;REP;46.78745430788005;4.418240441015353;46.78745430788005, 4.418240441015353
2019;0711348E;Bourgogne-Franche-Comté;27;Saône-et-Loire;Dijon;07;71;Chalon-sur-Saône;71076;JEAN VILAR;REP;46.801794885374015;4.853275409644558;46.801794885374015, 4.853275409644558
2016;0720001K;Pays de la Loire;52;Sarthe;Nantes;17;72;Allonnes;72003;JOHN KENNEDY;REP;47.96543902201654;0.16267187225549418;47.96543902201654, 0.16267187225549418
2015;0771476L;Ile-de-France;11;Seine-et-Marne;Créteil;24;77;Dammarie-les-Lys;77152;GEORGES POLITZER;REP;48.52140592920995;2.6417260228126995;48.52140592920995, 2.6417260228126995
2017;0772481D;Ile-de-France;11;Seine-et-Marne;Créteil;24;77;Provins;77379;MARIE CURIE;REP;48.54848989706616;3.2963388803714886;48.54848989706616, 3.2963388803714886
2019;0850015E;Pays de la Loire;52;Vendée;Nantes;17;85;L'Ile-d'Yeu;85113;LES SICARDIERES;REP;46.71655063718814;-2.351836664729886;46.71655063718814, -2.351836664729886
2017;0851163C;Pays de la Loire;52;Vendée;Nantes;17;85;La Châtaigneraie;85059;PIERRE MENDES FRANCE;REP;46.65198945998493;-0.7471690342822964;46.65198945998493, -0.7471690342822964
2019;0880149J;Grand Est;44;Vosges;Nancy-Metz;12;88;Epinal;88160;SAINT EXUPERY;REP+;48.185798720478864;6.456000415426163;48.185798720478864, 6.456000415426163
2016;0890977D;Bourgogne-Franche-Comté;27;Yonne;Dijon;07;89;Migennes;89257;JACQUES PREVERT;REP;47.96944641087473;3.505749801639799;47.96944641087473, 3.505749801639799
2015;0930897V;Ile-de-France;11;Seine-Saint-Denis;Créteil;24;93;Sevran;93071;PAUL PAINLEVE;REP+;48.938987974425515;2.5111801328054666;48.938987974425515, 2.5111801328054666
2016;0931186J;Ile-de-France;11;Seine-Saint-Denis;Créteil;24;93;Aubervilliers;93001;DIDEROT;REP;48.916372669440314;2.385547555792195;48.916372669440314, 2.385547555792195
2015;0931188L;Ile-de-France;11;Seine-Saint-Denis;Créteil;24;93;La Courneuve;93027;RAYMOND POINCARE;REP+;48.929472614370944;2.391703841222832;48.929472614370944, 2.391703841222832
2018;0931190N;Ile-de-France;11;Seine-Saint-Denis;Créteil;24;93;Sevran;93071;EVARISTE GALOIS;REP+;48.944038020987506;2.5204706538929478;48.944038020987506, 2.5204706538929478
2019;0931224A;Ile-de-France;11;Seine-Saint-Denis;Créteil;24;93;Pierrefitte-sur-Seine;93059;PABLO NERUDA;REP;48.96900520558446;2.3666350458880605;48.96900520558446, 2.3666350458880605
2017;0931707A;Ile-de-France;11;Seine-Saint-Denis;Créteil;24;93;Montfermeil;93047;PABLO PICASSO;REP;48.89959545083097;2.5780725817817616;48.89959545083097, 2.5780725817817616
2016;9740651P;La Réunion;04;La Réunion;La Réunion;28;974;Salazie;97421;AUGUSTE LACAUSSADE;REP;-21.034577255420814;55.533818601218364;-21.034577255420814, 55.533818601218364
2017;9740651P;La Réunion;04;La Réunion;La Réunion;28;974;Salazie;97421;AUGUSTE LACAUSSADE;REP;-21.034577255420814;55.533818601218364;-21.034577255420814, 55.533818601218364
2017;9741045T;La Réunion;04;La Réunion;La Réunion;28;974;Le Port;97407;TITAN;REP+;-20.942751622332008;55.29099837265944;-20.942751622332008, 55.29099837265944
2015;9741049X;La Réunion;04;La Réunion;La Réunion;28;974;Saint-Pierre;97416;HENRI MATISSE;REP+;-21.300362249653773;55.44781216296305;-21.300362249653773, 55.44781216296305
2018;9741049X;La Réunion;04;La Réunion;La Réunion;28;974;Saint-Pierre;97416;HENRI MATISSE;REP+;-21.300362249653773;55.44781216296305;-21.300362249653773, 55.44781216296305
2016;9741190A;La Réunion;04;La Réunion;La Réunion;28;974;Saint-Paul;97415;DE PLATEAU CAILLOU;REP;-21.020351864256753;55.26660983694418;-21.020351864256753, 55.26660983694418
2019;9760009F;Mayotte;06;Mayotte;Mayotte;43;976;Mamoudzou;97611;NELSON MANDELA;REP+;-12.780616259627076;45.22804397753258;-12.780616259627076, 45.22804397753258
2018;9760119A;Mayotte;06;Mayotte;Mayotte;43;976;Chiconi;97605;ALI HALIDI;REP+;-12.83013686973122;45.11289069359982;-12.83013686973122, 45.11289069359982
2019;9760119A;Mayotte;06;Mayotte;Mayotte;43;976;Chiconi;97605;ALI HALIDI;REP+;-12.83013686973122;45.11289069359982;-12.83013686973122, 45.11289069359982
2018;9760162X;Mayotte;06;Mayotte;Mayotte;43;976;Mamoudzou;97611;DE KAWENI 1;REP+;-12.780679987606566;45.23170455144827;-12.780679987606566, 45.23170455144827
2019;9760167C;Mayotte;06;Mayotte;Mayotte;43;976;M'Tsangamouji;97613;DE M'TSANGAMOUJI;REP;-12.756112058114848;45.08110731877994;-12.756112058114848, 45.08110731877994
2018;9760179R;Mayotte;06;Mayotte;Mayotte;43;976;Bandrele;97603;DE BANDRELE;REP+;-12.908713306912244;45.19442566535277;-12.908713306912244, 45.19442566535277
2019;9760180S;Mayotte;06;Mayotte;Mayotte;43;976;Sada;97616;MARIAMA SALIM;REP;-12.84623856047754;45.10398884992696;-12.84623856047754, 45.10398884992696
2018;9840233F;TOM et Collectivités territoriales;00;Polynésie Française;Polynésie Française;41;987;Faaa;98715;DE HENRI HIRO (FAAA);REP+;;;
2019;0752544H;Ile-de-France;11;Paris;Paris;01;75;Paris 14e  Arrondissement;75114;FRANCOIS VILLON;REP;48.82633823074932;2.3058051533120643;48.82633823074932, 2.3058051533120643
2019;0752606A;Ile-de-France;11;Paris;Paris;01;75;Paris 19e  Arrondissement;75119;GEORGES MELIES;REP;48.88805435292578;2.370501344034427;48.88805435292578, 2.370501344034427
2015;0754355B;Ile-de-France;11;Paris;Paris;01;75;Paris 20e  Arrondissement;75120;ROBERT DOISNEAU;REP;48.8670900790929;2.388027815286084;48.8670900790929, 2.388027815286084
2016;0755095F;Ile-de-France;11;Paris;Paris;01;75;Paris 19e  Arrondissement;75119;EDGAR VARESE;REP;48.88896297617971;2.3886108311627616;48.88896297617971, 2.3886108311627616
2015;0810127Y;Occitanie;76;Tarn;Toulouse;16;81;Mazamet;81163;MARCEL PAGNOL;REP;43.49232759938056;2.368581115529193;43.49232759938056, 2.368581115529193
2015;0180037T;Centre-Val de Loire;24;Cher;Orléans-Tours;18;18;Vierzon;18279;EDOUARD VAILLANT;REP;47.22901280597416;2.0671149566521216;47.22901280597416, 2.0671149566521216
2017;0180766K;Centre-Val de Loire;24;Cher;Orléans-Tours;18;18;Bourges;18033;LE GRAND MEAULNES;REP+;47.09925745215562;2.4118912457535915;47.09925745215562, 2.4118912457535915
2016;0271320N;Normandie;28;Eure;Rouen;21;27;Les Andelys;27016;ROSA PARKS;REP;49.248316108114196;1.4435775069863328;49.248316108114196, 1.4435775069863328
2015;0280034K;Centre-Val de Loire;24;Eure-et-Loir;Orléans-Tours;18;28;Mainvilliers;28229;JEAN MACE;REP;48.448133158107275;1.461897651913531;48.448133158107275, 1.461897651913531
2019;0280656L;Centre-Val de Loire;24;Eure-et-Loir;Orléans-Tours;18;28;Châteaudun;28088;TOMAS DIVI;REP;48.079107307943175;1.3507761722993146;48.079107307943175, 1.3507761722993146
2017;0351762A;Bretagne;53;Ille-et-Vilaine;Rennes;14;35;Saint-Malo;35288;LA DECOUVERTE;REP;48.63818869901566;-1.9959792885538368;48.63818869901566, -1.9959792885538368
2018;0370071B;Centre-Val de Loire;24;Indre-et-Loire;Orléans-Tours;18;37;Joué-lès-Tours;37122;LA RABIERE;REP+;47.346335402662156;0.6683218923736088;47.346335402662156, 0.6683218923736088
2018;0762287Y;Normandie;28;Seine-Maritime;Rouen;21;76;Fécamp;76259;GEORGES CUVIER;REP;49.75768398597076;0.3662971722172709;49.75768398597076, 0.3662971722172709
2016;0921623P;Ile-de-France;11;Hauts-de-Seine;Versailles;25;92;Clichy;92024;JEAN JAURES;REP;48.90666303930971;2.3072864207664914;48.90666303930971, 2.3072864207664914
2015;0941040V;Ile-de-France;11;Val-de-Marne;Créteil;24;94;Choisy-le-Roi;94022;EMILE ZOLA;REP;48.768199454529935;2.4057841110469402;48.768199454529935, 2.4057841110469402
2017;0941044Z;Ile-de-France;11;Val-de-Marne;Créteil;24;94;Orly;94054;ROBERT DESNOS;REP+;48.74716494108484;2.409842544423456;48.74716494108484, 2.409842544423456
2018;0780032L;Ile-de-France;11;Yvelines;Versailles;25;78;Carrières-sous-Poissy;78123;FLORA TRISTAN;REP;48.937944672222265;2.0218178221809495;48.937944672222265, 2.0218178221809495
2016;0780417E;Ile-de-France;11;Yvelines;Versailles;25;78;Mantes-la-Jolie;78361;PAUL CEZANNE;REP+;49.002288507170185;1.6793112816144413;49.002288507170185, 1.6793112816144413
2016;0780577D;Ile-de-France;11;Yvelines;Versailles;25;78;Sartrouville;78586;ROMAIN ROLLAND;REP;48.942830063350186;2.2011733255319017;48.942830063350186, 2.2011733255319017
2018;0910056S;Ile-de-France;11;Essonne;Versailles;25;91;Viry-Châtillon;91687;OLIVIER DE SERRES;REP;48.65643875494793;2.3685082299338918;48.65643875494793, 2.3685082299338918
2017;0911865H;Ile-de-France;11;Essonne;Versailles;25;91;Evry-Courcouronnes;91228;PAUL ELUARD;REP;48.62304584134616;2.4429485467828793;48.62304584134616, 2.4429485467828793
2019;0911865H;Ile-de-France;11;Essonne;Versailles;25;91;Evry-Courcouronnes;91228;PAUL ELUARD;REP;48.62304584134616;2.4429485467828793;48.62304584134616, 2.4429485467828793
2016;0920592U;Ile-de-France;11;Hauts-de-Seine;Versailles;25;92;Colombes;92025;MOULIN JOLY;REP;48.92818035945525;2.2431414753562584;48.92818035945525, 2.2431414753562584
2017;0920882J;Ile-de-France;11;Hauts-de-Seine;Versailles;25;92;Nanterre;92050;VICTOR HUGO;REP;48.893382558312744;2.204628484701878;48.893382558312744, 2.204628484701878
2019;0921180H;Ile-de-France;11;Hauts-de-Seine;Versailles;25;92;Châtenay-Malabry;92019;MASARYK;REP;48.76255272797497;2.263949132983106;48.76255272797497, 2.263949132983106
2015;0921675W;Ile-de-France;11;Hauts-de-Seine;Versailles;25;92;Colombes;92025;MARGUERITE DURAS;REP;48.918126488242166;2.2331613005754223;48.918126488242166, 2.2331613005754223
2017;0220054P;Bretagne;53;Côtes-d'Armor;Rennes;14;22;Saint-Brieuc;22278;JEAN RACINE;REP;48.51009998578219;-2.7504463387125155;48.51009998578219, -2.7504463387125155
2016;0350708E;Bretagne;53;Ille-et-Vilaine;Rennes;14;35;Dol-de-Bretagne;35095;PAUL FEVAL;REP;48.538947132297224;-1.7653987808097409;48.538947132297224, -1.7653987808097409
2019;0350963G;Bretagne;53;Ille-et-Vilaine;Rennes;14;35;Rennes;35238;DES HAUTES OURMES;REP+;48.08946760007525;-1.64941146931163;48.08946760007525, -1.64941146931163
2017;0382104F;Auvergne-Rhône-Alpes;84;Isère;Grenoble;08;38;Villefontaine;38553;LOUIS ARAGON;REP;45.618531236473174;5.1497087694466845;45.618531236473174, 5.1497087694466845
2016;0810126X;Occitanie;76;Tarn;Toulouse;16;81;Mazamet;81163;JEAN-LOUIS ETIENNE;REP;43.5050146298112;2.382168508451101;43.5050146298112, 2.382168508451101
2019;0310086A;Occitanie;76;Haute-Garonne;Toulouse;16;31;Toulouse;31555;GEORGE SAND;REP+;43.58810544764736;1.4087277975725379;43.58810544764736, 1.4087277975725379
2019;0311265G;Occitanie;76;Haute-Garonne;Toulouse;16;31;Toulouse;31555;ROSA PARKS;REP+;43.640540823474176;1.436666843558543;43.640540823474176, 1.436666843558543
2019;0740911N;Auvergne-Rhône-Alpes;84;Haute-Savoie;Grenoble;08;74;Cluses;74081;G ANTHONIOZ DE GAULLE;REP;46.06398201824885;6.574563585342877;46.06398201824885, 6.574563585342877
2017;0750484U;Ile-de-France;11;Paris;Paris;01;75;Paris 19e  Arrondissement;75119;W.A. MOZART;REP;48.88957339062926;2.3793026165909783;48.88957339062926, 2.3793026165909783
2016;0750552T;Ile-de-France;11;Paris;Paris;01;75;Paris 20e  Arrondissement;75120;FRANCOISE DOLTO;REP;48.873957017625486;2.386895966702957;48.873957017625486, 2.386895966702957
2019;0752195D;Ile-de-France;11;Paris;Paris;01;75;Paris 18e  Arrondissement;75118;GERARD PHILIPE;REP;48.89445742948135;2.351938704486713;48.89445742948135, 2.351938704486713
2015;0752196E;Ile-de-France;11;Paris;Paris;01;75;Paris 18e  Arrondissement;75118;MARX DORMOY;REP;48.88849618531902;2.359696353257164;48.88849618531902, 2.359696353257164
2018;0755030K;Ile-de-France;11;Paris;Paris;01;75;Paris 18e  Arrondissement;75118;DANIEL MAYER;REP;48.89315535723955;2.3638739227670578;48.89315535723955, 2.3638739227670578
2015;0755433Y;Ile-de-France;11;Paris;Paris;01;75;Paris 18e  Arrondissement;75118;AIMÉ CÉSAIRE;REP;48.888404995750385;2.362494551374222;48.888404995750385, 2.362494551374222
2016;0180766K;Centre-Val de Loire;24;Cher;Orléans-Tours;18;18;Bourges;18033;LE GRAND MEAULNES;REP+;47.09925745215562;2.4118912457535915;47.09925745215562, 2.4118912457535915
2018;0280865N;Centre-Val de Loire;24;Eure-et-Loir;Orléans-Tours;18;28;Dreux;28134;LOUIS ARMAND;REP+;48.73835319249141;1.353549589956368;48.73835319249141, 1.353549589956368
2019;0280865N;Centre-Val de Loire;24;Eure-et-Loir;Orléans-Tours;18;28;Dreux;28134;LOUIS ARMAND;REP+;48.73835319249141;1.353549589956368;48.73835319249141, 1.353549589956368
2018;0280918W;Centre-Val de Loire;24;Eure-et-Loir;Orléans-Tours;18;28;Châteaudun;28088;ANATOLE FRANCE;REP;48.081228926920254;1.3505958610753224;48.081228926920254, 1.3505958610753224
2018;0351762A;Bretagne;53;Ille-et-Vilaine;Rennes;14;35;Saint-Malo;35288;LA DECOUVERTE;REP;48.63818869901566;-1.9959792885538368;48.63818869901566, -1.9959792885538368
